steering,latent_0,latent_1,latent_2,latent_3,latent_4,latent_5,latent_6,latent_7
0.0918317511677742,-0.5363591,1.3305585,3.6110504,-1.9941807,1.6193669,-4.720529,-0.09443243,-1.8666204
-0.2303095012903213,-1.5837862,3.7209458,0.36435676,-3.5428257,1.4360065,-3.8947277,-2.496052,0.16945744
0.0635166689753532,-1.2367545,-0.23985808,2.6769326,-1.7322557,2.8400927,-3.769853,-0.71760166,-3.1428027
-0.0001757331192493,-4.117577,2.6614792,2.3367198,-4.1106653,2.1494853,0.5989827,1.2719554,-2.529937
-0.0012311208993196,-4.1732807,2.695226,2.3041637,-4.400141,2.25855,0.93256325,1.2181944,-2.669485
0.055257111787796,-0.5705443,0.4576121,4.394001,-2.031899,1.8137728,-4.3620667,-0.012104511,-1.694062
-0.0027866398449987,-2.2517853,1.2934558,1.2929959,-4.3254533,3.0847018,-0.15583126,-2.0238914,-2.9282308
-0.2417219132184982,-2.5435278,2.97215,0.29578558,-4.2991414,1.6004751,-3.791465,-1.9427037,0.7481994
-0.086921826004982,-3.4456697,2.698256,2.604717,-1.0920086,0.53713775,-0.22110866,-2.811558,-1.9680853
0.0440133698284626,-1.1518774,0.19934851,2.6690218,-1.3710655,2.8071823,-4.0057797,-0.57742286,-3.1414526
-0.1392072439193725,-2.7141495,3.6655438,0.211112,-3.3033745,1.6027267,-3.8483953,-1.6155975,0.80339897
-0.0008990517817437,-3.7774527,2.5753436,2.5057783,-4.1722016,1.7158701,0.63370556,0.67103153,-2.2483077
-0.0800166726112365,-2.4981651,2.989832,1.214697,-1.4934323,0.15140033,-2.626914,-4.5557237,-1.9632902
-0.0437281988561153,-4.055353,3.4839787,3.7733874,0.07065986,0.42878535,-0.430094,-2.490469,-2.4606893
-0.1637978851795196,-2.5627315,3.5001514,0.3292804,-3.7253053,1.9604428,-3.5401392,-2.0908632,0.6205158
0.0351454131305217,-1.0789145,0.4251911,3.6608973,-2.2396514,2.362308,-3.4322276,-0.21676856,-2.3917024
-0.0007340727024711,-4.063965,3.1331189,2.5090039,-4.1730375,2.16095,0.72318995,1.3589828,-2.651123
-0.0002640942693687,-4.2323346,2.6898336,2.3472712,-3.97477,2.1739693,0.7684387,1.3877281,-2.7591922
0.065599538385868,-0.62526006,1.0119405,2.9590676,-1.8739192,1.7814479,-4.486964,-0.2294447,-2.1413336
-0.0036464338190853,-2.9447494,3.2017722,0.71025956,-3.1862113,1.6017873,-2.956041,-1.7780184,-0.0546628
0.0972243696451187,-0.56606966,1.1752177,3.1120007,-2.1715326,1.6520704,-4.748253,-0.2353541,-2.2408967
-0.00069582357537,-2.0291545,1.2389443,1.3395901,-4.4721274,3.1843352,0.009276301,-1.9409283,-2.7627976
0.0865105018019676,-0.9287082,0.2556827,3.1330419,-2.004355,2.7241442,-3.3292952,-0.26639795,-2.4948046
-0.1240251138806343,-2.7317798,2.9561455,1.7263631,-1.3322101,0.58887553,-2.1346607,-3.817129,-0.9943196
-0.0417151525616645,-2.4662552,2.7940645,1.5105911,-0.8232431,0.20403641,-1.9855633,-3.9759147,-2.108533
-1.0,-2.2857623,3.1460755,1.3900563,-1.1415141,0.33288947,-2.661471,-4.3334885,-1.7346705
-0.0067800665274262,-2.6141477,3.0894604,1.0695838,-2.3521874,1.2889686,-2.632306,-2.6121774,-0.4737071
0.0003043786855414,-2.453136,0.7941588,-0.091145754,-3.3984072,3.2054718,-1.5580335,-1.9849236,-3.8009799
-0.129727229475975,-2.3798273,3.3299298,-0.23555528,-3.718084,1.5944325,-3.6941848,-1.2468877,0.49612802
-0.1832434386014938,-1.311443,4.6461554,-0.2794877,-2.8135736,3.3094816,-3.6918614,-2.7785447,0.8893038
0.0499553084373474,-0.55903304,1.0648649,5.4114127,-3.181965,1.2300743,-3.439484,0.06710579,-0.72225255
0.1267183721065521,-0.6549021,1.1203254,5.3125634,-3.4055016,1.537427,-3.7847552,0.061701242,-0.81440395
-0.002131450921297,-4.7271624,3.3303273,1.8637853,-3.2066767,1.8428289,0.9462755,0.8592396,-2.892942
0.0739440694451332,-0.77228546,1.2501347,4.0478683,-2.3767338,1.1819278,-4.5863137,-0.038339958,-1.4160725
0.0617468282580375,-2.698616,1.0169163,-0.26312736,-2.260289,2.9395602,-2.065985,-1.2928678,-3.9256046
-0.0696994811296463,-3.1184437,2.571711,2.6774096,-1.7390171,0.6279029,-0.26770914,-2.5214553,-2.129865
-0.0879850387573242,-2.5171764,3.29115,1.893366,-1.2774541,0.21073315,-2.2995045,-3.8634312,-1.107012
-0.0958305075764656,-4.070778,3.5546117,3.5672078,-0.061823264,0.68022597,-0.42542458,-2.9094808,-1.8976576
-0.049445379525423,-3.2585142,2.5834947,2.9774477,-1.4448744,0.49591795,-0.24940695,-2.288936,-2.259532
0.0890727341175079,-0.4691702,0.967207,4.1843624,-2.1245155,1.7964772,-4.481573,-0.490695,-2.0182238
0.2776348292827606,-1.1892947,3.8551073,1.6127523,-1.4944167,0.10404134,-4.078455,-0.30651596,-2.4087763
-0.0001757331192493,-4.115808,2.9582293,2.3671706,-3.7517984,1.9982339,0.83954334,1.241613,-3.0356016
-0.0483434572815895,-4.361858,3.8937383,3.6984177,0.25223887,0.37292147,-0.25107688,-2.199805,-2.3265038
-0.0429481081664562,-2.920868,2.8208215,2.3622434,-1.5161804,0.73563176,-0.85763305,-2.9471192,-1.6879809
0.0412738546729087,-1.9134929,-0.024195828,1.4709585,-0.7610905,3.3168185,-3.7265177,-0.8301378,-3.2481725
0.0411616638302803,-1.2313026,1.0054493,4.8200507,-3.5019004,1.5976427,-2.966141,0.22759944,-1.0767787
0.0042752926237881,-2.6748018,1.1667306,0.29106963,-3.2702022,2.8233736,-0.7039136,-0.92989314,-3.4696906
-0.0029293159022927,-2.2381706,1.3029001,1.4677697,-4.337383,3.6940231,0.058866087,-1.5695186,-2.8466382
0.0143987564370036,-2.375835,1.6666372,0.44877028,-3.8262691,2.4166389,-0.23046485,-1.3110003,-2.810919
-0.0670243203639984,-2.6770196,2.7915134,2.0087032,-1.5702357,0.25449714,-1.7007955,-4.537524,-2.1454096
-0.045836441218853,-3.1761065,3.064981,3.3465254,-0.78756696,0.52493745,-0.3085046,-2.9608963,-2.1769614
-0.0765271261334419,-3.1913145,2.986556,2.8199043,-1.1137469,0.39444646,-0.5246165,-2.053919,-2.2659476
-0.0874985456466674,-2.5805435,3.0802312,1.3385895,-1.2856416,0.4531613,-2.9447534,-4.588948,-1.0895565
-0.0709953904151916,-2.6473553,3.562392,2.087776,0.355935,0.17489399,-1.9380964,-4.118686,-2.087218
-0.0070951813831925,-2.4128654,1.500432,1.6482139,-4.1862764,3.932262,0.010568451,-1.5226669,-3.0598147
-0.0618881732225418,-2.5834024,3.3853924,1.736384,-1.2877787,0.58613473,-2.09693,-3.7841372,-1.3430184
0.0838520973920822,-1.4998866,-0.5109365,1.1908395,0.015760154,3.5503728,-4.2700043,-0.5768479,-3.9961865
-0.1082314997911453,-2.154427,5.3544345,-0.864366,-0.6431025,3.8284404,-2.8853137,-0.23612607,-0.24838191
-0.0812543705105781,-4.161741,3.8054645,3.7354834,0.78468436,0.67140603,-0.2926743,-2.1212363,-2.4456618
-0.1282103955745697,-1.9741533,5.3795676,-1.3660368,-1.7186018,3.732899,-3.6705124,-0.23060888,0.2492227
-0.0733148455619812,-3.6957812,3.4634883,3.0751796,-0.34838617,0.39181748,-0.41534525,-2.2775354,-2.4768107
-0.1168830245733261,-2.4627128,3.0984793,1.1037444,-1.6398779,0.2364012,-2.715154,-4.553947,-1.4777452
0.0583641827106475,-0.543516,0.4093379,4.1819673,-2.4983737,1.8556904,-4.211836,-0.24187784,-1.2219634
-0.0674185454845428,-4.2510905,3.5613465,3.8432848,0.8541985,0.5810529,-0.4541113,-1.9330347,-2.3925426
-0.0673714578151702,-2.4918816,3.2082992,1.454614,-1.4193876,0.33724087,-2.3080597,-4.32457,-1.009841
-0.2318478524684906,-2.3948007,3.414422,-0.6078766,-4.682508,1.5081327,-3.7978117,-1.8486234,0.7546458
-0.1220269203186035,-2.3664968,2.5919755,1.2346101,-1.4432212,0.44488078,-2.142576,-4.703737,-1.6906074
-0.0610791146755218,-2.2328908,3.0145473,1.216672,-1.3869524,0.60842204,-2.4680443,-4.6894083,-1.9846712
-0.2478523850440979,-0.8354614,4.618484,-0.8712239,-3.5594258,3.2905726,-3.858218,-0.9721586,0.62922674
0.0502456203103065,-2.6144884,1.5603327,0.53329426,-4.173194,2.9948506,-0.13036886,-1.1053945,-3.1602073
-0.1568952947854995,-2.9620132,3.6398697,0.10545023,-3.564559,1.4448595,-3.5472937,-1.281923,0.3754757
-0.0395591333508491,-2.5762186,2.9552493,1.6397856,-1.2325774,0.3374597,-2.090555,-4.509118,-1.5841162
-0.038763977587223,-2.4418643,3.3045433,1.8079525,-1.2929288,0.3075605,-1.9730028,-4.1468153,-0.93886584
-0.062466811388731,-4.457613,3.8700664,3.9887962,0.5118746,0.519283,-0.2571479,-1.9391776,-2.295272
-0.1503312736749649,-2.8655047,4.734024,0.890347,1.6493852,2.6021104,-2.6190395,-1.644028,-0.9566585
-0.0014335326850414,-2.0959635,1.2513759,1.116683,-4.4439874,3.2227132,-0.16301265,-1.4610348,-2.946357
-0.0521976016461849,-2.6386502,2.7199528,2.2099948,-1.529348,0.6869052,-1.4541441,-4.0917897,-1.4908239
0.0,-2.4261718,1.1710069,1.4475958,-4.5382457,3.7248354,0.005731739,-1.6680241,-2.8184485
0.0,-2.3718646,1.2784266,1.4813281,-3.9735653,3.4411366,-0.118275724,-1.6011671,-2.9471416
-0.049417957663536,-2.988286,1.7046375,0.59684515,-4.054188,2.181035,0.21665081,-0.9880861,-2.968443
0.0580909699201583,-0.5602027,1.2343929,5.5535836,-2.6075406,1.584045,-3.580701,-0.024450049,-0.93328404
-0.0881618931889534,-3.632533,3.1795988,2.824162,-0.66861594,0.4217864,-0.6776005,-2.4952388,-2.1981902
0.0999935418367385,-1.5118445,-0.6218178,1.6805539,-0.60912365,3.2381172,-4.2053514,-0.6267697,-3.6175647
-0.0006357255624607,-2.4186544,1.2794465,1.6573774,-4.3471336,3.5831966,-0.014332704,-1.9341906,-2.848402
0.0461830496788024,-1.717111,0.07069364,1.7710457,-0.8567786,3.6133518,-3.934778,-0.74625957,-3.6989121
-0.0532366149127483,-3.658295,3.1437867,3.2514107,-0.88899696,0.4878462,-0.02068533,-2.5380955,-2.2381568
-0.000850276031997,-2.3071682,1.4774666,1.4385642,-3.9922028,3.6287258,0.049202584,-1.5112491,-3.1815782
0.0017961612902581,-3.983597,2.8089237,2.4026659,-4.053356,1.9725063,0.61449176,1.1680905,-2.749542
-0.0335774943232536,-2.5853667,2.7127922,2.0006895,-1.0024084,0.24889351,-1.8533704,-4.6438675,-1.9096812
-0.0010249688057228,-2.4503787,1.5024092,1.4356893,-4.352043,3.7490928,-0.021862477,-1.679619,-3.0237079
-0.1560040116310119,-0.7133739,5.437351,-1.105727,-1.4749534,4.5136604,-3.8925405,-0.18886153,0.19243033
0.0751048848032951,-0.6898088,0.8221117,5.0448074,-2.7925339,1.4082642,-4.035203,0.093507245,-0.9897293
0.0006155604496598,-2.5161297,1.1385026,1.2684286,-4.427538,3.5729196,0.05500187,-1.817641,-2.9943376
-0.1645134687423706,-1.8401362,3.8867621,-0.38936493,-3.690454,2.4007337,-4.048462,-1.1967324,1.085756
-0.0572799853980541,-2.328297,2.8876626,1.2309543,-1.2401386,0.6201329,-2.680353,-4.2792993,-1.9064549
0.0445284508168697,-2.0512938,-0.16239348,1.2533363,-0.63368213,3.6148596,-3.9038951,-0.79718804,-4.0107493
0.0426756627857685,-0.65093213,0.9474289,4.976664,-2.605731,1.0462568,-3.819983,-0.11135115,-1.1182097
-0.1872291415929794,-1.025157,5.0961514,-0.53536654,-3.4342997,4.138764,-4.4237647,-0.67570907,1.1246973
0.0872788876295089,-1.4433478,0.04569818,1.7118467,-0.16494909,3.5482776,-4.2372475,-0.7615185,-4.056948
-0.1499107629060745,-2.2323427,3.4422398,0.3019737,-2.9147515,1.7497897,-3.4697232,-1.8700242,-0.22122362
-0.0022804823238402,-4.159423,2.8476968,2.2842565,-4.0116615,1.9352787,0.8060314,1.1757827,-2.7101316
0.0766113251447677,-0.33584857,1.422545,4.625092,-2.7501864,0.7149516,-4.7401166,-0.16581018,-1.1411847
-0.2294347137212753,-1.9262435,4.2351766,0.5457719,-0.37830618,2.2206304,-2.7853575,-3.339395,-0.4059844
0.0,-2.4162323,1.2590632,1.4440382,-4.5541153,3.7157135,-0.04663596,-2.0690792,-2.8668134
-0.0579618476331234,-2.9043005,1.7029465,1.6263256,-2.8529184,2.9101286,0.16705737,-2.1743152,-2.838701
-0.1774749457836151,-1.5448153,4.2606845,-0.50508237,-4.1201124,2.6999552,-4.004027,-1.1611612,1.0871257
0.0008006644784472,-3.028194,1.6647716,-0.63503355,-2.3958154,2.8159132,-1.5938123,-1.7660837,-3.6475792
-0.0348186306655406,-2.5348482,3.0436072,1.2133112,-1.2906735,0.6087928,-2.6700408,-4.503626,-1.6314418
-0.1100609898567199,-2.2861297,3.3143506,1.2191818,-0.48790514,0.4147741,-2.686084,-4.600223,-1.4885353
-0.0898819640278816,-0.981706,5.5663853,-1.3752316,-1.9770986,3.8980544,-3.856893,0.1431621,0.26147565
0.0001757331192493,-2.334276,1.0392249,1.4890479,-4.400419,3.533163,-0.016681716,-1.8452187,-3.1005971
-0.1242361068725586,-4.1085787,3.5643663,3.7163541,0.048461415,0.18764633,-0.37315246,-2.4314027,-2.454719
0.1285849064588546,-2.202131,0.37798247,1.1925403,-0.17264958,3.8569784,-4.262732,-0.6016755,-4.124343
0.0,-4.0672297,2.8200083,2.2504692,-4.1425977,2.0616744,0.8685981,1.4138846,-2.6014793
0.074455589056015,-0.57489896,0.95859325,5.3263974,-2.9281325,1.5894134,-3.6158261,0.13704331,-0.88533545
0.09827221930027,-2.0159502,-0.26205862,1.4379969,-0.41939363,3.250018,-4.232547,-0.5669512,-4.2985053
-0.0370923317968845,-2.6465805,3.2908616,1.2600695,-1.2743309,0.36472237,-2.3732376,-4.285658,-0.96741784
-0.0008705339860171,-2.7301986,0.84279543,0.009746999,-3.1730752,3.3355148,-1.4833578,-2.4734604,-3.829634
-0.0029666628688573,-2.4924324,0.8524015,-0.027436938,-3.242118,3.2001436,-1.5619404,-1.94298,-3.8852866
-0.0778513774275779,-2.4620175,2.9353049,1.463986,-1.1108621,0.13060297,-2.4318318,-4.5988655,-1.9081553
-0.1861562430858612,-1.326661,4.28727,0.124953315,-4.2487397,3.0341082,-3.969731,-1.5682528,1.3570262
0.0921103581786155,-0.44974232,0.8604139,5.061127,-2.303277,1.5174612,-4.451641,0.07173698,-0.8783779
-0.0006754040368832,-2.2137077,1.1926877,1.8436639,-4.370676,3.5523164,-0.12152842,-1.79453,-3.1608233
0.0800458863377571,-0.4563083,1.5475761,4.259669,-2.2465272,1.4231669,-4.735501,-0.19295514,-1.5045822
0.0977058336138725,-0.69854665,1.3499533,3.7113304,-2.1300862,1.6664137,-4.650602,-0.04436764,-1.7789574
0.070585049688816,-0.81267214,1.4492502,4.0629516,-2.6162677,1.2673043,-4.156202,-0.031498846,-1.4207343
-0.0274606496095657,-3.2036908,3.1337974,2.176742,-1.2119852,0.7086593,-0.9521882,-3.2377384,-1.3630279
0.0996458828449249,-1.7630355,-0.2553398,1.3836215,-0.42785102,3.603276,-4.2319956,-0.7529721,-4.0325837
-0.0724020823836326,-3.1299565,3.0179942,2.89548,-0.59733826,0.24285187,-0.579418,-3.4644876,-2.158574
-0.0863873288035392,-4.3246236,3.60067,2.640421,-1.2881682,0.4489317,-0.1426227,-0.7567018,-2.3456206
0.0981060341000557,-0.36830193,1.5144348,4.723519,-2.174652,1.2306033,-4.7834454,-0.011361244,-1.3675593
-0.0537840686738491,-3.8850017,3.2386603,3.559161,-0.460643,0.33566383,-0.24840002,-2.4389424,-2.0704103
0.1259758025407791,-2.1627064,0.48150668,1.5047653,-0.29924765,3.338387,-3.9067423,-0.6239963,-3.185452
-0.0556748919188976,-2.8598588,3.0339317,1.5158,-1.2394047,0.47044832,-1.9773246,-4.109181,-1.1514952
0.0545194596052169,-0.35110593,1.206095,4.38324,-2.571433,1.5610913,-4.219045,0.19502382,-1.4708782
0.0871060341596603,-1.4382111,0.011915356,2.019807,-0.5518801,3.307248,-4.0356784,-0.33907568,-3.9680953
0.0689126178622245,-1.4120545,0.0031290054,1.4412066,-0.55766726,3.1341848,-4.1194706,-0.56532466,-3.325803
-0.0007340727024711,-2.46243,1.3479315,0.73382527,-4.0216265,2.8755445,-0.129288,-1.1084565,-3.011889
-0.0001757331192493,-2.8122134,1.1883569,-0.6185666,-3.1138675,2.7749355,-1.4086311,-1.8533738,-3.7994974
-0.0413637720048427,-3.4776175,2.906077,3.1100507,-1.0281549,0.20521092,-0.38517118,-2.06312,-2.6442802
0.0445461794734001,-0.82155716,1.4059098,5.1884985,-2.690289,1.7543092,-3.6051056,-0.16544849,-1.0930221
0.0873103290796279,-2.1714969,-0.15453689,1.3463438,-0.7252855,3.68391,-3.7533858,-0.8355409,-3.4399755
0.067377932369709,-1.8305858,-0.09246087,1.3152984,-0.71698594,3.477796,-3.4448047,-0.6059201,-3.4004178
-0.0779468193650245,-2.6860108,2.6669633,0.4304946,-1.7619243,0.7895258,-2.4019592,-3.4498425,-2.0842166
-0.058103434741497,-3.1216066,1.9478852,1.2984504,-2.8063776,2.8237715,0.07910575,-2.6776955,-2.8227334
-0.1917922049760818,-1.8004755,4.220911,0.15199183,-3.9003701,2.8289914,-4.031577,-1.4939338,1.2738909
-0.0712932795286178,-2.7851868,3.24561,1.5758855,-1.3682511,0.74194074,-2.4661415,-4.316756,-1.0012631
-0.0376970842480659,-3.1363356,2.5861115,2.4272678,-2.6912374,0.7802598,-0.6048584,-0.79707193,-1.4456145
-0.037694439291954,-4.384127,3.76988,3.6083088,-0.4169719,0.69316447,0.017720886,-1.4032129,-2.1664395
-0.0008705339860171,-2.3540633,1.0696316,1.710211,-4.158901,3.368469,-0.16776924,-1.6446791,-2.9915638
-0.0743832811713218,-2.4507084,3.1129813,1.6412714,-1.4264809,0.55542755,-2.460346,-4.139969,-1.1386081
-0.0507451370358467,-2.6555169,2.6527214,2.3942676,-1.285238,0.19580176,-1.1798469,-3.0237148,-2.231367
0.0585901215672493,-2.197125,0.115752906,1.1971998,-0.95782655,3.426657,-3.518835,-1.0184467,-3.8636043
0.0,-2.550206,1.4207904,1.4131163,-4.0892997,3.6185133,-0.12982285,-1.415535,-3.1565292
-0.0880783572793006,-3.2872083,3.1607175,2.72379,-1.1999671,0.29704362,-0.50553805,-2.6737082,-1.8773491
-0.0381251834332942,-4.143363,3.6117258,3.6761694,0.80128676,0.79530823,-0.19307414,-2.0644474,-2.4386742
-0.0047785234637558,-4.0272985,2.7456741,2.2090125,-4.2103453,2.1611865,0.7102553,1.068429,-2.6039252
0.0879698023200035,-1.5837786,-0.14870362,1.721882,-0.7402958,3.4922152,-4.1066837,-0.4552462,-3.767816
0.0647307634353637,-2.5073845,-0.32218885,1.141954,-0.6244183,3.8297803,-4.0017056,-1.191169,-3.874356
-0.0480596870183944,-2.8471062,2.4861174,0.58287597,-1.7605509,1.0122713,-2.3671749,-2.9112961,-2.06456
0.0640323162078857,-0.49889418,1.5430083,3.2972035,-1.7265168,1.5247934,-4.8555913,-0.5293194,-2.224632
0.2196963727474212,-1.3191149,3.1935923,1.8243828,-0.30876303,0.77258396,-4.1140842,-0.27620536,-3.3880737
-0.0918395817279815,-2.4495525,2.932303,1.2054167,-1.2318047,0.55068785,-2.595518,-4.542432,-1.4729071
-0.1012488156557083,-2.2617702,3.4129944,1.030858,-1.461474,0.46595412,-2.7285755,-4.2825875,-1.5088491
0.0925684124231338,-0.42448157,1.2850271,5.0970173,-2.6987982,1.6662743,-4.313059,-0.043731503,-0.7987488
0.0,-2.6167877,1.1997703,0.07848568,-3.1921706,3.0721421,-1.4939975,-2.4593961,-3.5160236
0.0,-2.8645036,1.4001501,-0.52513003,-2.4845855,2.7927492,-1.2719154,-1.5439367,-3.7805312
0.0705033764243125,-0.9309113,0.21455143,2.7041655,-1.751974,2.7944727,-3.7313182,-0.74132955,-3.0246978
0.1305956244468689,-0.5186854,0.6436921,3.9523854,-1.9274695,2.2044683,-4.2685447,-0.3288198,-1.7600498
0.0947414338588714,-0.6781114,1.061987,4.1720095,-2.1310105,1.4665753,-4.207771,-0.05533051,-1.6913518
0.0883420258760452,-1.6677315,0.02728866,1.5491542,-0.7673441,3.3869815,-4.0540886,-0.8183576,-3.4388664
0.0750006586313247,-1.0512044,0.37150264,2.8446565,-2.2202322,2.8076427,-3.3032322,-0.61253846,-2.7828162
-0.0551123842597007,-3.624854,3.1458871,3.441426,-1.0896215,0.32234153,-0.11099899,-2.0723438,-2.4393795
0.0,-2.374978,1.5017695,1.5334889,-4.0398674,3.6612272,-0.15685497,-1.7732828,-3.232488
0.1201995536684989,-2.2463737,-0.22616482,1.2449828,-0.44260374,3.8264055,-3.864636,-0.7638381,-4.2636876
-0.077878437936306,-3.888752,3.5629075,3.1508052,0.09718928,0.41200185,-0.43744054,-2.7297537,-2.3545246
-0.1505860686302185,-2.5469456,3.9780123,0.98996395,-0.10762041,1.6431342,-2.632687,-2.9505415,-0.9739921
0.0816153734922409,-0.4558165,0.43037224,3.819373,-1.6663369,2.163029,-3.9188313,-0.38857746,-2.0543141
-0.0571848377585411,-2.8782876,2.8089452,2.1809247,-1.7390069,0.6321713,-0.8572116,-3.187803,-1.5853248
0.0701156929135322,-0.4079946,0.50257516,2.782932,-1.5668799,2.2586055,-4.343557,-0.40934032,-3.0342839
0.041200615465641,-0.58066046,1.505215,4.1742415,-2.4515283,1.2825837,-4.2639937,-0.14638668,-1.4604411
-0.0315094403922557,-2.7377787,2.7038944,2.670661,-1.3946604,0.3053417,-0.8012849,-3.4570944,-2.1575878
-0.001016501802951,-2.427461,1.2893325,1.5965986,-4.3437767,3.6662824,0.1674063,-1.8626428,-2.8963876
0.0446993820369243,-1.233285,0.2233201,1.9776984,-1.7060405,2.878497,-3.2248268,-0.6312519,-3.6000366
0.0,-2.3575134,1.2599608,1.3692307,-4.2225957,3.707298,-0.12245661,-1.6173174,-2.9447598
0.0785992890596389,-0.61760694,0.56765574,3.828745,-1.5074756,2.3340034,-4.1706977,-0.41385224,-1.9378511
-0.1505014300346374,-2.0756528,3.9644432,-0.370862,-3.860734,2.130299,-3.8355763,-1.0546796,0.74128646
-0.0020542335696518,-2.5798206,1.4229118,0.83554476,-4.545271,2.8199377,-0.08833115,-0.74351966,-2.6826258
-0.218032419681549,-0.99908215,4.5353518,-0.34850776,-3.7983305,3.5753517,-3.9691792,-1.3048401,1.3291754
-0.0386432148516178,-4.412416,4.016556,3.534861,0.45784932,0.6264914,-0.24009968,-2.1233597,-1.9376376
0.0583761781454086,-1.9883498,-0.09275785,1.1999407,-0.5428428,3.8038266,-3.6303456,-0.65833443,-3.8285816
-0.0954633653163909,-2.4741552,3.3318412,1.2909855,-1.3247257,0.34200498,-2.995056,-4.399043,-1.5501672
-0.0828375369310379,-4.1765637,3.9094713,3.7434783,0.43900168,0.581892,-0.39061868,-2.1197717,-2.5483513
-0.0550487264990806,-2.6056695,3.11781,1.6672726,-1.6168294,0.37134755,-2.0988183,-4.260428,-1.1485429
-0.0042281285859644,-4.185778,2.8947246,2.08249,-3.8420987,2.0222461,0.8559611,1.1636252,-2.92325
-0.1397268027067184,-2.3772602,3.3686798,1.0516539,-1.3154639,0.49953943,-2.868916,-4.571983,-1.6782141
0.141884446144104,-1.3954512,3.8388772,1.3196031,-0.7834744,-0.106124684,-4.1973906,0.1613501,-2.663847
0.0815505608916282,-2.1294196,0.25038946,1.3745852,-0.9966866,3.7693987,-3.6854174,-1.1561581,-3.269203
-0.0708419010043144,-3.2111728,2.5303087,2.5586443,-1.9255167,0.76895887,-0.2699384,-2.6429906,-1.9783407
0.0604509375989437,-0.61692524,1.034953,4.0286293,-2.6106617,1.2496698,-4.4148946,0.05525089,-1.3245398
-0.0894437059760093,-2.426186,2.9687693,1.5121071,-1.260412,0.12106092,-2.5490363,-4.3629117,-1.5872581
0.0,-4.355034,2.9583626,2.1840482,-4.0644445,2.0673707,0.8128841,1.1924891,-2.949653
-0.0441288538277149,-2.8495817,3.6400986,-0.15758148,-2.281155,1.6698717,-3.0822606,-1.513205,-0.6410486
0.0467083938419818,-2.1648793,0.0309501,1.0951533,-0.2901656,3.4379265,-3.893456,-0.40782613,-4.0488486
0.0890066772699356,-1.4291954,-0.09967458,1.5893141,-0.3928833,3.698169,-3.9815214,-0.8014045,-3.3657246
-0.0550248585641384,-2.7034972,3.2508714,1.4771504,-1.7545574,0.66317296,-2.608293,-4.693388,-1.0188994
-0.0436213575303554,-3.3223996,3.119587,2.6992712,-1.3740937,0.2191233,-0.27248737,-2.0735574,-2.4587977
-0.0542303845286369,-2.4618692,3.3461444,1.2299025,-1.1696372,0.47102535,-2.9926019,-4.6896925,-1.5500215
-0.2725073099136352,-1.052231,4.6012087,0.033184204,-4.119543,3.258865,-4.0804462,-2.2337444,1.7174623
-0.0555194318294525,-4.251374,3.7763612,3.7344608,0.57143736,0.4824104,-0.21219486,-1.9354366,-2.5738463
0.0653154924511909,-0.37682635,0.5371175,3.8306265,-1.5404598,2.1194267,-4.3731318,-0.29272124,-1.8630162
0.0852110609412193,-1.1306183,0.14800103,1.6677568,-1.7165694,2.7072093,-3.4046447,-0.61268985,-3.8959508
-0.0457151979207992,-4.3987684,3.5835888,3.733746,-0.11588643,0.6308909,-0.24265067,-2.120935,-2.2280996
-0.0465912073850631,-3.9137526,3.3444707,3.1507716,-0.82146394,0.11534925,-0.3549957,-2.033935,-2.2665973
0.0074123349040746,-3.9255652,2.9369347,2.3228977,-3.9957442,2.4148962,0.75297385,1.351088,-2.855357
0.0836073458194732,-2.2021294,-0.063853905,1.0851947,-0.4364357,3.8049562,-4.004577,-0.6646115,-4.2803154
0.0924373567104339,-2.122701,-0.05279359,1.2701119,-0.25999352,3.7235982,-3.8499095,-0.64614815,-3.3189056
-0.0006155604496598,-2.2107964,1.5156156,1.6655142,-4.1500897,3.1086292,0.060154803,-1.6583381,-2.9680028
0.0679446011781692,-0.44976684,0.7780642,4.953874,-2.6810682,1.6718422,-3.7315466,-0.06463288,-1.375016
-0.046934075653553,-2.3219085,2.9772933,1.4696902,-1.786491,0.85543513,-2.5378232,-4.394045,-1.1295273
0.0746567547321319,-0.4687194,1.4536765,4.96433,-2.7677298,0.9991502,-3.9955566,-0.18292277,-1.138971
0.0,-2.2494032,1.1131907,1.408419,-4.3407097,3.558124,-0.0032151043,-1.7384126,-3.3340304
-0.0356267839670181,-3.125277,2.6975796,2.850508,-1.3339238,0.5003778,-0.11265111,-2.6728594,-1.948456
0.1273688375949859,-0.6780398,0.8384712,4.192455,-2.0963068,2.1508143,-4.3193593,-0.08677824,-1.4555784
0.0578398592770099,-0.27897686,1.2525921,5.023349,-3.6863341,1.1642429,-3.8983302,0.18995053,-1.5832115
-0.0781678706407547,-0.51249653,5.5486746,-1.3233165,-2.3240883,4.4626503,-4.1730385,0.18319525,0.010736972
0.0,-2.4007769,1.2891287,1.4526453,-4.3485956,3.5290003,-0.01079037,-1.9082396,-2.8747566
0.0898773595690727,-1.1432798,0.20170164,1.8640939,-1.6982169,2.7011316,-3.555669,-0.7602102,-3.7415652
-0.1006176695227623,-0.8824287,5.0268135,-1.2513046,-3.5450695,3.4958766,-3.6540506,-0.5027671,0.7463398
0.0825516358017921,-1.4228266,-0.41764382,2.2851028,-0.3689397,3.8168674,-3.8822184,-0.76285845,-3.45777
0.0425589680671691,-1.3206991,0.06321738,1.9946018,-1.994668,2.775781,-3.464473,-0.5644299,-3.6285577
-0.0024236221797764,-2.6217158,1.4209594,0.63620216,-4.2369375,3.1052246,0.019510984,-0.8357722,-3.1527932
-0.1034554466605186,-3.2742174,3.7573853,1.8237154,0.31416932,0.83707625,-1.2200205,-3.1511736,-1.1923891
-0.0243482887744903,-2.8333251,1.4910675,0.6475542,-4.0937643,2.7641187,0.09958781,-0.5669374,-3.1937757
0.0,-2.5379438,1.2049446,1.5195922,-4.2352877,3.3332093,0.064531595,-1.7497292,-3.0076303
-0.0008271976839751,-4.036275,2.8867252,2.3429012,-4.224868,2.4782424,0.7415179,1.3204632,-2.7474637
0.0447252839803695,-0.73967093,0.08349563,2.326244,-1.7017719,2.136711,-4.2763596,-0.41582066,-3.433866
0.0,-2.5101726,1.3582953,1.7774491,-4.214402,3.6610672,0.11603214,-1.967477,-2.8390665
0.0800238251686096,-1.3546382,4.6629925,-0.97071266,-3.5237265,3.1861997,-3.8817275,-0.8733174,0.55357337
0.0008705339860171,-4.161403,2.8849683,2.247884,-4.1875873,2.0005317,0.72644037,1.1791555,-2.5333774
-0.0008006644784472,-2.455893,1.070836,-0.3964061,-3.592321,3.0995948,-1.4654616,-2.3385694,-3.8588076
-0.0921659469604492,-3.704859,3.1853607,3.157415,0.064089596,0.37563494,-0.6351619,-2.3438737,-2.2382026
0.0763623416423797,-2.1084783,-0.27230522,1.1957655,-0.051017866,3.5864553,-4.108582,-0.70502687,-4.2528877
0.0,-4.116728,3.0569887,2.3511102,-3.9975705,2.2351825,0.8514996,1.279015,-2.9120042
0.0799444168806076,-2.305951,-0.18097843,1.1125025,-0.7970555,3.4837554,-3.8066869,-0.7791219,-3.5656164
0.0,-4.2236886,2.50607,2.454417,-3.9126246,2.2878647,0.8206798,1.2361104,-2.5254576
-0.0001757331192493,-4.100147,3.0586143,2.1658785,-3.7976532,2.1729658,0.71452826,1.2735155,-2.9592881
0.0873407498002052,-0.34108627,1.2757933,5.1264334,-2.5368307,0.72382426,-4.324072,0.26504225,-1.2830706
0.044553056359291,-1.7829394,0.028499193,1.6780151,-0.6097284,3.5233753,-3.9379432,-0.616795,-4.1550126
-0.0021597873419523,-2.0147836,1.3525966,1.2433889,-4.326628,3.2069511,-0.09351194,-1.9087031,-2.8475578
0.1273504495620727,-0.4403333,0.6676578,4.9483547,-2.8144355,1.7276464,-4.1708994,0.19249432,-1.231272
-0.0180754922330379,-4.5465846,3.0398717,2.1611753,-3.2005978,1.9718609,0.9034731,1.0237389,-3.002147
-0.0882180705666542,-3.340514,3.2696474,2.7142124,-0.9753536,0.19548446,-0.40532836,-2.3576114,-2.2484179
-0.0762873291969299,-3.8726895,3.4736538,3.581193,-0.10109481,0.8088232,-0.11254916,-2.6902378,-2.3886576
-0.0560340695083141,-3.6426947,3.1980476,3.2278771,-0.6545158,0.6814014,-0.14649196,-3.0614417,-2.2389755
-0.0380063317716121,-2.3196323,2.926874,1.087599,-1.4233644,0.2375405,-2.5452151,-4.6719375,-1.873027
0.0626506432890892,-1.8411816,-0.23537657,1.1697054,-0.5431012,3.984194,-3.8891122,-0.6484214,-4.0351014
-0.0134285865351557,-2.86568,1.3038719,0.7635843,-4.1494865,3.0678313,-0.27028453,-0.6207914,-2.9120784
0.1271325647830963,-0.5549943,1.0717447,2.8053648,-1.8608084,2.0233233,-4.5780916,-0.51158875,-2.6342092
0.0006155604496598,-4.0058284,3.068142,2.178717,-4.0975404,2.0043743,0.69013286,1.5011147,-2.663064
0.0780057311058044,-0.4302893,0.8545291,5.595062,-3.3648643,1.3552518,-3.8558261,0.22860852,-0.67657894
0.0830032750964164,-2.1954458,0.37631902,1.3822162,-0.6894898,3.8956716,-3.5559263,-0.87148476,-3.1097205
-0.0710724368691444,-2.3856516,3.47766,0.6544473,-2.877418,1.9689066,-3.6886592,-2.0613387,0.34493673
0.0877504125237464,-1.5208766,-0.06437299,1.8217546,-0.36378223,3.515449,-4.291918,-0.37848082,-3.9866114
-0.1574688702821731,-2.455891,4.065916,-0.008131814,-3.8268526,2.466789,-4.002131,-1.6948534,1.0857238
-0.1008246392011642,-2.9163604,4.6952806,0.19391085,1.354678,2.4592211,-2.0391183,-1.0394657,-1.9130256
-0.0962750166654586,-3.8368542,4.4698195,2.5687077,2.2895112,1.5273179,-1.6122144,-2.187729,-1.5849181
0.0643353760242462,-0.63470244,1.2523247,5.0365415,-2.8651476,1.4490784,-4.3129644,-0.030480057,-1.2182405
-0.0884947702288627,-4.159861,3.2571352,3.5088537,0.5640915,0.1254183,-0.56682736,-2.6248705,-2.2981768
-0.0739832669496536,-2.3351324,2.844323,1.3147116,-1.2903312,-0.34212676,-2.448858,-4.739706,-1.8484899
0.0477990135550498,-0.5266525,1.171106,4.5510216,-2.2491345,1.2081071,-4.347497,-0.09799139,-1.4442219
0.0,-3.3050919,1.4965737,-0.48545098,-2.685603,2.5436718,-1.6504296,-1.5619116,-3.1366708
0.0699349120259285,-0.74964845,0.85270673,4.3901844,-2.017921,1.6346955,-4.1033077,-0.36733073,-1.5372876
-0.0006357255624607,-4.0658565,2.6788826,2.0983498,-4.125794,2.2330782,0.52204347,1.3920186,-2.5903401
-0.0027875953819602,-2.2283325,1.0818139,1.1742584,-4.2183642,3.4641068,0.072190866,-1.6107901,-2.9389045
0.0,-2.348969,0.89553326,-0.18830737,-3.1160514,3.2345538,-1.7435836,-2.4943354,-3.9493558
-0.0304485447704792,-2.9140646,2.8955266,0.415276,-2.222461,0.82458967,-2.6396077,-2.5861125,-1.4714881
-0.0813779756426811,-2.5458536,3.2305515,1.2821177,-1.212006,0.3626189,-2.7521882,-4.5790772,-1.2739024
-0.2819267213344574,-1.2460426,4.511876,-0.8200643,-3.1575375,3.0555708,-3.9607363,-1.1126502,0.4075173
-0.0060890624299645,-4.388145,2.9119523,2.2050834,-3.7154255,1.8231694,0.7186395,1.3560634,-2.8172693
0.0613355599343776,-1.9625903,-0.13075837,1.2688458,-1.0735819,3.7474658,-3.8087368,-0.9860237,-3.001181
0.093712143599987,-0.4740268,0.6833569,3.7792273,-1.5840639,2.0854194,-4.721071,-0.19863695,-1.9898368
0.0008904489222913,-3.937824,3.1797996,2.2758152,-4.2035956,2.0005856,0.61968434,1.3396207,-2.907247
0.1005071997642517,-1.5200179,-0.11633292,1.5165199,-0.5523515,3.4785187,-4.2256756,-0.90255654,-3.3014872
-0.0655764266848564,-2.244122,2.8666182,1.8925855,-0.88889396,0.2505633,-1.6760563,-4.37247,-1.8910626
0.0018047090852633,-2.8529384,1.3434303,-0.8269303,-2.4241223,3.1434772,-1.4465003,-1.6099186,-3.7785172
0.1019521802663803,-0.65853196,1.2679925,4.8116,-2.5876102,1.0693369,-4.2653246,0.12739629,-1.0902818
-0.049884483218193,-4.398019,3.9763691,3.5062819,0.6468991,0.632649,-0.29640007,-2.21876,-2.1897874
-0.2656651139259338,-0.6265907,5.5247607,-1.6151986,-3.1999192,3.8944225,-4.1709733,-0.00087600946,0.31093723
-0.0886532664299011,-2.5901635,3.2162304,1.906482,-1.3736947,0.5245611,-2.503945,-4.282985,-1.079671
0.0779164731502533,-1.0018723,-0.31315255,2.5709007,-1.3261658,2.7529626,-4.1945972,-0.28719854,-3.0562222
-0.0108499471098184,-2.4080637,1.5475075,1.6984576,-3.8470325,3.666544,0.024892077,-1.5436952,-3.1780717
-0.1481749713420868,-1.756536,5.2194004,-1.1677705,-0.93410766,3.7106783,-3.3568795,0.020114765,-0.49962467
0.0966867879033088,-1.2119477,-0.1822982,2.2263765,-0.5793257,3.2553911,-4.3688064,-0.38510847,-3.504811
0.0442792288959026,-2.0503674,-0.41913128,1.4771669,-0.42101768,3.7165673,-4.1226263,-0.7783057,-4.3767447
-0.3098768293857574,-1.5954959,4.4559293,-0.010605507,-2.395312,2.9863157,-3.3287015,-3.099628,0.73195285
0.1264259815216064,-2.1182654,0.042912606,1.4311689,-0.6849258,3.5207303,-3.8538253,-0.8771924,-3.7470975
-0.0015661754878237,-2.3015501,1.5806633,1.5625908,-4.0285287,3.4888377,-0.03682508,-1.4837029,-2.861965
0.0147673413157463,-2.7748528,1.549938,0.56269884,-4.4315066,2.9886763,-0.11498321,-0.94937855,-3.1599615
-0.21602663397789,-1.7230934,3.791626,0.3810367,-2.8630598,0.61276793,-3.685255,-3.5002003,-0.36224657
-0.1351800411939621,-2.9406826,3.656249,0.43677115,-3.2204463,1.9148952,-3.6504934,-2.0415685,0.6023325
0.063185878098011,-0.35659713,1.2140232,5.1251655,-3.2240648,1.3704793,-4.030618,0.18250793,-1.3494363
-0.17194265127182,-0.8888717,5.555999,-1.5247128,-3.183726,3.0153718,-4.068061,0.3271805,0.28283992
-0.0388093180954456,-3.4207876,3.2616265,3.3915107,-0.64927256,0.11505053,-0.36686647,-2.882734,-2.3406026
0.0006155604496598,-4.238652,2.9271104,2.3858085,-4.465472,2.110728,0.7401486,1.1850288,-2.5929549
0.054763775318861,-0.7252996,0.8376943,5.0557685,-2.8361175,1.5358937,-3.673151,0.07087926,-1.0554107
0.1594356745481491,-1.1910286,3.8390963,1.5535914,-1.5741785,-0.38606125,-3.8591518,0.029244728,-2.9071121
0.0686253309249877,-2.4556715,-0.047344774,1.1855701,-0.8260313,3.5096612,-3.2420058,-1.0310848,-3.0253844
-0.0437020882964134,-2.6419675,2.9385483,2.282895,-1.5134015,0.60782814,-1.6091342,-4.0235877,-1.2114596
-0.2464940845966339,-2.0750709,3.8716602,0.20379403,-3.9040978,1.8136157,-4.0258765,-1.6493369,0.37529686
0.0443175919353961,-0.59460413,1.345517,5.127782,-2.6378827,1.5654403,-4.192166,-0.11466878,-0.8446267
0.0913667678833007,-1.0130441,-0.04434584,2.3838644,-0.9700148,3.3181186,-4.2665486,-0.5533903,-3.392874
-0.0189670547842979,-2.6074133,3.4314346,2.5708482,-0.10686801,0.019935437,-0.93467593,-3.7198534,-1.8760452
0.0,-2.4333656,1.3507183,1.5269353,-4.4713874,3.5737755,-0.013962254,-1.9115618,-2.9691026
0.045789074152708,-1.0619406,0.16388553,1.9021167,-1.7507511,2.6794806,-3.3383408,-0.74347395,-3.4937878
0.0605182610452175,-0.4559429,1.3959341,5.0105352,-2.548541,1.6718323,-3.6873093,-0.3948026,-1.0445698
0.0436003617942333,-2.0014832,-0.29373914,1.3103446,-0.4244044,3.6935105,-3.739743,-0.4291702,-4.313177
-0.0839025452733039,-1.9384753,3.2389815,1.2709298,-1.5897629,-0.005419761,-2.7076297,-4.8196096,-1.7998918
-0.0625210329890251,-2.398473,2.9456751,1.5848999,-1.4808534,0.3358354,-2.0306761,-4.278511,-2.0938256
0.0,-2.722401,0.9961718,-0.43841594,-3.2230086,3.2612128,-1.4882296,-2.611853,-3.676849
0.1293807327747345,-1.8409784,-0.30468273,1.7039752,-0.6068126,3.4502354,-3.653357,-0.8370052,-3.5243444
0.0052545964717864,-2.7765527,1.7679862,-0.7078739,-2.7166195,2.9490805,-1.2656556,-1.7954453,-3.484796
-0.0523791313171386,-3.8626907,3.5194159,3.447649,-0.05586353,0.70160276,-0.16053778,-2.5633588,-2.3808308
0.0,-4.0000052,2.7654176,2.2472777,-4.169842,2.167785,0.6885157,1.1488433,-2.6168814
0.1016056761145591,-1.1640635,-0.06135124,1.8492731,-0.6228395,3.2584357,-4.136394,-0.523198,-3.7286081
0.0406398400664329,-2.2900243,-0.13778076,1.2078723,-0.48425582,3.3332667,-4.142198,-0.49667776,-4.082322
-0.0385818853974342,-2.8250704,3.1877255,0.56647235,-2.737882,1.7495549,-3.052955,-1.9945105,-0.30963013
0.1285234689712524,-0.42125368,0.99511003,4.8778977,-3.087758,1.0140771,-4.2781925,-0.11036198,-1.318412
0.05311144515872,-0.7271345,0.98261875,4.81181,-2.425968,1.9890959,-4.154462,-0.1779363,-1.013301
0.0615773722529411,-1.4234502,-0.119408436,1.85858,-0.2676341,3.6111507,-4.008975,-0.69661784,-4.021037
0.0747386664152145,-0.35988408,0.74391234,5.0171614,-2.9445436,1.2811095,-3.9581516,0.007851047,-0.9941919
-0.069654107093811,-2.8354204,3.2464392,1.8433944,-0.99083966,0.05863665,-1.1886883,-4.2708597,-1.9114871
-0.0618191882967948,-3.2199259,3.7763941,2.6639981,-0.3397221,0.3966263,-1.0634592,-3.5648108,-1.9270046
0.0275029297918081,-2.7905648,1.6527622,-0.6321684,-2.9887614,2.6167467,-1.3637668,-1.805027,-3.8269413
-0.0499395914375782,-3.0244622,3.425033,2.3362079,-1.4563744,0.6009052,-1.2907723,-3.5943873,-1.2529595
0.0584611892700195,-2.1689467,0.03566119,1.1568029,-1.3866324,3.7377634,-3.7612152,-0.7642662,-2.9925752
0.011795044876635,-2.8226335,1.4253631,0.39689228,-3.845602,2.6948571,-0.05635879,-1.117555,-3.0551274
-0.0956769436597824,-2.2102947,3.1201806,1.4436058,-1.2810335,0.6673594,-2.5042784,-4.5303254,-1.7581753
-0.0526570305228233,-2.3314993,3.3013556,0.9725414,-1.0270996,0.20073983,-2.8720715,-4.5371594,-1.3794125
-0.1685581654310226,-2.4615407,3.3096538,-0.2513482,-3.426927,1.3629457,-3.951989,-1.1388359,0.28883827
-0.0039892885833978,-2.7689795,1.7997303,0.71868634,-4.167502,2.7489636,-0.023252103,-0.95179033,-3.085512
0.0697498023509979,-0.65922433,0.38632733,2.4101431,-1.9244933,2.1226525,-4.250626,-0.38612723,-2.9183342
0.0001757331192493,-2.3006837,1.2700996,1.5129186,-4.2772245,3.5701413,-0.13596372,-2.0516675,-3.3323376
-0.0559562817215919,-2.4791942,2.9631114,1.2753342,-0.841303,0.4655063,-2.7367396,-4.3702345,-1.7290275
0.0,-4.0566335,2.7953467,2.1663623,-4.182121,1.9946941,0.661996,1.4501475,-2.7407682
-0.0524552874267101,-4.1367507,3.211887,3.6093316,-0.006445721,0.31875396,-0.1212745,-2.4196105,-2.630438
-0.0897101610898971,-3.6500847,3.4290278,3.2695978,0.24472784,0.0685243,-0.577283,-3.100705,-1.9727582
-0.0270957797765731,-2.542674,3.3533895,1.074408,-0.85392755,0.42255384,-2.5838022,-4.2792897,-1.579113
0.0,-2.3429809,1.2911397,1.2149594,-4.1264687,3.496588,0.14326541,-1.694375,-3.1457288
-0.0320031195878982,-2.5489724,3.3922386,1.4857424,-1.616087,0.41041845,-2.722516,-4.4633303,-1.0604669
-0.0024108851794153,-2.0666666,1.5228024,1.1900066,-4.323678,3.3021474,0.0116788745,-1.7863814,-3.0971172
-0.0501966327428817,-4.1134515,3.1645162,3.415053,-0.38705683,0.38037503,-0.30804312,-2.030043,-2.1058888
-0.0727971494197845,-3.4374037,3.0264373,3.4399803,-0.2985074,0.20203817,-0.4378441,-3.2773783,-2.3576422
0.0647989138960838,-2.1314867,-0.41683492,0.82710063,-1.0834366,3.5862255,-3.4011395,-0.9695256,-4.0463424
0.0712975487112999,-1.3937474,-0.33767897,1.8299085,-0.8161668,3.6576977,-3.7828588,-0.45914468,-3.7077377
0.0,-4.1944113,2.94599,2.1987042,-4.209656,1.9375957,0.82511246,1.0782421,-2.7677734
-0.0022447565570473,-2.3419785,1.1935649,1.4998623,-4.3029394,3.6375976,0.17081961,-1.7887826,-3.1392925
0.0465600155293941,-2.0389547,-0.02457922,1.2887263,-0.8367191,3.8609817,-3.5318832,-0.6977505,-3.082323
-0.037175677716732,-2.3043096,2.9928854,1.6374241,-1.2682879,0.38221073,-2.275592,-4.615423,-1.968985
-0.0011981634888797,-4.0465717,2.9310107,2.2481048,-3.9510486,1.9493874,0.85840076,1.2959934,-2.851483
-0.0895631983876228,-4.233213,3.7562613,3.0923834,0.2675697,0.3242064,-0.5117992,-2.1250472,-2.367903
-0.0005389827420003,-2.379022,1.5739725,1.6145062,-4.0727153,3.5405996,-0.045148145,-1.6964154,-3.0056543
-0.1456137150526046,-2.2453713,4.9059424,-0.87618953,-0.70295787,3.2673793,-3.1807373,-0.11135465,-0.30283785
-0.0864526107907295,-2.2357059,2.8909087,1.3079952,-1.4266733,-0.01085715,-2.4195406,-4.550432,-1.6690673
0.0524852648377418,-0.7517181,1.1378204,5.346061,-3.1214793,1.3506014,-3.4549365,0.5880917,-1.1541219
0.074053518474102,-1.5725557,-0.5660087,1.6932955,-0.96348816,3.4367857,-3.7678654,-0.6604161,-4.2648964
-0.1566717475652694,-1.3821471,4.79909,-0.07877007,-1.4058796,2.9214973,-3.5467458,-2.707194,0.17011741
0.0437881797552108,-0.680491,0.6075325,3.0086453,-1.4980175,1.9430388,-4.570895,-0.43852696,-2.602741
0.0,-2.6221664,1.4696684,1.7136314,-4.380183,3.5792816,0.0933612,-1.7926648,-3.0726564
-0.0491048134863376,-2.735348,3.510228,-0.40199345,-2.9575236,2.243412,-2.7373466,-1.2409027,-0.34925842
-0.0359952561557292,-3.923518,3.382964,3.4586828,0.11098869,0.35533875,-0.29870734,-2.6809633,-2.106816
0.1013296917080879,-1.5583688,-0.056586284,1.8272554,-0.11755133,3.377342,-4.341262,-0.4851833,-3.793943
0.0,-2.5508993,1.345999,1.3255595,-4.2806115,3.3894036,0.044195145,-1.8112396,-3.3844807
0.0720766261219978,-1.9604133,0.017496087,1.0795002,-0.032331884,4.0216045,-3.8667288,-0.7764738,-4.418505
-0.0950587391853332,-3.5026007,2.9632618,2.9528017,-0.3638733,0.09239689,-0.48008284,-2.3510792,-2.5072937
-0.042545560747385,-3.3973558,2.3562684,2.300064,-2.7367172,0.45821294,-0.56078064,-0.97815615,-1.4164484
-0.0965475440025329,-2.8326147,2.7827544,2.2677188,-2.6462893,0.86987364,-0.531475,-1.8594072,-1.4651948
0.0,-2.4453375,1.1317934,1.3888258,-4.582805,3.4716134,0.16775876,-1.7571989,-2.8036127
0.0871834382414817,-1.7966243,-0.2220521,1.2457973,-0.6453331,4.030144,-4.1022024,-0.6093879,-4.0302787
0.0,-2.3726523,1.19208,1.4780285,-4.3931684,3.907977,-0.038672753,-1.8573297,-2.8889706
0.0605064332485199,-0.7892722,0.41964516,2.3365264,-2.1071787,1.9457158,-4.085804,-0.38062158,-2.8938513
0.0795472487807273,-2.3170595,-0.098165266,0.7765805,-0.77248895,3.9258637,-3.7664554,-0.851576,-4.237065
-0.1219599619507789,-4.0000405,3.590898,3.6806226,0.38896403,0.69572026,-0.29826677,-2.439916,-2.2718053
-0.0842756703495979,-2.605048,3.234421,1.4772152,-1.1660689,0.6320921,-2.8836935,-4.611892,-1.1361547
-0.0469918698072433,-2.3713808,2.8774934,1.3154038,-1.3141049,0.35146904,-2.7035432,-4.6213207,-1.8961662
-0.0521344318985939,-2.2534692,2.8323162,1.3741521,-0.8386987,0.340606,-2.7645788,-4.3137126,-1.8716727
0.0504906140267849,-1.7396022,0.07151419,1.3209738,-0.63366055,3.693087,-3.7667916,-0.46502435,-4.2774324
-0.0020146190654486,-2.4078817,1.7715371,1.7752455,-3.9637473,2.7716293,-0.4995012,-1.4734863,-2.0485508
-0.2089821249246597,-1.9456992,3.4566503,-0.3964735,-3.853956,1.3967483,-3.7870002,-0.9191966,0.5017054
-0.0602498091757297,-3.5720391,3.354177,3.4763174,-0.45399326,0.5822553,-0.31804347,-2.6938152,-2.291577
-0.0831509530544281,-2.6343575,3.2678204,1.5131464,-1.4880214,0.7465323,-2.6280353,-4.4047313,-0.8714509
0.0736389607191085,-1.066965,-0.048283685,1.6641668,-0.7045241,3.4762125,-3.9295552,-0.84311086,-3.6779003
-0.1202962547540664,-1.5341015,5.0103183,-1.2653848,-2.2737272,3.941054,-3.6041083,-0.25770405,0.34973645
0.0103999488055706,-2.7790956,1.6980445,-0.6281075,-3.2118487,2.3314292,-1.2466965,-1.9912542,-3.4023175
-0.0892886221408844,-2.3246436,3.2928987,1.1470656,-1.3675836,0.3387199,-2.5189538,-4.59925,-1.4601792
-0.032050285488367,-4.3837132,3.5437002,3.4838324,0.423094,0.90287507,-0.28653726,-2.3486285,-2.2327816
-0.1859641671180725,-1.153101,5.4198003,-1.8382982,-3.2275934,3.2879052,-3.8569767,0.0013925135,0.6519066
-0.0017473589396104,-2.831798,1.414572,0.4172787,-4.198368,2.81919,-0.12569872,-1.0101019,-2.9760637
0.051564909517765,-1.1285824,0.07307963,2.8110502,-1.865696,2.6920457,-2.985094,-0.4970921,-3.115036
0.0478036738932132,-1.7783229,-0.24044868,1.8875097,-1.0312327,3.6877606,-4.0521803,-0.8233796,-3.6852982
0.054679587483406,-0.8199536,0.31103808,2.3892038,-1.7877047,2.24074,-4.128034,-0.7717829,-3.2850533
-0.041853442788124,-3.9763792,3.209036,3.4233797,-0.6643256,0.3399402,-0.44903305,-2.0380402,-2.2438302
0.0692161619663238,-2.0305517,-0.25161034,1.2558036,-0.7273376,4.1800084,-3.79949,-0.9922901,-4.2146397
-0.0083999261260032,-2.525377,2.7294965,1.0293443,-2.5775526,1.0864943,-2.9661176,-2.4620998,-0.31868172
-0.0151514569297432,-4.6360264,4.652725,2.9373033,1.9123944,0.7966293,-0.9595649,-2.1096504,-1.6871821
-0.0889371111989021,-2.61773,3.3609555,1.8041964,-1.2765133,0.57805777,-2.5024526,-4.0721025,-1.0293896
0.1747374832630157,-1.639107,3.6510696,1.4219385,-0.6512925,-0.6283742,-4.2158866,0.6354964,-2.6502576
0.1028170511126518,-0.648839,0.62132615,4.1961784,-1.9060258,1.5383321,-4.417667,-0.17489883,-1.4156537
-0.0003514662384986,-2.8125753,1.3326603,-0.84846234,-2.7811282,2.9240243,-1.2420597,-1.8270353,-3.6321316
-0.0474401973187923,-3.3064957,3.5547516,3.4345517,-0.3766653,-0.06628372,-0.25555864,-2.7594962,-2.401569
0.0405348055064678,-1.05047,1.2671539,5.0009747,-3.6413355,1.5715404,-2.7800756,0.1917693,-1.4832855
0.0887976288795471,-2.108663,-0.24508289,1.1566179,-0.3126089,3.8378043,-4.0659275,-0.71858376,-4.092429
0.184285432100296,-0.85413665,4.1579843,1.8268579,-1.5773299,-0.77957225,-4.0009975,-0.34247085,-2.9128451
0.0001757331192493,-2.3897207,1.3056004,1.4865636,-3.980156,3.4524784,-0.011406556,-1.4062284,-3.2778888
-0.1227155476808548,-2.180306,2.9977727,1.7763497,-1.1575313,0.48161584,-2.1788635,-4.190444,-1.7764046
-0.0003734856727533,-3.965659,2.6976838,2.1118438,-4.4256945,2.4530876,0.49630487,1.170804,-2.9966705
-0.1431901901960373,-2.2679203,5.08411,-0.85621494,-1.5388211,3.9875624,-3.2335775,-0.25848308,0.4264298
0.0449967347085475,-0.46228796,1.0811511,5.0975084,-3.0940294,1.272552,-4.304972,-0.15354636,-1.4233146
0.0905415564775466,-2.2155483,0.19487739,0.9754878,-0.5336518,3.5986311,-3.76468,-0.7513907,-4.1241264
-0.171256348490715,-1.6215574,4.4361186,-0.61540186,-4.126125,2.526275,-4.0746765,-0.9817737,1.0141004
-0.122754693031311,-2.2469268,2.9054227,1.2576163,-1.3411894,0.17516112,-2.4136899,-4.684836,-1.7235385
0.0825801938772201,-0.79248506,1.2230058,4.0098424,-2.443334,1.4842026,-4.3539777,0.016079452,-1.3954012
0.0,-4.192742,2.8002653,2.2829115,-4.288713,1.9911289,0.64080006,1.1383307,-3.0598748
0.0905505940318107,-0.31196052,1.2647878,4.911894,-2.58339,0.9901089,-4.428115,0.18459515,-1.1919377
-0.0709947422146797,-4.0990663,3.6690361,3.715436,0.47125196,0.514639,-0.39453572,-2.420488,-2.290908
0.1009010896086692,-2.2908776,-0.023219842,1.2971475,-0.9099484,3.6575778,-4.3542786,-0.6739395,-3.7892346
-0.0722923725843429,-2.675427,4.9587812,-0.3508598,0.31106627,2.436376,-2.8319788,-0.8091525,-0.7880663
0.0863301530480384,-0.36868626,1.0743566,5.3850207,-2.7415404,1.4925165,-4.2090077,0.12889048,-0.92344135
0.0539667271077632,-0.67109656,0.26340342,2.2281854,-1.9293333,2.184429,-4.0532336,-0.13095409,-3.2116985
0.0540108494460582,-0.42857867,1.0252911,5.051291,-2.944741,2.063665,-3.7962635,0.079410836,-1.0942563
0.0918236374855041,-0.71860933,0.5162559,3.8772879,-2.0202475,2.0712621,-4.0531135,-0.40875375,-2.0815034
-0.0906431674957275,-2.51294,3.2089818,1.0886347,-1.3159891,0.3565315,-2.3860118,-4.7471523,-1.3408351
0.0,-2.385932,1.0615708,1.4911742,-4.5588264,3.318644,0.014869425,-1.8005883,-2.8652914
-0.0504434518516063,-3.7352123,3.262323,3.268756,-0.8371353,0.47416544,-0.2706726,-1.736538,-2.3374825
-0.248490035533905,-1.746091,4.0294414,-0.48546964,-3.9838836,2.389598,-4.209594,-0.9090424,0.9119021
-0.0003111817932222,-2.7873785,0.946401,-0.2449975,-3.6008132,3.370315,-1.6775635,-2.2245553,-3.7933168
0.0,-4.2293653,2.7312708,2.5472307,-4.2313166,2.2249103,0.7957906,1.2469064,-2.6549945
0.0983981415629386,-0.5112726,1.1064467,4.764595,-3.1722553,1.2754446,-4.359589,-0.12013823,-0.7899466
-0.055474754422903,-3.1199126,1.8042806,-0.19231401,-2.051224,1.5613966,-1.9864699,-2.3730593,-2.828281
0.0832996666431427,-0.48890448,1.3048729,4.4928937,-2.6519644,1.0232229,-4.7864265,0.001718957,-1.181214
-0.0949282348155975,-3.498675,4.071375,1.3319755,0.8039712,1.6256073,-0.9546615,-1.1674201,-2.4520755
0.0920919701457023,-2.2441013,-0.1529147,1.3434477,-0.7028511,3.4313867,-3.930647,-0.5951371,-3.8093824
-0.0028208529110997,-2.232234,1.2312149,1.630525,-4.193211,3.4838264,-0.024440464,-1.7174195,-3.050505
-0.1188946440815925,-4.341754,3.78665,4.0040717,0.47136262,0.66819084,-0.17705548,-2.3241847,-2.0939758
0.0993765741586685,-2.0443492,-0.06869309,1.1065606,-0.5362289,3.7170656,-4.377112,-0.7367246,-3.8617446
0.106374055147171,-1.7354527,1.5353215,1.4792014,-0.025608093,1.8682764,-4.182314,-0.18593755,-3.7413008
0.0766330733895301,-1.9333171,0.021964267,1.5522279,-0.9534546,3.8534403,-3.6719136,-1.0342088,-3.3373008
-0.0017926810542121,-2.5406542,1.4164919,0.73717386,-4.2364187,2.8057513,-0.056533128,-0.9736548,-3.1054678
-0.0004398273595143,-2.973513,1.7245191,0.14976344,-2.2154098,2.1261804,-2.055974,-2.1366796,-3.3160677
0.1282272189855575,-0.5237715,1.2088746,5.0364337,-2.9281037,1.2297326,-4.11572,-0.05694646,-1.00779
-0.1202978193759918,-2.512777,3.0673232,1.3763638,-1.6186188,0.64210016,-2.8322895,-4.2724566,-1.2838167
-0.0004398273595143,-4.347246,2.8402486,2.3540883,-4.095508,2.278013,0.7778868,1.0133336,-2.5743084
-0.0918181538581848,-2.3857646,3.4169188,1.5866902,-1.7687404,0.33059764,-2.992168,-4.4424977,-1.1822364
-0.236964002251625,-0.77184665,5.380061,-1.4980298,-3.4785068,3.7277884,-4.0817647,-0.17777146,0.60286754
-0.0007935941684991,-2.5255103,1.1118788,0.71865857,-4.1788616,2.8033082,-0.098393895,-1.0592308,-3.0650089
-0.0085649695247411,-2.5271502,1.5899317,0.7341009,-4.3081546,2.7924383,0.06177146,-0.8498365,-2.952096
0.0706497728824615,-2.1439228,0.020134121,1.1686877,-0.43677568,3.6859066,-4.174674,-0.76620686,-4.0890026
-0.1345515996217727,-2.0983477,4.8142543,0.05553332,-0.31847525,3.263007,-2.7948902,-1.214057,-0.636588
-0.2101700752973556,-1.8168654,3.0828528,0.35535437,-3.4363778,1.5973587,-3.7293005,-2.0244234,0.10519147
-0.0384306721389293,-3.1423032,3.1229277,2.4911735,-0.26972896,0.4540752,-0.83402985,-3.1435099,-2.1572866
0.0641339719295501,-1.5796794,0.12410916,1.8589185,-0.6583795,3.5027251,-4.1509643,-0.63825274,-4.014792
-0.2525044083595276,-0.9663996,4.8193974,-0.39614996,-3.9183931,3.7575006,-3.820286,-1.2498262,1.2638487
0.1006919741630554,-1.9615015,-0.16584918,1.4064789,-0.17619964,3.6664476,-4.08891,-0.9624146,-3.7199748
0.0,-2.4596756,1.2667613,1.4720926,-4.0653973,3.5321112,-0.01668758,-1.4339283,-3.2938347
0.0,-3.9960887,2.8176677,2.2031252,-4.320115,2.4353495,0.8010808,0.9892418,-2.862821
0.0006220098002813,-3.3261337,1.2400596,-0.79004204,-2.717116,2.975666,-1.4534901,-1.571899,-3.627024
-0.1380771845579147,-2.1666906,3.5647802,0.100698605,-3.583439,1.4275216,-3.6955626,-1.5306377,0.18488632
-0.057806447148323,-4.351037,3.6102836,3.699725,-0.14816666,0.19313937,-0.05232444,-1.9056458,-2.294928
-0.1238975748419761,-4.535223,4.063006,3.7158065,0.80300707,0.5167743,-0.36522532,-2.2051833,-2.1995401
-0.1587497144937515,-2.8525658,4.9023747,0.8289901,1.7057192,3.1181898,-2.6826363,-1.5654852,-1.0776337
-0.0571083948016166,-2.9982736,2.9853828,2.7466133,-0.9725111,0.48791242,-0.61416477,-3.2348943,-2.0298946
-0.0037315241061151,-2.8755195,1.1296277,-0.13619831,-2.8058748,3.1596904,-1.5258664,-2.1129816,-3.7067819
-0.1847479790449142,-0.98375285,4.1778965,-0.14267068,-3.6949944,3.4371068,-3.8662658,-2.45679,1.426819
-0.0785940587520599,-3.3983185,3.5379715,2.3448043,0.23723328,0.45701635,-0.939927,-3.1721363,-1.5870025
-0.0078613786026835,-2.5925462,0.9939518,-0.26364017,-3.2877285,3.0722542,-1.5760376,-2.352602,-3.8274817
-0.088034950196743,-4.2942576,3.4402928,3.519817,0.43446428,0.38160583,-0.5576044,-2.2232366,-2.3844116
-0.0642945766448974,-3.7276373,3.0787945,3.1445591,-0.7206801,0.098628715,-0.2519735,-1.8347234,-2.531495
-0.1560793668031692,-2.7156177,3.7707658,1.0574235,-0.15014972,1.5905566,-2.57794,-2.834148,-0.67220724
0.083156831562519,-0.5300624,1.4831238,4.2087855,-1.9982235,1.2478727,-4.7984023,-0.23586676,-1.5087589
-0.0523239746689796,-4.265225,3.6405568,3.8342938,0.37711778,0.29902402,-0.19966176,-2.0527725,-2.4271731
-0.0814673230051994,-4.1727486,4.072861,3.817133,0.85935724,0.6397917,-0.21665315,-2.267044,-2.4167662
0.0,-2.2762334,1.1428736,1.4619672,-4.419771,3.3512154,0.14212577,-1.7048295,-3.0333314
-0.0972127690911293,-2.7116895,3.2613716,1.9108684,-1.1676091,0.5178402,-1.9952245,-3.5767055,-0.8189197
-0.0424745976924896,-2.6830504,3.2469792,1.9024901,-1.1990397,0.5298368,-1.8230807,-3.9873524,-1.2749957
0.0006155604496598,-4.0727425,3.0718849,2.2748706,-3.9829438,2.2387204,0.58643746,1.2372203,-2.9864967
0.054437156766653,-0.75913006,1.1293902,4.5897174,-2.6338668,1.3284597,-4.108132,0.06907124,-1.4499251
0.1270317137241363,-0.58708346,0.58235496,2.9054286,-1.7951732,1.7486329,-4.379014,-0.21541636,-2.6229281
0.0762150883674621,-0.57969093,1.040242,5.26462,-2.8224194,1.5067644,-3.7195437,0.21059148,-0.699657
0.0515617504715919,-2.311944,0.10656731,1.1318252,-0.3258445,4.3394313,-3.7544599,-0.7220744,-4.149823
-0.0906306356191635,-3.6153157,3.549144,3.2938218,-0.3438521,0.4032823,-0.35045528,-3.259094,-1.8852972
-0.0887277424335479,-3.8939145,3.58897,2.997352,0.17245375,0.43597382,-0.6097814,-2.0528102,-2.554878
-0.0672124028205871,-2.4661093,3.0151222,1.7165233,-1.5737221,0.2369977,-2.1180027,-4.3649473,-1.6761273
-0.1438832283020019,-1.0834789,4.78161,-1.0626582,-3.7161822,3.1057289,-3.8294604,-0.73974216,0.81769425
-0.0006155604496598,-2.61045,1.7566448,1.4809037,-4.2494736,3.6415935,-0.0537334,-1.6610619,-2.9350696
-0.0121500678360462,-2.8629913,3.8920562,1.6427338,0.6390871,0.5827619,-1.9308786,-3.5255535,-0.88889194
-0.1006873920559883,-2.3391893,4.7560525,-0.7763161,-0.7001717,3.6305575,-2.7525887,-0.53075594,-0.13531327
-0.1427067518234253,-2.294343,2.3628645,0.2853032,-2.5573308,1.4939334,-2.3277838,-4.217904,-2.0184488
-0.0765360817313194,-2.6442816,2.4016578,0.5287,-1.8015877,0.71929246,-2.1698458,-3.2264912,-2.3294086
0.0006155604496598,-2.3363595,1.6858424,1.5225873,-4.259983,3.8847232,-0.08293761,-1.6969525,-3.043671
0.0920693650841713,-1.4484153,-0.18651006,1.7589221,-0.70095795,2.9586458,-4.036152,-0.27308995,-3.6172593
-0.0505060479044914,-2.4392848,3.2710757,1.4802645,-1.3669478,0.62495375,-2.5202048,-4.4335995,-1.3565084
0.0,-4.1717815,2.9360247,2.3536863,-3.894254,2.103835,0.74758536,1.3313181,-2.8017752
0.085504800081253,-0.95037645,0.36778066,1.8554356,-1.9301552,2.5694134,-3.3464296,-0.5797649,-3.3392603
-0.0898190215229988,-4.2149725,3.7118976,3.5540776,0.73863256,0.7020941,-0.52229106,-2.400003,-2.361534
-0.0439291223883628,-2.7108815,3.20501,2.0969496,-0.81113076,0.31629694,-1.6669942,-3.8393886,-2.0872705
-0.0755480453372001,-2.8990548,2.9392538,2.3824635,-1.2621634,0.67027986,-1.1571462,-2.9431777,-1.6141124
0.0,-2.2996874,1.2444522,1.4988362,-4.0546284,3.8270125,-0.010481553,-1.6933553,-3.0545866
-0.0041147167794406,-2.6951606,1.4114165,0.62076,-4.4519067,2.7837098,-0.18755382,-1.0156912,-2.6799524
0.0739442631602287,-2.3069384,-0.34061918,0.59570575,-1.1709158,3.4249744,-3.4747007,-0.7359124,-3.9457312
-0.0465401262044906,-2.58716,2.9931564,1.6401044,-1.6228372,0.67826134,-2.4984953,-4.0374517,-1.2987267
-0.0601794496178627,-2.2396858,3.0175512,1.10676,-1.6481794,0.0048793107,-2.5018961,-4.861601,-2.2989705
-0.0749101713299751,-2.7269719,2.1039233,1.4126294,-2.429157,2.5529666,-0.04001247,-2.942127,-3.0116875
0.2427152544260025,-1.0695268,4.1651144,1.5375472,-1.2236397,-0.1172075,-3.9247322,-0.36289778,-2.4985404
-0.0972212702035904,-3.6897695,3.5711083,3.0960045,-0.13441272,0.09785828,-0.5209484,-2.6141667,-2.3780527
-0.1235295683145523,-2.0382767,3.1893845,1.3748287,-0.98298657,0.33380255,-2.9525714,-4.6639204,-1.8204184
0.0003111817932222,-3.0918176,1.1041558,-0.6638741,-2.5791593,3.2330213,-1.3280543,-1.581744,-3.7285738
0.0943081378936767,-2.2972832,0.09696681,0.62951225,-0.457481,3.7618406,-3.5003273,-0.60928905,-3.998109
0.0008176579140126,-3.9205475,2.9319596,2.4098094,-4.2181783,1.9938489,0.63654846,1.2647113,-2.4672723
-0.0026971553452312,-2.7003653,1.6405479,0.6415904,-4.1698666,2.9216328,-0.0789315,-1.027251,-2.7918642
-0.0134119698777794,-2.7705822,1.0243931,-0.2319617,-3.3127923,3.1119385,-1.4697146,-2.4763958,-4.119452
0.0452706441283226,-0.75264573,0.7804408,4.3723783,-2.3997316,1.8670322,-4.23445,-0.81720626,-1.7073473
0.0987906828522682,-1.7898304,-0.054004364,1.3623155,-0.52470404,3.7496388,-3.880005,-0.7878108,-3.835415
-0.054061334580183,-4.1596484,3.3885415,3.7849014,0.19089703,0.16880457,-0.21732822,-1.6475438,-2.451192
0.0,-2.3085938,1.2176331,1.2888101,-4.29191,3.5504794,-0.0046850145,-1.765176,-3.2247856
-0.0865716412663459,-4.5008626,3.2966008,2.967039,-1.3809762,0.10993641,-0.08761126,-0.778041,-2.3472438
-0.0574913881719112,-4.081455,3.096389,3.377485,-0.85577047,0.5997405,-0.029877193,-2.4095387,-2.1025012
0.0,-4.3100343,2.818079,2.2860012,-3.6936202,2.0558603,0.74939656,1.3742381,-3.0100555
-0.0019658706150949,-2.200806,1.2013916,1.4301165,-3.9700043,3.4673996,-0.109039776,-1.9607431,-2.8986616
-0.089551568031311,-4.3186264,3.9279206,3.4521453,0.92889017,0.5850722,-0.6469301,-2.044396,-2.101791
0.0796555578708648,-0.67665625,0.96060157,3.2600243,-1.9172664,1.7255026,-4.5522313,-0.0969775,-2.1780748
-0.0733018368482589,-4.3427715,3.5769887,3.7510028,-0.16578934,0.43190408,-0.108131245,-1.5066042,-2.3458576
0.0415688268840312,-2.0639572,0.118084595,1.2875063,-0.5547713,3.7076652,-3.5856652,-0.7710602,-3.309576
0.0541343763470649,-0.6661252,1.238084,3.519017,-2.0800943,1.3762068,-4.0568266,-0.107176796,-1.7861947
0.0002640942693687,-4.273624,3.0078554,2.15251,-4.1069846,2.1276205,0.59205025,1.2733909,-2.6044555
0.0470487549901008,-0.7827434,0.98309916,5.3980083,-3.2433813,1.232273,-3.49119,0.360232,-0.975872
-0.0871597379446029,-2.5512028,3.0484507,1.0433795,-0.9666245,0.07970163,-2.5523763,-4.693901,-1.3768586
0.0646299347281456,-1.6771431,-0.08343079,1.239547,-0.5704125,3.6804764,-4.0337815,-0.46714494,-3.838304
-0.0004398273595143,-4.422117,2.8630047,2.2716966,-4.033275,1.7788624,0.7883425,1.3981355,-2.738304
-0.0465521775186061,-3.9128797,3.0777512,3.1096601,-1.1896894,0.22843121,-0.4228039,-2.0644221,-2.475046
0.0,-4.1165876,2.7417016,2.53664,-4.024441,2.2137647,0.8195183,1.2254715,-2.6690884
0.1002122834324836,-1.7211083,-0.07342699,1.7241445,-0.46249574,3.4196637,-4.038001,-0.62161964,-3.2924366
0.0,-2.1855876,1.5159065,1.575806,-4.249558,3.4600375,-0.05336386,-1.7374945,-3.1975603
0.0019691241905093,-2.870761,1.5811597,-0.6278902,-3.215723,2.624558,-1.3221774,-1.7912287,-3.3236375
0.0,-3.1864161,1.1487622,-0.65781933,-2.5318208,3.203767,-1.4438573,-1.2624935,-3.7342088
0.1020052134990692,-1.9687128,-0.26976073,1.268172,-0.71978486,3.5565069,-3.8816407,-0.75511986,-3.1030114
-0.070742517709732,-2.3963876,3.000957,1.2088633,-1.3469536,0.37971383,-2.5634887,-4.5624156,-1.9314421
0.0713086351752281,-0.6864738,0.16155833,4.083805,-1.9700112,2.3159544,-3.9689336,-0.21183437,-2.1145346
0.096333347260952,-0.45670062,0.9008965,4.780947,-2.1329145,1.5515335,-4.5305476,-0.14675604,-1.3202608
-0.0056360494345426,-2.7958095,1.235723,0.47291428,-4.4851294,3.011418,-0.108105585,-0.85645974,-2.9582636
-0.0557117573916912,-3.483353,2.879235,2.9905386,-1.1994159,-0.09006846,-0.20957595,-2.1463172,-2.5499277
0.0743605345487594,-0.49159142,0.7401276,2.9604201,-1.6685122,1.6805137,-4.461477,-0.7086379,-2.5924401
-0.0010249688057228,-2.6493676,0.61265457,-0.19661674,-3.2391007,2.9640658,-1.4114549,-2.4535987,-3.9246585
-0.0018660296918824,-2.3731713,1.242825,1.5652286,-4.3199472,3.7258606,-0.20820452,-1.7221131,-3.1141047
0.0586447566747665,-0.73997235,0.9316085,4.484911,-2.1935234,1.8167677,-3.856902,-0.20649013,-1.39362
0.0658524557948112,-2.0337303,-0.06430052,1.1609112,-0.67820615,3.6118376,-3.616048,-0.89268166,-3.536434
-0.1300769597291946,-2.1943738,3.4397345,0.5034908,-3.4332983,2.0405493,-3.446752,-2.1329908,0.6743605
0.0608131624758243,-1.9178398,-0.21561638,1.3126297,-0.25043434,3.855363,-3.8732305,-0.93427944,-4.154512
-0.0749262794852256,-3.1167336,3.0017908,2.7696078,-1.525491,0.6358572,-0.5394925,-2.6115584,-1.7111604
0.0807479918003082,-0.09785542,1.3187523,4.9117484,-2.7639732,0.92421794,-4.06875,-0.14255823,-1.0297067
0.1291674524545669,-0.840888,0.15508974,2.02365,-1.8042841,2.3394473,-3.5620542,-0.5888545,-3.627682
-0.1514423787593841,-2.5130205,3.8097184,0.08304687,-4.04573,2.4192975,-3.9211113,-1.4967743,0.9084218
-0.0442491471767425,-2.706998,3.0025542,2.2543042,-1.2699314,0.48518935,-1.6484139,-4.0071335,-1.5324483
0.0675957202911377,-1.8985522,-0.32097414,1.2209188,-0.46606335,3.8658915,-3.685668,-0.8898996,-4.0220475
-0.0683557242155075,-3.8192315,3.2638855,3.4784317,0.11597183,0.60178673,-0.45901656,-2.5776403,-2.4679215
0.1017327606678009,-2.0919526,-0.37776285,1.3557624,-0.899472,3.823845,-4.3553276,-0.579834,-3.7749627
0.0,-4.177009,2.6926637,2.3915079,-4.420777,2.32207,0.74779373,1.2212796,-2.5160494
-0.0030787922441959,-4.151529,2.7659798,2.1303341,-4.2597933,2.2116268,0.65540457,1.3765256,-2.730855
-0.0854506343603134,-4.5293813,3.4958065,2.8138902,-0.7070678,-0.0147162825,-0.074636884,-1.2762642,-2.2150724
-0.0281149242073297,-2.6075861,3.3653939,1.0904393,-1.3514962,0.43076104,-2.7263064,-4.355141,-1.5936751
-0.060705728828907,-4.4061165,3.6379192,3.5712314,0.5493954,0.42594776,-0.3834541,-2.0896335,-2.297276
0.0829949975013732,-1.4325633,-0.19499183,1.4999325,-0.7724954,3.731295,-3.8400407,-0.8686876,-3.3851767
-0.0760699957609176,-2.5159843,2.9873753,1.8586926,-1.268197,0.3386693,-2.4536505,-3.997472,-1.2883966
0.046210628002882,-2.2337518,0.007907391,1.3319542,-0.33774072,3.5123947,-4.0654774,-1.1153026,-3.458333
0.0,-2.2066686,1.1319971,1.5088756,-4.36021,3.739169,0.074788645,-1.7312033,-3.0654912
-0.1616082191467285,-1.7810699,3.5330513,0.3142635,-2.8542018,1.3334184,-3.4410136,-3.5197604,-0.37477365
0.0446483306586742,-0.56132305,0.90090907,3.2041934,-2.0694833,1.6294987,-4.390818,-0.12235831,-2.1729565
-0.0616932772099971,-4.077199,3.181461,3.674382,0.42123112,0.20128,-0.46351957,-2.1184773,-2.587225
-0.0152940498664975,-2.8367622,1.555757,0.7214655,-4.4782295,2.9282143,-0.09715535,-0.9168324,-2.8897066
-0.0797619149088859,-4.0426226,3.4203086,3.692974,0.051430807,0.5578897,-0.26493347,-2.4814887,-2.2973313
-0.0431042201817035,-2.558435,3.4046786,1.689241,-1.4563807,0.030428499,-2.5739324,-4.1369205,-1.1023805
-0.0928489193320274,-2.4166508,3.254884,1.8561373,-1.2829875,0.31348032,-2.0454073,-3.961252,-1.2170445
0.041704598814249,-2.143516,0.1341669,1.0530237,-0.8065861,3.9580934,-4.323404,-0.7374607,-3.4948218
0.0588118061423301,-1.5384766,-0.2773403,1.8901747,-0.6154806,3.8594027,-4.138582,-0.6203321,-3.5553534
-0.0919597446918487,-2.5910172,3.2702718,1.9342978,-0.6223575,-0.26653555,-1.5698756,-4.0633254,-1.6989496
0.055187240242958,-2.1969726,0.2562293,1.3421507,-0.48305956,3.827288,-3.460818,-0.7901373,-3.4762576
0.080235056579113,-0.7521026,1.1018429,4.9496384,-3.701422,1.1557157,-3.1803827,0.39469233,-1.1730024
0.0961088836193084,-1.8510938,-0.08015716,1.5280241,-0.4118881,4.008091,-4.393047,-0.7449079,-4.1392875
0.0017930591711774,-2.9005206,0.98547137,-0.6025812,-2.967692,3.1021729,-1.2691587,-1.5362035,-3.7134
0.0,-4.2026587,2.9233656,2.1479983,-4.1207285,1.9651879,0.6824523,1.5564755,-2.719551
0.1045634895563125,-1.3689176,-0.28041172,1.5607024,-1.1907129,3.4255297,-4.592664,-0.5201454,-3.6518993
0.0424034036695957,-1.1750365,0.2470477,1.9776897,-2.0123749,3.0610328,-3.379533,-0.27253637,-3.5356727
0.0628542825579643,-1.4570497,-0.4552251,1.6174207,-0.8034896,3.1596925,-3.6531591,-0.57663596,-3.6200986
0.0427774563431739,-1.724853,0.024740994,1.8983603,-0.8398643,3.2252603,-4.23946,-0.37429103,-3.6404014
0.0764159858226776,-2.315001,-0.3606687,1.1535331,-0.8255839,3.9681716,-4.1531005,-0.89498174,-4.3289905
0.088898666203022,-0.31779033,1.1841387,4.889644,-2.9602327,1.23651,-4.521332,-0.16217276,-1.0672661
-0.0383099429309368,-2.1664774,2.6696713,1.3379077,-1.3453467,0.47261128,-2.5640597,-4.8685145,-2.0130167
-0.1561711728572845,-2.3625288,4.095088,0.81196916,0.26897264,2.240789,-2.7912555,-2.658804,-0.56387085
-0.0006155604496598,-4.0498543,2.8101027,2.333462,-4.0492606,2.073459,0.8395955,1.127305,-2.703156
0.0019087940454483,-3.9424007,2.8783412,2.1883247,-4.4029613,2.077864,0.6374122,1.2213066,-2.71318
-0.002076270757243,-2.0742924,1.103212,1.2520303,-4.406981,3.498414,-0.08270481,-1.5922135,-3.0585315
0.0003043786855414,-3.9887142,2.818857,2.2218573,-3.9145415,2.1863933,0.7668688,1.4159831,-2.6770291
0.0994976758956909,-1.2806141,-0.51449686,1.5237263,-0.71175367,3.1414206,-4.2129636,-0.70995176,-3.4991043
-0.1407970339059829,-2.4639144,3.9102502,0.20762998,-3.632692,1.8180766,-4.3851376,-1.4800667,0.84194535
-0.0615641884505748,-2.2131112,3.115426,1.5079095,-1.1363573,0.31996405,-2.2944605,-4.183817,-2.0359178
0.0661500990390777,-2.249479,0.10231939,1.399599,-0.66916955,3.7043352,-3.867559,-0.88623446,-3.5994916
-0.0771244242787361,-2.456287,3.0345485,1.5255734,-0.7485514,0.20976403,-2.935078,-4.366584,-1.3254514
-0.0096109164878726,-2.4650254,1.2133304,1.5131334,-4.277235,3.6983888,-0.11524922,-1.4309651,-2.9486723
0.0,-2.6031473,0.9149944,-0.10670681,-3.4650617,3.1942496,-1.4286088,-2.4352825,-3.8915212
-0.0762164443731308,-2.2606652,3.116316,1.5593442,-1.6150256,0.38699925,-2.6526206,-4.520981,-1.8689762
-0.2365746349096298,-2.2144778,3.4719903,-0.1965543,-4.154998,1.6781632,-3.9416897,-1.0219252,0.4565371
-0.0768704339861869,-2.2442956,2.9222615,1.3058959,-1.6148951,0.23103423,-2.3970613,-4.787766,-1.9593397
0.0,-4.305344,3.1741831,1.9778553,-3.5294461,1.9934399,0.85579675,1.250075,-2.8599741
-0.1218621134757995,-2.7035372,2.8777542,1.3301371,-0.16304842,2.1798828,-1.47981,-3.6201246,-2.01305
0.0006155604496598,-4.006463,3.050906,2.1672843,-3.8546057,2.1871164,0.634927,1.3855164,-2.749214
-0.0667171776294708,-2.1524355,2.54187,1.4278914,-1.3779151,0.31327388,-2.6452653,-4.469013,-1.9067141
0.0178664159029722,-1.4331588,2.2317097,1.3217713,-0.70734584,0.7439089,-3.9867048,0.40963262,-3.324971
0.0431054905056953,-1.3710519,-0.10564393,1.7209266,-0.6523771,3.207403,-4.0238113,-0.83599436,-3.6361337
0.076416790485382,-0.18179998,1.1267589,4.918692,-2.8911269,1.120613,-4.0976644,0.24312845,-1.204843
-0.0006155604496598,-2.2909603,1.6185694,1.4474236,-4.1276636,3.3506715,-0.1267938,-1.3840293,-3.3808255
-0.0830557271838188,-2.982915,3.0332756,1.6842797,-1.3722955,0.47231138,-2.6043823,-4.038218,-1.2304668
0.1410711109638214,-1.3049622,4.054418,1.5557828,-1.3692489,-0.30060816,-3.652091,-0.60941494,-2.3181248
-0.0510220043361187,-3.931459,3.3488111,3.638137,0.077614315,0.3639904,-0.32959467,-2.3798997,-2.4575915
0.096294417977333,-1.8271983,-0.4384886,1.6545627,-0.4082651,3.5516663,-3.91861,-0.60469013,-3.5020807
0.0707615762948989,-0.49158365,0.8960546,4.8541956,-2.815626,1.4928567,-3.955246,0.1803112,-1.2465067
-0.0297910571098327,-3.001509,1.8999592,0.1872481,-2.5373645,1.5456879,-2.1243083,-2.467867,-2.189569
0.0490249954164028,-2.1009004,0.07772502,1.1341813,-0.64075935,3.8442123,-3.5776649,-0.9235672,-4.195747
-0.0614976622164249,-3.315096,2.6357725,3.0214887,-1.6648498,0.48982915,-0.25556493,-1.9167901,-2.3799388
-0.1602071225643158,-0.9026633,5.331918,-1.2585748,-1.7959194,4.7140675,-3.7298565,-0.2607847,0.09682208
-0.2413724958896637,-0.61096466,5.5578012,-1.5050232,-2.6195393,3.97802,-4.0459924,0.17380108,0.42033395
-0.1215772926807403,-2.57499,3.2331243,1.7556052,-1.6794202,0.6227836,-2.4743814,-4.2703114,-1.3164259
-0.073840744793415,-2.7174485,3.223731,2.2018242,-1.2255744,0.37953055,-1.8358252,-3.9610746,-1.3170551
-0.0493134334683418,-2.6157799,2.817839,1.6206245,-1.3132412,0.469689,-2.609323,-4.3370457,-1.1191485
0.0978625044226646,-2.2618217,-0.03445778,1.1379313,-0.3127623,3.6883354,-4.3500776,-0.6415377,-3.9133952
-0.0815479308366775,-2.9830177,2.928008,2.671061,-1.0068226,0.4297488,-0.4360235,-2.9925003,-1.7915615
-0.0830298736691474,-2.6156688,3.0716105,1.4826527,-0.9217239,0.15382233,-2.0422845,-3.9983635,-1.5941813
-0.0003111817932222,-4.141241,3.140515,2.3164973,-3.9889696,2.1454563,0.65537375,1.526541,-3.0722086
-0.0597166903316974,-3.0900533,2.4757087,2.7554336,-1.6375806,0.47440383,-0.26870736,-2.464281,-1.7802361
-0.1083648353815078,-4.5955615,3.823084,3.5385294,0.65876234,0.8247905,-0.2768133,-2.2547383,-1.8462954
0.0074964095838367,-2.6581602,1.5114299,0.4058118,-3.9509144,2.6545887,0.017518051,-1.2756411,-3.2678258
-0.0006155604496598,-2.4697053,1.3326052,1.3971552,-4.2602277,3.209361,0.24912547,-1.6280233,-3.4610195
0.0981250777840614,-0.36844546,0.9648426,4.2250886,-1.9343256,1.8797718,-4.30807,-0.27582827,-1.4168668
-0.2789526581764221,-0.87194836,5.4629574,-1.5769374,-3.1801968,3.195308,-3.9329414,0.20991914,0.12797748
0.061300303786993,-1.5558026,-0.4536663,2.0047104,-0.82754725,3.4347072,-3.8399277,-1.0060958,-3.758808
0.0,-2.6251533,1.1518228,1.3339995,-3.8810217,3.5444703,-0.03664404,-1.5762943,-2.8680696
-0.2697108089923858,-1.0067775,5.4986014,-1.768365,-3.3271828,3.527702,-4.003488,-0.06276688,0.57958513
-0.091961845755577,-2.3603992,3.4455645,1.6691585,-1.1699865,0.10495897,-2.4885333,-4.2245255,-1.6420041
-0.1401457041501999,-1.6553615,4.687558,-0.32214066,-0.68088055,3.7560368,-3.2482662,-0.48576665,-0.51117176
-0.0871766656637191,-2.478314,3.1082096,1.0088816,-1.0875804,0.56346965,-2.586518,-4.4770813,-1.3773648
-0.0646410584449768,-2.702405,2.8452246,1.8567262,-1.4896045,0.46455967,-2.013964,-3.9297502,-1.2989209
0.0500714071094989,-0.52775437,1.2177632,5.2480416,-3.3541932,1.2192789,-3.909614,-0.31523734,-1.1009849
-0.037405077368021,-4.485288,3.6756225,3.64728,0.34544414,0.6053862,-0.41701138,-2.269799,-2.319043
0.0441811308264732,-0.51059324,1.0921216,4.2287507,-2.8997426,1.3646336,-4.259544,-0.32115296,-1.4023442
-0.0057317246682941,-2.3649411,1.2914804,0.7641565,-4.3661976,2.7867029,-0.2658431,-0.85558957,-3.106516
-0.2191507965326309,-2.3365428,4.4718194,-0.091049746,-0.95867354,1.7546209,-2.7957397,-2.3997984,-0.5157283
0.0616560094058513,-0.7284212,1.1999156,5.2265196,-2.9277887,1.4629574,-3.7100377,0.20498544,-1.0674937
0.0740381628274917,-0.55189365,0.5941373,4.1697125,-1.97496,1.9831563,-4.4871616,-0.48610738,-1.7966348
-0.1155004352331161,-2.8073745,3.0009913,1.3807567,-1.0669732,1.6226119,-0.7661638,-4.035281,-2.0115933
-0.0840718150138855,-2.9730053,3.0517938,1.7550082,-1.501148,0.46475372,-1.8193551,-3.777515,-1.1837325
-0.0434725396335125,-2.853198,2.4890313,2.8870513,-1.7604,0.4757308,-0.30374622,-2.3316517,-1.9354846
0.0465037114918231,-1.7507868,0.38458356,1.458738,-0.44945535,3.466319,-3.9694614,-0.5296987,-3.9382148
0.0868910700082779,-0.74966884,0.75367534,4.8989244,-2.2756038,1.6120051,-4.300924,0.0030880123,-1.3436729
-0.0727843344211578,-3.4488533,3.124207,2.7946608,-0.7495271,-0.11393404,-0.563241,-2.3550172,-2.1587186
-0.0103590637445449,-2.2205682,3.4990208,1.0257574,-1.3320416,0.74941134,-3.0261483,-3.5893147,-0.56259453
-0.2130602598190307,-2.0654945,3.5682685,-0.54949415,-4.333923,2.0163867,-3.852673,-1.3857712,0.7675744
0.0584592223167419,-1.688064,0.09017573,1.6680667,-0.61660886,3.521667,-3.95069,-0.69103736,-3.7237802
-0.1227020099759101,-3.9482222,3.603622,3.440478,0.31212908,0.2735581,-0.3846994,-2.3450978,-2.37138
-0.157584086060524,-2.2408597,3.6186848,0.86789525,-1.2196431,0.99689335,-3.4715583,-3.3434308,-0.28623587
0.0006948008667677,-4.0783286,2.6759257,2.3866317,-3.744328,2.0606213,0.48862064,1.3214592,-2.5964913
0.0,-2.872644,1.3997808,-0.8074314,-2.9308736,2.7480347,-1.1867194,-1.6319349,-3.6061401
0.0927464291453361,-1.3339882,-0.5062327,1.8322822,-0.6186613,2.9378126,-4.0496073,-0.34196398,-3.7175505
-0.0936636924743652,-4.0436945,3.742558,3.6382158,0.63570845,0.39264584,-0.4146236,-2.5792882,-2.253241
0.0508785434067249,-2.0031507,-0.32381415,1.479891,-0.66232246,3.526502,-3.713285,-0.8902914,-4.1807027
0.0745625644922256,-0.9795022,0.4043455,1.9443054,-2.121845,2.7284815,-3.2520585,-0.4898891,-3.605256
-0.0655922666192054,-4.4309206,3.767896,3.732789,0.69499505,0.8427545,-0.37074515,-2.171822,-2.392116
0.0536040589213371,-2.0101197,-0.17957847,1.3126127,-0.5345935,3.9996653,-3.5143769,-0.8655058,-3.9374723
-0.0169531442224979,-2.4818037,3.6890106,1.1676965,-1.096736,0.411229,-3.1560924,-4.0854034,-1.204248
0.0936919301748275,-2.264351,-0.040012624,1.1409987,0.097138375,3.8425128,-4.175675,-0.39434916,-4.1113505
-0.0136276381090283,-2.8107038,1.0692772,0.75983584,-4.4045777,2.804973,-0.2988131,-0.85947096,-3.1561422
-0.004788170568645,-2.8866403,3.2101169,0.9357974,-2.4782856,1.6064142,-2.731864,-2.45277,-0.42717004
0.0469780825078487,-2.2359607,-0.09910544,0.9781258,-0.77952194,3.993709,-3.675498,-1.0218043,-3.627733
-0.0927606970071792,-2.2722187,3.2007754,1.4776807,-1.6113067,0.36480322,-2.6717267,-4.3713937,-1.6200005
0.091471217572689,-1.8733103,-0.2118692,1.6273572,-0.3257915,4.0602922,-4.094209,-0.60546625,-4.103936
0.0813510864973068,-1.1262888,0.05589965,2.950533,-2.2236466,2.6249824,-3.2267454,-0.42972854,-2.8650062
0.0931460633873939,-1.6796243,-0.13626428,1.713895,-0.40867493,3.4178684,-4.041199,-0.67542815,-3.5156403
-0.0597438141703605,-2.6842437,1.5731237,1.5925972,-2.7496605,1.9246409,-0.16408975,-2.8831558,-2.7150319
-0.1512887775897979,-2.874459,3.652507,-0.19808637,-2.2132692,1.3871922,-3.429747,-1.1306757,-0.32617283
-0.074052982032299,-4.002862,3.332854,3.5625937,-0.013060868,0.47345808,-0.4030704,-2.370586,-2.3845122
0.0764736384153366,-1.652985,0.06369564,1.3088912,-1.1870847,3.5232124,-3.401866,-0.88548076,-3.438239
-0.0745979249477386,-3.5017047,3.3440523,3.0778866,-0.20146531,-0.031168193,-0.47354728,-2.7071662,-2.1517558
0.0860668197274208,-0.5660231,1.078317,4.8246408,-2.5844064,1.4271063,-4.50256,0.09786852,-0.8031165
-0.0037483912892639,-3.91562,2.5059605,2.2578242,-4.197103,2.0874863,0.6013325,1.082084,-2.7615075
-0.0259748585522174,-2.6368442,0.64671016,0.18112527,-3.1609206,3.242476,-1.745996,-2.4004726,-4.0930343
0.1258410960435867,-2.0389013,-0.121497706,1.1643449,-0.87537706,3.6539764,-4.117851,-0.8562591,-3.7004905
0.069373495876789,-1.1263337,-0.05662487,1.5740739,-0.7980718,3.4322608,-4.0441175,-0.45305884,-3.6277661
-0.1962657123804092,-2.4035687,3.4924715,-0.16275883,-4.1342697,1.716388,-3.990544,-1.5603557,0.6451116
-0.1345344334840774,-2.4577572,3.050367,1.1332763,-0.7727754,1.7659116,-1.8558458,-3.9777749,-1.3013349
0.0552667565643787,-1.830262,-0.4686826,1.5189153,-0.4807277,3.9350169,-3.690013,-0.95738167,-3.9078481
0.0001757331192493,-1.846829,1.4437394,1.3247464,-4.476234,3.12909,-0.21362329,-1.8936732,-2.8299382
0.0002485241857357,-2.3492033,1.3270175,1.6480434,-4.4080777,3.7722929,0.028699,-1.8599691,-2.911609
-0.1080021187663078,-2.474608,3.643384,0.040468253,-3.222477,1.8204759,-3.5999563,-1.6907415,0.183748
0.0773977562785148,-0.6187532,0.95802605,4.4246693,-1.9155902,1.455976,-4.113514,-0.19313541,-1.59935
-0.0352062545716762,-3.9468114,3.8863416,3.5071454,0.29843718,0.24114442,-0.14080377,-2.6052728,-2.30026
0.0,-2.4269335,1.1416758,1.5987478,-4.1279516,3.662139,-0.1587842,-1.6896291,-2.9939837
-0.0917825400829315,-2.5182452,3.498098,0.697435,-3.3196056,2.134007,-3.4569929,-2.4265194,0.17347026
0.1274369657039642,-0.5661365,1.4216229,4.0356755,-1.9973965,1.35528,-4.9649315,-0.1027514,-1.361278
-0.0355397649109363,-4.3027954,3.9053862,3.7810667,0.5300174,0.41312587,-0.2366825,-2.1775343,-2.1277988
-0.0579095408320426,-2.680905,3.029437,1.9350191,-1.1101679,0.6058238,-2.0840657,-4.1032047,-1.2391076
0.1272795498371124,-0.47806904,1.2951616,4.0947514,-2.312889,1.4963292,-4.6857443,-0.25972405,-1.5029092
0.0582858175039291,-0.97478026,0.15105431,2.931281,-2.4631295,2.5688987,-3.4320378,-0.6369766,-2.9681726
-0.0875140279531478,-3.7121506,3.335892,3.0581636,0.0651598,0.101228744,-0.59418356,-3.0313625,-2.1208518
-0.0719453617930412,-3.233137,2.9113348,2.2325432,-0.9567961,0.4369407,-1.2191222,-3.73448,-1.1413383
-0.0598143972456455,-2.7059858,3.1388812,1.4331781,-1.3089228,0.53044194,-2.5571067,-4.212985,-1.1909312
0.0598889626562595,-0.6247024,0.6952289,4.701167,-2.6922417,1.4801476,-3.817099,-0.12015483,-1.8811005
-0.1461749672889709,-2.4677553,3.6450605,0.3432372,-3.5991397,1.78837,-3.9570935,-1.7119828,0.7030506
0.0515039563179016,-1.2435323,1.1499182,4.6219788,-3.3389292,1.6747973,-2.7614248,0.42683873,-1.6231719
0.1255901008844375,-2.16249,0.1399554,0.9962351,-1.0883977,3.8722243,-3.4430673,-0.7526879,-4.3105297
-0.1568953096866607,-2.5665574,3.9959385,1.2488607,-0.09601912,1.6090857,-2.4751961,-2.8180618,-0.6660162
0.002190462546423,-2.9392822,1.7727704,-0.4954189,-2.9149747,2.36358,-1.2438434,-1.943349,-3.5275028
0.0004398273595143,-4.077202,3.0563462,2.310061,-3.9523294,1.9393687,0.80889803,1.1455224,-2.8266294
-0.0372935570776462,-2.5198598,2.8067443,1.855417,-1.1423078,0.29375648,-1.5181236,-4.452157,-1.8103667
-0.0652991607785224,-2.550028,2.9658058,1.6233318,-1.3141857,0.25982574,-1.8645245,-4.190265,-1.7655979
-0.096400149166584,-2.6980877,3.1915383,1.9361327,-1.2092524,0.34244078,-2.1270583,-3.7180204,-1.0467036
0.0745328962802887,-0.3315606,0.9217881,5.064689,-2.71971,1.5024402,-4.2062273,-0.09082228,-0.9024715
-0.1492441445589065,-2.0923247,3.862175,0.073506944,-3.365825,1.6240683,-3.7410045,-1.5692858,0.22240768
-0.0942956283688545,-2.3913882,3.260815,1.6156722,-0.8098861,0.21602413,-2.461086,-4.3874416,-1.7311261
-0.0205331202596426,-3.3206081,3.3678234,2.4393337,-0.75735074,0.6085615,-1.1613122,-3.3026366,-1.5171478
0.1005237847566604,-0.56001794,0.6553885,4.498459,-2.2561345,1.6546195,-4.485658,-0.3542519,-1.3863436
-0.0501360036432743,-2.861828,3.0983267,1.7777425,-1.2667441,0.41923833,-1.9203331,-4.0080433,-1.3041143
-0.061812438070774,-2.4719012,3.1660922,1.5387256,-1.4224988,0.8271308,-2.5878446,-4.028027,-1.0586226
0.0866937264800071,-1.9531839,-0.3261476,1.5387568,-0.16561265,3.9806232,-3.9363844,-0.7785828,-3.9551418
0.0004398273595143,-3.8986697,2.7701576,2.4175327,-3.9710016,1.8116956,0.69288,1.4039626,-2.9079053
-0.0280243139714002,-2.3212824,2.7642787,1.19868,-0.9950409,0.3624765,-2.7661836,-4.216269,-1.6930971
0.2630255818367004,-1.5357268,4.386136,1.2297325,-1.1488453,-0.63491017,-3.9559457,0.42049837,-2.2889137
-0.0505562461912632,-2.2217546,2.8770454,1.2925478,-0.64241564,0.37146407,-2.4330812,-4.3726926,-1.9605513
-0.2298036515712738,-2.6492314,3.3278203,-0.28577155,-4.689008,1.467199,-3.7468596,-1.7092614,0.7254427
0.1013474389910698,-0.33772478,1.1940446,4.7888446,-2.257751,1.4942466,-4.3127584,0.086538486,-1.3801658
0.1029169559478759,-0.39618683,0.81760466,4.151946,-1.8667676,2.062668,-4.161091,-0.28567395,-1.4853235
0.1076478064060211,-2.565099,0.62736595,-0.38691026,-1.8811429,2.940402,-2.1823177,-1.0391135,-4.1048017
-0.0595268495380878,-4.081808,3.5646267,3.4987826,-0.22689843,0.7652997,-0.20642966,-2.539851,-2.3295627
-0.0006155604496598,-2.307243,1.5244906,1.4697189,-4.4023867,3.5797687,-0.2741373,-1.5653235,-2.9908755
-0.0884529799222946,-2.9199903,2.8821883,1.9402727,-1.2121063,0.13569427,-1.9504339,-4.4228606,-1.7349023
-0.0029521249234676,-2.6737046,0.71431875,-0.04017386,-3.1149077,3.1105766,-1.5198406,-2.0117044,-4.0245647
0.0933949872851371,-0.98098946,0.0579509,2.8616836,-2.12223,2.6485653,-3.3458226,-0.38131922,-2.6797156
0.0568802133202552,-0.8200285,0.8925331,3.8813257,-2.5759096,1.4650329,-4.2170544,-0.031553403,-1.555469
-0.0567961446940898,-4.2102375,3.2866833,3.732702,-0.6406585,0.7536212,-0.023323502,-1.3924513,-2.193383
-0.0516532063484191,-2.6020153,3.611496,-0.20230392,-2.1404884,2.0267632,-2.7720935,-1.2738762,-0.15709221
-0.0630889907479286,-4.0837193,3.6325645,3.5755622,-0.09504385,0.5618522,-0.14957778,-1.9976518,-2.3658595
0.1708037406206131,-1.303467,3.5789676,1.6713203,-0.36950606,0.6225888,-4.3761134,-0.3618775,-3.0977294
0.1261967569589615,-0.3760878,0.61528015,2.9264066,-1.9919577,1.8564671,-4.3291078,-0.40596592,-2.7040467
0.0541053637862205,-1.9657983,-0.022993341,1.214017,-0.87807274,3.8591404,-3.6337132,-1.061297,-3.153088
-0.0029931566677987,-2.7744424,1.8183562,1.7953342,-3.0625086,1.4374071,-0.9145306,-2.6306632,-2.6366732
-0.0806033164262771,-4.139208,3.9299154,3.485296,0.83467466,0.5658617,-0.5751467,-2.15904,-2.5255935
0.0002485241857357,-2.7342668,1.6525657,0.5261507,-4.0983505,2.8960369,-0.07446316,-1.3288689,-2.9849164
0.0432936288416385,-1.8663609,-0.33393663,1.3736224,-0.8283387,3.5072045,-3.705099,-0.7878627,-3.3342023
-0.197952926158905,-0.76464427,5.6463985,-1.5483395,-2.4235826,3.3791916,-4.079983,0.10771054,-0.358445
0.0589226111769676,-0.5688943,1.3210795,4.6047034,-3.2738357,1.3164392,-4.1616135,-0.2807888,-1.5424308
-0.0641475170850753,-2.9341762,2.8078067,2.6819673,-1.4104961,0.62304324,-0.4779598,-2.903301,-2.0764074
-0.0006155604496598,-2.6632698,1.1444306,-0.23491079,-3.66488,3.1441386,-1.5956291,-2.5420554,-3.8952599
0.0,-2.578135,1.3911154,1.5543698,-4.1671886,3.2449126,-0.08491814,-1.7655566,-3.345844
-0.0171624701470136,-4.1283364,3.9567285,2.2137666,-0.23519827,0.5012293,-0.82840514,-1.030333,-1.8589168
0.0988902524113655,-1.8436924,-0.1909015,1.7384014,-0.16978386,3.9149,-3.8856564,-0.9092059,-3.1471305
0.0003670363512355,-2.9623914,2.0217905,-0.36511445,-2.6927366,1.963357,-1.8833041,-2.0634906,-2.9235187
-0.0466420166194438,-3.0914195,2.0078738,0.53687686,-3.9457297,1.9034326,0.08697767,-1.260431,-2.9363062
-0.1728027015924453,-0.8938772,5.582539,-1.2969661,-2.0318112,3.935418,-3.8404622,0.4098975,0.283822
0.0408901199698448,-2.034386,0.13762347,1.4747204,-0.43525517,3.663724,-3.4749234,-1.1247245,-3.2883193
-0.0930578708648681,-3.8112617,3.5738573,3.096731,-0.06223922,0.31871876,-0.5767634,-2.1209998,-2.209072
0.0,-4.0532885,2.6077235,2.221372,-3.9670627,2.2377498,0.68529785,1.4524981,-2.7104402
0.0661522895097732,-1.164681,0.014051635,1.5646333,-1.8065917,3.1764,-3.0619051,-0.865283,-3.9176488
-0.064490370452404,-4.3162265,3.6216893,3.6202917,0.4284011,0.2413211,-0.18484366,-2.323064,-2.6651523
-0.0004398273595143,-2.5394342,1.2338595,-0.25792083,-3.385984,3.2782104,-1.4455333,-2.583507,-3.6949081
0.066817969083786,-1.2801752,0.089300975,1.6733278,-1.4801297,2.859806,-3.3473973,-0.6335745,-3.4624858
-0.2383054047822952,-1.3490268,4.7744274,0.07821603,-2.3965158,3.3743186,-3.7861726,-2.1745677,0.5653243
0.1051525175571441,-0.7953669,0.23001009,2.2650676,-1.4285092,2.0044365,-4.4128957,-0.2523813,-3.196569
-0.0594761818647384,-2.7038286,3.259517,1.8799618,-1.4654343,0.57591033,-1.5502999,-3.9144235,-1.2606323
0.0972246974706649,-2.021369,-0.2628059,1.5592604,-0.82594496,3.2815423,-3.6416926,-0.68432313,-3.7720857
-0.1197777539491653,-2.3214684,2.928244,1.476097,-1.3915906,0.2861389,-2.7823002,-4.583722,-1.3344748
-0.0383501127362251,-2.2570887,3.4287076,1.2670102,-1.1728213,0.10758138,-2.5460284,-4.6186686,-1.8324462
-0.001236272859387,-2.6903102,1.7154486,0.7539521,-4.174123,3.0199158,-0.1810271,-0.803848,-2.8559248
-0.1878882646560669,-2.2585456,3.491644,0.41626203,-3.443987,2.1576052,-3.5433872,-1.7196184,0.59840965
-0.0009954953566193,-2.849426,1.3466326,0.6023075,-4.0862308,2.7208278,-0.04948961,-0.9953987,-3.0798838
0.0997896939516067,-2.1649375,-0.2942657,1.2616593,-0.6231068,4.012364,-4.224073,-0.85044694,-3.6992698
0.0783731937408447,-1.9840271,0.37169382,1.4146556,-0.48323357,3.5376177,-3.7397852,-0.5291811,-3.1726346
0.1255921423435211,-2.0648868,-0.079808764,1.6162941,-0.9287156,3.8114996,-3.7559094,-0.7429149,-3.1952438
0.0,-4.1322355,2.7680428,2.183577,-3.9768722,2.0143821,0.6966457,1.2714014,-3.02196
-0.1595393270254135,-2.36433,3.5394838,-0.4387387,-3.890487,1.6451749,-3.747063,-1.1714303,0.25417927
0.1060335487127304,-1.1444532,-0.023186427,2.8031695,-0.9926048,2.9094348,-4.365881,-0.44168323,-3.1048439
0.0963862314820289,-0.23933473,0.7828103,4.992584,-2.3117552,1.024752,-4.2930093,-0.11387961,-0.7593442
-0.2071785777807235,-0.8847056,5.0514836,-0.7608446,-2.9654555,3.684891,-3.8594432,-0.7151313,0.30303964
-0.1154681593179702,-1.4412397,5.5651536,-1.4639065,-1.8235561,4.449339,-3.7573884,0.089941025,0.055615574
-0.0772752836346626,-3.906821,3.5335348,3.41996,0.39185905,0.48346174,-0.32331413,-2.4091473,-2.369236
0.1283951550722122,-2.8350272,0.4564528,0.014537483,-0.9327161,3.3052316,-2.875707,-0.24178866,-4.3559604
0.1767715364694595,-1.2276338,3.7539523,1.6309779,-1.4495733,-0.58628327,-4.048586,-0.0636801,-2.7821212
0.0,-2.5568438,1.2148734,1.4515394,-4.3311543,3.1210642,-0.0146452235,-1.7772164,-3.1588726
0.042384885251522,-0.46288645,0.53161174,3.146128,-1.4864838,2.1040432,-4.3741875,-0.61992216,-2.5035338
0.0752334296703338,-0.51671743,1.2500902,5.269543,-2.6928942,1.1364625,-4.396728,-0.08593876,-0.94673675
-0.0019573424942791,-4.216777,3.0569534,2.4698412,-3.9195018,1.9304441,0.8367454,1.4093263,-2.9731336
0.0669403225183487,-0.75115305,0.74317414,2.9296138,-2.1004465,1.4931959,-4.4157224,-0.27750328,-2.3956385
-0.007437327876687,-3.144534,3.3128374,0.56213754,-2.5796204,1.4698439,-2.7710881,-1.9912552,-0.089203596
0.0925331711769104,-0.49119535,1.3188851,5.3903017,-2.6433992,1.0918925,-4.117053,-0.089794435,-0.7950849
0.0722934380173683,-2.3884284,-0.1569953,1.0676069,-0.282741,3.8275638,-3.9302042,-1.0132898,-3.7626662
0.0460415221750736,-0.39073193,1.3127451,3.6250486,-2.2340064,1.7775681,-4.2633758,-0.3850131,-1.787692
-0.0003670363512355,-2.7122653,0.9144132,-0.040206015,-3.3284247,3.2670333,-1.5726869,-1.8020309,-3.90841
-0.0086112394928932,-2.8174195,1.3303645,0.54185945,-4.236444,2.7393951,-0.24242839,-0.8080786,-2.832604
0.0998629331588745,-0.63171166,1.5385572,3.4116633,-2.3996897,1.3651816,-4.4084663,0.06733762,-2.0468874
-0.0783841237425804,-4.268577,3.5919664,3.3717844,-0.09773776,0.56749237,-0.4511798,-2.1601195,-2.0941544
0.0153076881542801,-2.7632654,1.7276975,-0.5642897,-2.7689087,2.1358886,-1.5311091,-2.04926,-3.3445108
-0.081614188849926,-2.6198556,2.985649,1.4976594,-0.94302934,0.104132414,-2.0096192,-4.191833,-1.7048966
0.0640092194080352,-1.3020942,-0.21669331,2.2289479,-1.2394285,3.3991857,-4.1863966,-0.73439604,-3.4661784
0.0925009995698928,-1.8481483,-0.074657954,1.4184176,-0.5268588,3.5353162,-3.6705523,-0.7951444,-3.525698
-0.0024228577967733,-4.0676374,2.627794,2.538535,-4.309209,1.9312327,0.4558034,0.7779309,-2.2616794
-0.0888395681977272,-4.298698,3.854074,3.9228113,1.0547355,0.6489715,-0.47970358,-2.6606212,-2.1912732
-0.0388495624065399,-2.536051,2.8419988,1.9928477,-1.2507658,0.105053544,-1.7427435,-4.542659,-1.9112608
-0.0506258681416511,-2.0175514,2.84162,1.5452665,-1.2889023,0.4397575,-2.0178218,-4.1907835,-2.2151012
-0.2210420817136764,-1.0918796,4.4132266,-0.004833065,-3.8695693,3.3210785,-3.788349,-2.2820332,1.7028834
0.0,-2.286369,1.2575239,1.4302542,-4.2878804,3.6044576,0.0572134,-1.6217964,-3.1327758
-0.1369306892156601,-2.328939,3.443715,0.3041727,-3.9739695,2.211299,-4.238155,-1.8180664,0.79044193
0.0473641455173492,-0.57487524,0.95256853,5.390507,-3.422078,1.2536243,-3.6625628,0.104808286,-0.8452035
-0.0447865463793277,-3.8811338,2.987474,3.5955276,-0.24787259,0.23706788,-0.2878213,-2.4544313,-2.3994298
-0.0901067331433296,-4.489118,3.8924599,3.5340166,0.9134534,0.7856935,-0.53690004,-2.2706003,-2.2486055
-0.0416556186974048,-2.7162974,3.21213,1.4237077,-1.9395523,0.63896006,-2.6354587,-4.2474556,-1.2474486
0.000714715803042,-3.9514568,2.5894585,2.319215,-4.3360686,2.1605437,0.64754915,1.2099347,-2.6737478
-0.0997107699513435,-2.2283375,4.96557,-0.8907988,-0.4436959,3.3552547,-3.060474,-0.5039801,-0.47870716
0.0645596385002136,-1.2023307,1.0510185,4.88446,-3.3560557,1.6938972,-2.9458296,0.32735145,-1.5140145
0.0628986209630966,-0.94755006,0.32211244,2.0101948,-2.1113675,2.4751546,-3.5617387,-0.5083913,-3.3607547
0.1737560480833053,-1.2237823,3.8608143,1.7908847,-0.6564708,0.10738917,-3.9952776,-0.1928168,-2.5739236
-0.0997471809387207,-4.39968,4.116556,3.3375723,1.7621435,0.9289907,-0.83166456,-2.7377944,-2.2732646
-0.0463393554091453,-2.351179,2.905553,1.1923826,-1.4041989,0.20219125,-2.303684,-4.4642105,-1.9823211
-0.0552980564534664,-2.6083438,3.0610776,1.4141867,-1.42719,0.4348371,-2.697649,-4.368113,-1.4080191
0.004296051338315,-2.6073291,1.1591688,0.25409886,-3.3952134,2.595951,-0.3171339,-1.0918345,-2.9840307
0.0580972284078598,-2.2520812,0.04342042,1.2232281,-0.43226194,3.8623836,-3.9115374,-0.7528043,-3.7949688
0.0483662001788616,-0.43625164,1.300374,5.203324,-3.0144315,1.1432208,-3.91656,0.07508777,-0.8972068
0.0640448778867721,-0.5030551,1.2905046,4.611144,-2.4818504,1.2971152,-4.2809467,0.06999385,-1.5087731
-0.1428233981132507,-2.1222768,3.3993852,0.89583105,-1.5149486,1.1268201,-3.341377,-3.4038692,-0.44424778
0.0,-4.034741,2.7260787,2.330131,-4.1992707,2.1969645,0.64417773,1.1882204,-2.4798512
-0.1474022269248962,-2.0054197,3.2723331,-0.27304804,-4.174628,1.7562265,-3.453747,-1.2604166,0.65052533
0.0004398273595143,-4.0755386,2.521039,2.220604,-4.0341883,2.1380794,0.640015,1.5377544,-2.8434603
0.0613716170191764,-2.2007036,-0.17806219,1.1210505,-0.3344254,3.7361803,-3.9960039,-0.8766107,-4.2822566
-0.2515649795532226,-1.2823712,4.229094,0.028478041,-4.0977077,3.2565167,-4.2395835,-2.0573344,1.6418644
0.0724591463804245,-1.7258655,2.4627855,1.5532073,0.06692079,1.4014719,-4.2658916,-0.19208658,-3.597793
-0.0339682884514331,-3.104374,2.7341032,2.3466873,-1.3155979,0.37162018,-1.2418028,-3.9597402,-1.0015136
0.1788502782583236,-1.041087,3.8134174,1.6374204,-1.1966555,-0.12335399,-3.9317756,-0.39369017,-2.8584313
-0.0435676164925098,-2.4239256,2.9345467,1.4430543,-1.3442992,0.52984715,-2.8701034,-4.124651,-1.1468437
0.070815697312355,-0.5812104,0.24768081,4.012907,-1.546715,2.380381,-4.2869105,-0.43668896,-1.9898849
0.0969946756958961,-0.37120187,1.1056888,4.96871,-2.898902,1.3605274,-4.568265,-0.080462955,-0.9069869
0.0,-2.4057217,0.80133045,1.4216225,-4.2785416,3.8384314,0.195696,-1.9357792,-3.0926154
0.0862984359264373,-1.9799628,-0.11035796,0.9628637,-1.1246556,3.702831,-3.678109,-0.9883154,-4.3262415
0.054152637720108,-0.8358927,1.3994234,4.988959,-2.9842463,1.5256952,-3.9280982,-0.12769294,-1.0394645
0.0,-2.3555324,1.5026339,1.4787294,-4.0754375,3.2951195,-0.1058677,-1.6555706,-2.9827335
0.0778273791074752,-1.3104478,-0.18282653,1.8815867,-1.1121335,3.3386083,-3.8487709,-0.50367475,-3.5903509
0.0920384600758552,-0.6899501,1.1035246,3.9350965,-2.2870216,1.7951322,-4.5048532,-0.52966577,-1.6250467
-0.091497778892517,-2.253478,3.562465,1.3971868,-1.3180964,0.7929918,-2.625934,-4.531975,-0.8826976
0.098018854856491,-1.9018031,-0.011968315,1.6931581,-0.49253958,3.9176662,-3.7179468,-0.74562657,-3.2602262
-0.057264544069767,-4.179744,3.59572,3.9705849,-0.016608272,0.3551964,-0.25682104,-2.1932974,-2.513101
-0.0751621276140213,-2.604254,3.170041,1.5202498,-1.3579911,0.49411708,-2.505958,-4.6660323,-1.2484493
0.126736044883728,-0.6472185,1.5020002,4.166125,-2.362927,1.3258705,-4.708441,-0.29918993,-1.5755882
0.0884428769350051,-2.096772,-0.27852404,1.0499429,-0.2889492,3.7964432,-4.2320867,-0.45399046,-4.116624
-0.0867257267236709,-2.711465,3.8558085,-0.5207948,-2.982167,2.1304364,-3.4678817,-1.5922285,0.07195127
0.0003043786855414,-2.4387724,1.3106829,-0.17454287,-3.5858014,3.0621915,-1.3951604,-2.2963777,-3.7611454
-0.0010381353786215,-4.01341,2.751652,2.4470696,-3.9511716,1.6411129,0.57779443,0.44364268,-2.3655155
-0.095128908753395,-2.4411466,2.9969792,1.9988426,-1.3846835,0.46569738,-2.3871782,-3.8577645,-1.0162842
-0.0579765178263187,-2.1951814,2.5290825,1.1528155,-1.8363271,-0.005146414,-2.4140072,-4.7279854,-2.0981214
-0.0668343380093574,-2.2993414,3.0218716,1.4172475,-1.6250838,0.51971865,-2.6403224,-4.473514,-1.1037275
-0.0907618999481201,-3.6680224,3.164801,2.6645646,-0.9976313,0.03919114,-0.5780748,-2.4691951,-2.031864
-0.0951863229274749,-3.663859,3.7492924,3.3361237,-0.008606508,0.34077507,-0.3625697,-3.2713852,-1.9440529
0.0953049659729003,-0.6111742,0.846941,5.403788,-2.9892704,1.5413913,-4.2449446,0.29157785,-0.7736837
-0.0613461323082447,-2.1668236,2.6690316,0.99273247,-1.7414266,0.8422502,-2.3384354,-4.537414,-1.7212409
-0.0935685783624649,-2.5673716,2.4616988,1.6497732,-2.1143584,1.5315967,-0.57271314,-3.349785,-2.4579086
-0.0012311208993196,-2.788909,0.98309904,-0.28484997,-3.308406,2.9243462,-1.6320813,-2.4719167,-3.771552
0.0858872681856155,-2.0121248,-0.20321174,1.3826135,-0.62934464,3.6849165,-4.1048098,-0.69691056,-4.1920943
0.166864275932312,-1.4525877,2.8929656,1.773768,-0.4021513,0.14909622,-4.3200264,0.668988,-2.669919
-0.0186065062880516,-4.640093,4.414935,2.9830425,1.4238298,0.6422273,-0.5537273,-2.3159938,-2.053311
-0.0537319295108318,-3.028702,3.1671536,2.8877835,-1.5595272,0.59415674,-0.38081077,-1.7733307,-2.1407473
0.0602203011512756,-2.0999436,0.027003784,0.80981725,-1.3201629,3.4740956,-3.090482,-0.92739576,-4.138042
-0.0011011089663952,-2.7442403,1.3689778,-0.3585622,-3.2698383,3.3733313,-1.6657145,-2.2709885,-3.6506534
0.1288417726755142,-0.3542296,1.5711763,4.7644334,-2.6854174,1.1555812,-4.751426,0.1680665,-1.3484344
0.0489424541592597,-1.7544533,-0.044172905,1.4929777,-1.1555951,3.8713822,-3.7567701,-1.0338457,-3.360149
-0.0008705339860171,-2.252558,1.218669,1.637263,-4.3444223,3.2896585,-0.10227637,-1.9681797,-2.9595573
-0.096129797399044,-4.2393622,3.488917,3.262385,0.442845,0.63929796,-0.3840236,-2.8248844,-1.8471146
0.0567312911152839,-1.9387225,-0.09793607,0.9761212,-0.3136046,3.6537907,-3.91622,-0.6301972,-3.9819686
-0.076334610581398,-4.035194,3.82641,3.748115,0.5528872,0.5505851,-0.21897821,-2.1134346,-2.5056114
0.0747655779123306,-0.71490705,0.1937604,2.6303744,-1.4768643,1.93788,-4.2708163,-0.19070931,-3.000682
-0.0549791865050792,-2.083622,2.8884425,1.2571923,-1.2285863,0.32933483,-2.690495,-4.5342174,-1.9529634
-0.0051330919377505,-2.7599454,1.0597461,-0.32666737,-3.4225423,2.986686,-1.1907221,-2.1060963,-3.7153027
0.1264255046844482,-1.9751747,-0.3633474,1.233705,-0.8059687,3.586114,-3.8639276,-0.59309685,-4.141419
-0.0955640077590942,-4.331584,4.0328956,3.4851284,1.169021,0.6660193,-0.28446928,-2.0829215,-2.4762836
-0.0006220098002813,-2.245647,1.2581087,1.2402629,-4.3393097,3.3435678,-0.2527417,-1.8515178,-2.995565
-0.0826958045363426,-4.3368044,3.7743082,3.6763968,0.8351709,0.34824818,-0.5235955,-2.4177842,-2.107294
-0.0963576063513755,-2.6016667,3.3934226,1.9447197,-1.4306016,0.5480088,-2.3292933,-3.9823043,-0.90706617
-0.1542938351631164,-2.1209142,3.8187525,-0.37361255,-3.9420679,2.1495202,-4.000966,-0.98031807,0.8888062
-0.0834312289953231,-3.1419072,3.3760276,2.3791854,0.3433855,0.6690109,-1.1770031,-3.4084933,-1.8488206
0.0381828360259532,-1.1967328,0.21894793,3.5390534,-1.8905764,2.2381408,-3.2805364,-0.5576502,-2.2249541
0.0936724692583084,-1.6877303,-0.26225394,1.5310646,-0.8146796,3.5148063,-4.317151,-0.5858655,-4.2540874
-0.0004398273595143,-4.2082047,2.8578172,2.3973017,-4.108286,2.1959252,0.57553494,1.2699964,-2.668399
-0.0378081128001213,-3.8232093,3.331608,3.3114405,-0.17144436,0.3584676,-0.45101318,-2.3247762,-2.169577
0.0516235008835792,-2.0025728,-0.004028231,1.3209763,-0.502052,3.9368644,-3.745527,-0.66271573,-4.063008
0.0,-2.445721,1.2391101,1.4346282,-4.5246224,3.258686,0.03118562,-1.8673259,-3.05883
0.1591425389051437,-1.6317033,2.3896196,1.4462334,-0.35198748,0.4868603,-4.1954436,0.71761054,-3.1392648
-0.1474950015544891,-1.8765696,3.269032,0.13084823,-3.8964064,1.9197495,-3.8030636,-1.6049196,0.25166565
0.0,-2.4448211,1.1127465,1.251436,-4.6226034,3.4893007,0.17072907,-1.8416554,-2.8925295
-0.2806531190872192,-0.91642576,4.9722123,-1.6081831,-2.8999705,2.9599826,-3.7675104,0.17590868,0.106511764
0.0830006673932075,-0.452398,1.3057967,5.063009,-2.7548535,1.6877899,-4.2488456,0.06083236,-0.8796072
-0.0519535467028617,-2.1356592,2.9120579,1.4757499,-1.3872569,-0.026121214,-1.9717762,-4.6746635,-2.1464977
0.0,-4.151117,2.8663027,2.2571166,-3.9056816,2.1397972,0.73669946,1.4965124,-2.6594205
-0.0606192871928215,-2.8387375,3.9017465,-0.037998453,-2.380866,1.7387425,-2.8657193,-1.6834356,-0.3333138
0.1272986233234405,-0.72334516,1.4654047,4.2243915,-2.4000247,1.261273,-4.4222975,-0.14151636,-1.7394123
0.0760243460536003,-1.2316581,-0.3432835,2.3497257,-0.94913536,3.4428658,-4.075963,-0.46028498,-3.5101533
0.0713613778352737,-2.0922341,-0.035393037,1.1242348,-0.71753836,3.6042953,-4.093575,-0.7451716,-4.1648436
-0.0001757331192493,-2.5806944,1.3203504,1.4262584,-4.1683846,3.2597556,-0.081344604,-1.662816,-2.9229128
0.0528693981468677,-0.58333343,1.114579,4.9966383,-2.5864773,1.1587751,-3.8086762,-0.023326866,-1.2393428
-0.0012556808069348,-2.2915542,1.5891974,1.614774,-4.0539994,3.6702104,-0.1451503,-1.816504,-3.133862
-0.096377357840538,-2.187527,3.2589595,1.3631458,-1.0230392,0.016954392,-2.7025118,-4.429974,-1.7569203
0.0737140327692031,-0.4529485,0.67988384,5.008376,-2.776566,1.5525372,-4.15637,-0.03920767,-0.98184586
-0.0043030125088989,-2.6253011,0.9628807,-0.35228315,-3.1117957,3.0856438,-1.4870713,-2.2750254,-3.7947032
-0.0645657703280448,-2.1635027,2.789039,1.0727925,-1.182189,0.45589173,-2.482559,-4.3984375,-1.5906407
0.0548893921077251,-2.1087184,-0.17283984,1.090378,-0.6171752,3.839309,-3.8843389,-0.8290543,-4.128511
-0.0641098544001579,-3.0056846,2.4265819,2.6773646,-1.58501,0.49892128,-0.3980462,-2.3596463,-1.9931885
-0.0958229154348373,-4.518783,4.154459,3.60676,0.6276002,0.57395077,-0.10405445,-2.1145234,-2.1242065
0.0610776506364345,-0.32622278,1.1937625,4.1155233,-2.258095,1.4699618,-4.813131,-0.09945328,-1.6947957
-0.1490747034549713,-2.464867,3.418624,-0.10021913,-3.696069,2.0285072,-4.043177,-1.3032526,0.29754865
-0.1106887757778167,-1.0872555,5.575108,-0.66104823,-3.0381036,4.012283,-4.186598,-0.4348368,0.9496918
-0.0429388582706451,-2.7366285,1.775039,1.5575378,-3.301759,3.2302685,0.057737783,-1.9615009,-2.9519296
-0.0945236831903457,-2.665483,3.615365,2.1462333,-0.18585035,0.0587125,-1.7974147,-3.6702437,-1.8720355
-0.2780154943466186,-1.3407023,4.6256595,-0.8071685,-3.373774,3.169403,-3.753337,-0.9134852,0.6748417
0.1280471235513687,-1.9926347,-0.13331331,0.6718922,-0.8224919,3.5080183,-3.7668147,-0.70220196,-3.865378
-0.0917271375656127,-3.296216,3.1873438,2.6383312,-0.71262014,0.2617321,-0.6529478,-2.5717316,-2.5784829
0.0802172422409057,-0.7660025,0.38222498,2.5157008,-2.0309563,1.893941,-4.223862,-0.32784826,-2.9630725
-0.0946322530508041,-3.0286574,4.5342116,-0.04617188,1.2423354,2.6872249,-2.2504635,-1.1417662,-1.376082
0.0924931168556213,-0.44931906,1.22466,5.084486,-2.8940785,1.3894428,-4.28959,0.21699125,-0.8807015
0.1426489651203155,-1.4717947,3.6224852,1.4189662,-0.9782632,-0.0037157536,-4.051357,0.09080127,-2.6051412
-0.0046616909094154,-2.24597,1.1603454,1.340456,-4.0047903,3.320736,-0.4523976,-1.5874094,-2.7930162
0.0005190677475184,-4.0735292,2.8841708,2.368203,-4.057943,2.1071205,0.76732016,1.2973281,-2.926936
-0.1767333447933197,-3.1539865,3.7195911,0.05666822,-3.0385363,1.6158108,-3.4932578,-1.0913327,0.22381896
0.0,-2.650915,1.0882926,1.3564839,-4.3086114,3.4767451,-0.028222136,-1.4339056,-3.250003
0.0712042972445488,-0.5472164,1.201187,4.853831,-2.789314,1.2427968,-4.302613,0.11828592,-1.4508519
0.0500199981033802,-0.43215954,0.75992936,4.3378854,-2.7697139,1.9102789,-4.3481784,-0.2732907,-1.5972787
-0.1437625885009765,-2.1849654,3.2957199,0.76070464,-1.4879111,0.98744345,-3.1107993,-3.4267278,-0.509531
-0.0778513476252555,-3.15384,2.541603,2.9649773,-1.6402178,0.3218242,-0.49888176,-2.2501814,-2.372693
0.0567846000194549,-0.6357123,1.0856549,5.482427,-2.8885512,1.5337992,-3.7177107,0.07304727,-0.65077096
0.0015423027798533,-3.0787964,1.4266641,-0.7602569,-2.8496563,2.920839,-1.4141186,-1.6983076,-3.723342
0.0001757331192493,-2.546368,0.88107705,-0.26824716,-3.2374692,3.4076529,-1.5910008,-2.1530845,-3.849381
0.0531583055853843,-2.0410416,0.03986575,0.8376411,-1.3093284,3.8339446,-3.9104383,-0.9039739,-3.9437418
-0.1621430814266204,-1.3112584,5.864924,-0.73452944,-2.194563,4.2654862,-4.1267147,-0.29405972,0.87015456
-0.2653060257434845,-1.5832477,4.1616635,0.17379196,-4.231217,2.8378165,-4.106562,-1.824464,1.0878246
-0.0579784996807575,-2.4183056,2.5832186,1.0160083,-1.1585991,0.88485986,-2.3304863,-3.9283254,-1.7891313
0.0424641221761703,-1.8688228,-0.39346978,1.4851304,-0.6012624,4.0474973,-3.8695302,-0.80511546,-3.752711
0.0670514702796936,-0.7349212,0.5022335,4.8380284,-2.8080585,1.541859,-4.022753,-0.021258779,-1.1678267
-0.0958597213029861,-3.4216201,2.9747496,2.9033592,-0.63052726,0.12087634,-0.5189516,-2.1279154,-2.473331
-0.0349727272987365,-4.27343,4.079595,3.686489,1.1410359,0.4518612,-0.35549027,-2.0310154,-2.3125389
-0.1397285759449005,-2.2986393,3.7571294,-0.79240245,-4.085488,1.4291583,-3.7278285,-0.93594784,0.24645
0.1113669127225875,-1.1412357,-0.11623761,2.7698095,-0.91053796,2.8005257,-4.522983,-0.35704288,-3.0735767
0.099460020661354,-1.627852,0.004679084,1.6626518,-1.0580277,3.818659,-4.0777354,-0.7351388,-3.256042
0.071242019534111,-0.5757531,1.0251472,2.8589835,-2.0182326,1.3818157,-4.3484015,-0.052781038,-2.15613
-0.0579088889062404,-2.4943333,2.7849681,1.6236521,-1.5018308,0.41541722,-1.8885608,-4.1684885,-2.167754
0.0767714530229568,-1.2770133,0.98099756,4.943942,-3.5932503,1.4192982,-2.9618196,0.34839597,-1.4171664
-0.1687509268522262,-2.7338958,3.3232307,0.25179446,-4.038502,1.8686956,-3.8589869,-1.7990618,1.0256625
0.0881592035293579,-0.4674012,1.1880499,4.46047,-2.5047858,1.3933755,-4.7342963,0.0055180117,-1.4407322
-0.0778241157531738,-2.8131216,3.004908,2.000092,-1.3369856,0.38114405,-1.6536996,-4.124528,-1.1307844
-0.0237507596611976,-4.5330057,3.8627195,2.3641062,0.060276374,0.23229815,-0.6221299,-0.9911889,-2.0553877
0.0300424043089151,-0.93381697,1.1168209,5.207177,-2.9055393,1.5124757,-2.9271312,0.25160587,-1.1295384
-0.0893691405653953,-2.3741617,3.2503817,1.3108747,-1.1785457,0.3976972,-2.6932738,-4.5316544,-1.6955953
-0.0368131920695304,-3.2124856,3.5239403,3.0115407,-0.3514878,0.35483855,-0.54273546,-3.453351,-2.1173153
0.0825233682990074,-1.9792515,0.053418577,1.542825,0.11864838,3.7371247,-4.1074057,-0.88799447,-3.9462383
0.0995807200670242,-0.6351142,0.8942511,5.0809298,-2.415521,1.7146617,-4.501309,-0.08494296,-0.84901047
0.0666012987494468,-0.9521371,1.3498389,4.1563463,-2.4107893,1.377902,-4.653397,-0.42320383,-1.3916072
0.0821560397744178,-1.75725,-0.1241775,1.5315161,-0.87948334,3.8925447,-3.7220407,-0.9801122,-3.4364736
0.1037720143795013,-2.0327265,0.060262203,1.125164,-0.93932384,3.4381142,-3.69921,-0.68527395,-4.195345
-0.0006012359517626,-4.066534,2.64244,2.202375,-4.281552,2.1307209,0.7617315,1.1883054,-2.7625206
0.0552133098244667,-0.71527094,1.1843176,5.4273005,-3.131406,1.6648602,-3.7790463,0.3803493,-0.9779653
-0.041556928306818,-3.2083116,3.103731,2.7360537,-1.2117352,0.4530354,-0.4803215,-2.276137,-2.0845387
-0.05650120601058,-2.2736359,2.7842646,1.4424514,-1.3064094,0.23647657,-2.7077613,-4.3128533,-2.1379163
-0.0522654764354229,-2.3467426,3.0224416,1.390692,-1.3963468,0.42006272,-2.1266828,-4.4343915,-1.7882748
0.0528220906853675,-2.1776223,0.024969496,1.1717387,-1.054751,3.3454576,-3.688972,-0.84892684,-3.6866405
0.0001757331192493,-4.119883,2.7322695,2.1866677,-3.8682344,2.111654,0.8257535,1.2017907,-2.7380147
-0.0573874525725841,-2.629643,3.1380706,1.5129765,-1.7828146,0.785668,-2.5283606,-4.6811266,-1.1697253
0.0889939740300178,-0.3483206,1.0838226,4.1262827,-2.4294858,1.6349437,-4.4296465,-0.26997995,-2.1833677
0.0,-4.292143,2.8498366,2.3998501,-4.013879,2.0043266,0.5548916,1.3368651,-2.718032
-0.1225492656230926,-2.801364,3.3204436,1.9085705,-1.3935981,0.38490757,-1.6838505,-3.8159928,-1.0952119
0.0894650742411613,-2.3085234,-0.1411529,1.354263,-1.1443089,3.86014,-4.001888,-0.9472404,-3.5745485
0.0720000267028808,-1.9031513,0.13259207,1.5028406,-0.62967193,3.6776855,-3.6162853,-0.87705994,-3.2947924
0.0962550193071365,-1.5039083,-0.30186927,1.5713295,-0.58539623,3.232115,-3.9921587,-0.87043947,-3.6949642
-0.1810987293720245,-2.7959046,3.4317575,-0.6873056,-3.9328568,1.4231242,-3.4074721,-1.2838126,0.4571289
-0.0332949683070182,-4.094923,3.4408505,3.5385575,-0.305732,0.67224485,-0.13352036,-2.5323608,-1.866233
-0.0009114888962358,-2.3611062,1.2762886,1.6272764,-4.047477,3.215751,-0.085878626,-2.0629349,-2.928733
0.0998309776186943,-2.153175,-0.22229148,1.6009098,-0.58241206,3.44529,-3.8075333,-0.9140881,-3.2115443
-0.2310429662466049,-1.9599376,4.171853,0.18972197,-4.064231,2.733344,-3.968552,-1.460919,1.1047223
-0.1967911571264267,-2.4865804,3.5362794,0.04589858,-3.7685664,1.8686099,-3.715253,-1.7670821,0.3694725
-0.1112988591194152,-2.1333718,2.5064626,0.04637617,-2.329601,1.750916,-2.1966884,-3.676357,-2.4350717
-0.0809111595153808,-4.0013356,3.49798,3.3933654,0.17560942,0.14499013,-0.27027056,-2.584385,-2.07522
-0.0375619381666183,-2.9181206,3.2437801,1.9024187,-1.2224061,0.38944006,-1.5404603,-3.9238791,-1.3672285
0.0564111657440662,-1.5397336,-0.4427223,1.4681475,-1.2282141,3.2175238,-3.6477182,-0.8314979,-3.808951
-0.0001757331192493,-3.8161638,2.6606855,2.6016972,-3.960798,2.2853608,0.61087596,0.95108956,-2.5800781
-0.0711249783635139,-2.681992,3.185071,1.9068643,-1.0363641,0.48002973,-2.1505632,-4.020448,-1.2706648
0.0006155604496598,-4.1649246,2.6891918,2.3224678,-3.918903,2.2750356,0.8340014,1.2964753,-2.8182228
-0.0368625074625015,-3.519163,3.249653,3.04682,-0.47233847,0.32441542,-0.60843694,-1.9865721,-2.5544686
0.0,-2.6319757,0.9897184,-0.20416611,-3.2772229,2.977635,-1.5686647,-2.4780118,-3.834238
0.0,-2.4276204,0.99589574,-0.20894185,-3.493446,3.0154014,-1.4763197,-2.5741725,-3.9018514
0.0413135588169097,-1.7391033,-0.17205422,1.4188106,-1.1099489,3.6294057,-3.7463555,-0.9283531,-3.5617745
0.2612478137016296,-1.5733876,4.1724434,1.4248984,-1.1234506,-0.6227015,-3.9243922,0.22604237,-2.2802749
-0.0037578882183879,-4.4359007,2.880874,2.1512506,-3.9410126,1.9856286,0.98513544,1.468555,-3.117139
-0.0576030686497688,-4.1351376,3.6969905,3.715134,-0.31433976,0.6931936,-0.21986425,-2.2044768,-2.4924927
-0.0011660699965432,-4.222249,2.8570347,2.1501932,-3.7649138,1.8999125,0.8087394,1.2981212,-3.0951016
0.0744506865739822,-0.47925833,1.1332048,5.2730865,-2.9930134,0.954766,-3.6519732,0.36323345,-0.77374387
0.0006220098002813,-4.214915,3.1348493,2.3387234,-4.0928264,1.9369501,0.5325097,1.4399025,-2.8273678
-0.0862907096743583,-2.53526,3.262031,1.7624835,-0.8865954,-0.12370002,-1.9945471,-4.4823413,-1.841318
-0.1323837041854858,-2.1618156,3.9169939,-0.3689509,-3.8335714,2.1970289,-4.172959,-1.2820034,0.96661216
0.1005786955356597,-1.4776292,-0.4870069,1.5132109,-0.6501896,3.2348943,-4.1934757,-0.3700462,-4.21211
-0.1012080386281013,-4.4922953,4.1027617,3.6063368,0.8585516,0.56971174,-0.2986964,-2.1728144,-2.1171184
0.0001757331192493,-4.0614085,2.7850962,2.3610618,-4.112733,2.2124176,0.8464324,1.2574809,-2.8038645
-0.0547999441623687,-2.2877834,2.6737747,1.4285083,-1.2490287,0.6928934,-2.4561992,-4.3306284,-2.0658872
-0.099369004368782,-2.6953979,3.597983,0.14973703,-2.3794858,1.6667432,-3.3517172,-1.671224,-0.26989257
-0.0100227249786257,-2.1123168,3.2873216,1.064067,-1.9409606,0.82187617,-3.0898018,-3.4689288,-0.81526387
-0.1028353795409202,-2.314334,3.4312077,0.9946335,-1.0106688,0.23445554,-2.6135137,-4.5870147,-1.1363167
-0.2092968225479126,-2.0267212,3.2523782,0.2811262,-4.091679,1.7440019,-3.823827,-1.7230481,0.27038336
-0.0003111817932222,-2.6196442,1.196899,-0.039473344,-2.7455769,3.0387814,-1.4356071,-2.4813054,-3.7406082
-0.0259409863501787,-3.2517276,3.0746264,2.3315086,-1.3593898,0.46915492,-0.9854216,-3.3343074,-1.3231446
-0.1570794433355331,-1.011567,5.364744,-1.6566571,-3.1859002,3.1617324,-4.0963383,-0.13451721,0.38815627
-0.0360911451280117,-2.5114222,2.8186836,1.5801878,-0.9989173,0.16622287,-1.6932565,-4.370201,-1.5897847
0.0,-2.487737,0.75105155,-0.22959308,-3.235514,3.0380669,-1.615593,-2.5072002,-3.6741986
-0.0889213383197784,-2.5154715,3.119178,1.6183774,-1.6267292,0.2689841,-2.692759,-3.928748,-0.9513027
-0.0623535439372062,-2.6030269,2.8101006,1.8075837,-1.2973464,0.5941839,-2.3280761,-3.9796505,-1.0450547
0.0859199687838554,-2.1496906,0.13034436,1.3040943,-0.655841,3.6960876,-3.794431,-0.63559854,-3.220183
-0.093749813735485,-3.647282,3.722776,3.3372314,0.4556539,0.006010875,-0.53117496,-2.8200145,-2.2739232
-0.0001757331192493,-2.949053,1.4074874,-0.68381506,-2.583337,2.8309631,-1.3922604,-1.6284931,-3.6521547
-0.0472041592001915,-2.2789397,2.794696,1.0155932,-1.5756919,0.26270396,-2.6096656,-4.4586573,-2.3023398
-0.0343124456703662,-2.6056685,3.1757903,1.5258987,-1.3232318,0.40352416,-2.537253,-4.184458,-1.3462732
0.0663104504346847,-1.7847772,-0.25058633,1.9443047,-0.9503114,3.904571,-3.9601405,-0.63930035,-3.6756833
-0.0160697866231203,-2.18053,3.4003859,1.417831,-0.8467483,0.65246403,-2.9181328,-3.9855523,-0.9360705
0.0750021338462829,-1.5315061,-0.19287981,2.165569,-0.9393361,3.4073632,-3.9509954,-0.6695943,-3.4766626
-0.060639452189207,-3.2475019,2.7689335,3.076254,-1.0996865,0.3493577,-0.27183792,-2.341307,-2.3207865
-0.0471380613744258,-2.277675,3.360357,1.6289424,-1.0195056,0.17841883,-1.9434803,-4.435113,-1.7290263
-0.0907172933220863,-4.369523,3.946077,3.5654783,0.780795,0.72517854,-0.2678131,-2.3425663,-2.0550148
-0.1112962737679481,-2.5000722,3.6816552,0.26268932,-3.882575,2.0520372,-3.7816968,-1.8857875,0.9808105
0.0921649113297462,-1.9528422,0.0111794025,1.3548975,-0.59230936,3.6233313,-4.04858,-0.5415073,-4.1238856
0.0,-3.9245138,2.700926,2.4613802,-3.8903291,2.3159244,0.71180815,1.2710564,-2.649759
0.0824832022190094,-2.441307,0.23811698,1.2422771,-0.5045215,4.314068,-4.196975,-0.81293315,-3.5383887
-0.0615827143192291,-3.0883567,2.8779163,2.7796125,-1.8981099,0.58725166,-0.14043255,-2.403868,-2.1978836
0.0,-4.2402797,3.0166113,2.2993958,-3.7181797,1.8162534,0.7686263,0.9589416,-3.1315703
-0.0959867164492607,-2.4709563,3.0057611,1.3140538,-1.3276745,0.26272437,-2.8744805,-4.703469,-1.7717359
0.0012379240943118,-2.975111,1.1316993,-0.68586993,-2.6596673,2.8690622,-1.3956426,-1.7908725,-3.7474651
-0.0723785758018493,-2.4990473,2.859355,1.7146584,-0.8524654,0.060349047,-1.7919149,-4.24311,-2.0540144
-0.0497399680316448,-2.407118,2.7455573,1.5248652,-0.64801455,0.14716725,-2.116534,-4.3954186,-2.1840456
-0.0200839899480342,-2.7179718,1.2745634,0.80393875,-4.0121517,2.5121782,-0.2152315,-0.89562637,-3.0124626
0.0431801863014698,-0.6361226,1.1876792,5.2443533,-2.7239,1.636576,-4.0538106,-0.11940434,-1.1703337
-0.0715980157256126,-2.866111,3.52581,2.095755,0.30495355,0.051423654,-1.830855,-4.1440444,-1.937846
-0.1528338938951492,-2.1612628,3.5073178,-0.27990767,-4.068188,1.6574085,-3.7213173,-1.0818541,0.39871296
0.0799286514520645,-0.56708276,1.3167322,4.4964805,-2.4383252,1.0281725,-4.4600544,-0.069851175,-1.464456
-0.1685972213745117,-2.2700055,3.4735491,1.1348116,-0.97875804,1.9539603,-1.961019,-3.8210318,-1.1443231
-0.0006155604496598,-2.3434386,1.3509141,1.1699703,-4.351029,3.5140033,-0.10161349,-1.9732949,-2.86664
0.0915097817778587,-2.1111007,0.32231194,1.378151,-0.29414755,3.8669496,-3.7347937,-0.8154836,-3.478501
-0.0886309966444969,-2.3380737,3.1655726,0.9362168,-1.4113233,0.043326914,-2.7009447,-4.564833,-1.7281672
-0.1218907088041305,-4.6208134,4.205306,3.652154,1.0052384,0.5625938,-0.40445137,-2.152932,-2.421205
0.0001757331192493,-2.556954,0.8807114,-0.1539788,-3.4041967,3.143637,-1.4867071,-2.3298533,-3.8313446
0.1274502575397491,-2.001764,0.022457045,1.5395697,-0.23807052,3.6090598,-4.1676264,-0.7195393,-3.9052737
0.0,-2.5960622,1.010603,1.6106204,-3.9278328,3.7097297,0.07706467,-1.7593247,-3.2355285
0.0730994343757629,-2.1527476,0.096373804,1.0590401,-0.98634714,4.0135875,-3.6651237,-1.0081636,-3.3028326
-0.0005661552422679,-2.3929074,1.1439217,1.5450518,-4.2171497,3.4442723,0.07397035,-1.6605729,-2.9754117
0.0162184573709964,-1.1731778,3.1575072,1.5502063,-0.8699107,-0.02787694,-4.148788,0.21522036,-3.004878
0.0,-2.7256482,1.1231815,0.55990165,-4.168544,2.7231028,-0.19480313,-1.1448623,-3.044588
0.0813337340950965,-1.738942,-0.20858163,1.615036,-0.70942545,3.3606958,-4.018966,-0.52963465,-4.083691
-0.0011014206102117,-4.1830754,2.8152559,2.183506,-3.9115632,2.190947,0.6534497,1.2831322,-3.0000598
0.0,-2.8817108,1.223936,-0.5347944,-2.8224428,2.463958,-1.4754516,-1.5296371,-3.4351091
-0.0146473329514265,-2.678583,3.1216903,0.9788355,-2.5545454,0.9995906,-2.4188323,-2.0425873,-0.5159583
-0.0072835902683436,-2.7161915,4.351253,-0.5162679,-1.2742655,2.391946,-2.4906447,-0.96639234,-0.1769515
0.09260243922472,-0.64337295,1.1017988,4.1385727,-1.8958788,1.5938996,-4.225298,-0.56648326,-1.903635
0.099912628531456,-2.352138,0.03918208,0.9364781,-0.23900303,3.6475086,-3.6192474,-0.8554537,-4.2233443
0.0814183056354522,-2.3545415,0.055874832,0.80751,-0.40667364,3.9446325,-4.1020184,-0.50686264,-4.171697
-0.0385329239070415,-4.1155653,3.5462334,3.8510683,0.53684163,0.7114045,-0.28925642,-2.157446,-2.4681504
-0.0379194729030132,-2.3856797,3.141303,1.5373098,-0.87277484,0.04699886,-2.4894588,-4.651246,-1.7998002
0.0006948008667677,-3.9688582,2.9734588,2.2125285,-4.1361384,1.8938146,0.6408568,1.3083003,-2.8085368
-0.1403136998414993,-2.241448,3.6761632,-0.37122428,-3.8200452,1.5970238,-3.890583,-1.2083781,0.39846894
0.0004398273595143,-3.8160324,2.7466133,2.2083197,-3.9198856,2.0726454,0.6663481,1.6102196,-2.7563415
0.0529297553002834,-1.4004596,-0.5156629,1.5873886,-0.7927447,3.0011737,-4.025105,-0.8248108,-3.7236476
-0.0009249683353118,-2.263687,0.9783927,1.5417955,-4.3557963,3.767884,0.046679057,-1.7234166,-3.2521124
0.051915805786848,-0.49494135,1.0946751,5.316555,-3.020824,1.5701841,-3.9180644,0.13535143,-0.78640914
0.0,-3.9523945,2.9744143,2.371865,-4.1812544,2.423814,0.83845353,1.1230762,-2.7689958
0.0001757331192493,-2.5107055,1.6438017,0.9144664,-4.348693,2.922586,-0.18483603,-1.1413128,-2.736084
-0.0047208415344357,-2.6918192,0.9294917,-0.1240374,-3.2738261,3.2711966,-1.428698,-2.259042,-3.7674134
-0.0526383109390735,-2.6010175,2.9328222,1.7475824,-1.1828,0.43757927,-2.673445,-4.3703794,-1.3361758
-0.0376896373927593,-3.2337866,3.0067754,2.897262,-1.2307805,0.25249994,-0.57669276,-2.3924491,-2.3496206
-0.0886407494544982,-4.340049,3.6429012,3.8805149,0.7438559,0.5480104,-0.34508762,-2.3661392,-2.2163436
-0.0177832432091236,-3.0305665,3.438325,2.325307,0.006582182,0.17425072,-1.231626,-4.124099,-1.6504391
0.0550673902034759,-0.31771395,1.1186914,5.1125555,-2.4678204,1.514053,-4.033318,0.009070076,-0.81224346
-0.0813537240028381,-3.1122088,2.7363307,2.618599,-1.4460586,0.14979255,-0.45449328,-2.675239,-2.169697
-0.0534754395484924,-2.3964853,2.9714043,1.6569078,-1.5805821,0.5359435,-2.1241362,-4.1990633,-1.3822662
-0.0658582597970962,-2.5154972,3.1239042,1.8623954,-1.2235521,0.43878752,-2.2155838,-3.928931,-1.3452908
0.1042740270495414,-1.8335193,-0.17491493,1.369813,-0.75579476,3.7926483,-4.4330983,-0.70267975,-4.162908
-0.0905040428042411,-3.7733448,3.2510467,3.0470302,0.025123179,-0.06608181,-0.54859614,-3.0110419,-2.137805
-0.0023611737415194,-4.0412445,3.0804603,2.5234053,-4.2247286,2.1202018,0.5769635,1.2867726,-2.848041
0.0,-2.8383217,1.34566,-0.82634413,-2.749729,2.3898914,-1.5148197,-1.7236161,-3.785582
0.0,-2.826664,1.6613224,-0.70253783,-2.8664737,2.8935113,-1.4716907,-1.6146193,-3.5726166
0.0006155604496598,-4.087331,2.6546605,2.2644193,-4.332721,2.410528,0.77610004,1.269581,-2.4693322
-0.0690786615014076,-2.273535,2.9851394,1.2909899,-1.450371,0.39381716,-2.385015,-4.775833,-1.7376424
0.0522889345884323,-2.2809913,0.080623105,1.0659411,-0.647825,4.099126,-3.908597,-0.7357714,-4.1697826
-0.0389303900301456,-2.589829,2.8495355,1.508768,-1.2269888,0.2693205,-2.7534976,-4.4317064,-1.450054
0.0582932457327842,-2.051429,0.051486738,1.2722999,-0.7410716,3.716036,-3.5924711,-0.74798197,-3.1246486
0.0860072970390319,-0.88484955,0.24649185,2.9263864,-1.7659965,2.650895,-3.5998764,-0.63227993,-2.8053386
0.0739924982190132,-0.7104367,1.3880346,5.238109,-2.8744166,1.3036785,-4.11043,-0.06531277,-1.0301325
0.0697706788778305,-0.75027335,1.0551596,5.312168,-2.8161101,1.7102568,-3.6327217,0.17116281,-0.68257105
0.0498652085661888,-2.0658214,0.018655285,0.8496942,-1.1203682,3.616897,-3.3787549,-0.96959543,-4.229159
-0.0925498455762863,-4.278224,3.8497453,3.6057343,0.81794417,0.5454708,-0.58591604,-2.397286,-2.2692554
0.0415605381131172,-0.63461274,0.71701103,4.598285,-2.1686718,1.8631614,-4.227651,0.0004127212,-1.5469681
0.0,-2.7492158,1.2733097,1.2742417,-4.0137224,3.446566,-0.11476951,-1.5751201,-2.9565463
-0.0642994791269302,-4.331829,3.503797,3.8072567,0.3007187,0.35426083,-0.21725443,-2.2115455,-2.4385636
-0.0024804011918604,-2.5840023,1.1573788,-0.18997802,-3.664567,3.1574447,-1.4256622,-2.6473866,-3.7562988
0.0,-2.360718,1.3295785,1.4400166,-4.2425814,3.3733463,0.07315542,-1.8151475,-3.198942
-0.0970573127269744,-2.392355,2.9897022,1.5644189,-1.1187452,0.19869967,-2.2941577,-4.4553595,-1.8161352
0.0524009242653846,-1.7160013,-0.14022662,1.6829648,-0.48559684,3.4124544,-3.8248248,-0.6395165,-3.745351
-0.0920255556702613,-4.2867384,4.251519,3.7327728,1.0850009,0.45877865,-0.23907685,-2.12692,-2.3165762
0.0,-2.210873,1.3627441,1.6743335,-4.012815,3.648808,-0.018641777,-1.8751469,-2.8816292
0.0449663326144218,-0.7277381,1.2125605,4.7614017,-2.6187372,1.242234,-4.04098,-0.22438994,-1.1646428
-0.1906474828720092,-2.2064629,2.9792206,0.6720868,-3.1428673,1.6626412,-3.8501143,-2.2411146,0.40059543
-0.1555436700582504,-2.8619337,4.8580704,0.88698345,1.4849259,2.794437,-2.6649396,-1.7354598,-1.0541941
-0.0877852290868759,-2.5526874,3.0713854,1.8228958,-1.46531,0.36685035,-2.417715,-4.289701,-1.6325356
0.0,-2.5435157,1.3564756,1.2620475,-4.3564005,3.5011113,0.14816141,-1.9328717,-3.0474758
-0.0699001476168632,-2.1813116,3.1090317,1.2681097,-1.4470227,0.10604182,-2.3933084,-4.3841767,-1.9832135
-0.060941744595766,-2.5348625,2.876582,2.5332515,-0.8802122,0.06399511,-1.0099372,-3.236587,-2.3034756
-0.0099216839298605,-2.5534942,1.4116677,0.6738644,-4.159238,2.8524716,-0.0872754,-0.4532776,-2.9493873
-0.0858156457543373,-2.5597348,2.8297837,1.9554268,-1.034006,0.22281478,-1.6968648,-4.480985,-1.8530258
0.0,-4.1439877,2.6057794,2.488226,-3.8418593,2.154242,0.74819636,1.2116317,-2.8719356
-0.0022167591378092,-3.9284565,2.882988,2.2667134,-4.29559,1.989834,0.6537979,1.357743,-2.8475144
0.0,-2.4156518,1.5515332,1.3348022,-4.53168,3.6482537,-0.06620753,-1.5917583,-3.2716668
-0.1941904872655868,-0.77599305,5.4911423,-1.5405066,-2.9149745,3.9562926,-3.9964356,0.0985886,0.54035175
0.0001851039996836,-4.068705,2.8887746,2.3113792,-3.970062,2.097743,0.6211423,1.2056894,-2.8050854
0.0687628909945488,-2.2453182,0.28764653,1.2630863,-0.6664145,3.8976064,-3.8009171,-0.9919376,-3.3698952
-0.096489168703556,-2.5201964,3.2851708,1.4035281,-1.1084899,0.089583725,-2.5094662,-4.5427694,-1.4575019
-0.1296956539154052,-2.180499,3.400529,-0.30983698,-4.3896213,1.6675813,-3.641124,-1.4002833,0.063928574
0.0016771078808233,-3.8478065,2.7774699,2.3823795,-3.954986,2.1161778,0.6734092,1.0941898,-2.9638164
-0.0923123806715011,-2.623963,3.433608,1.3696721,-1.7099284,0.51611125,-2.7706637,-4.3812284,-0.85864055
0.0,-2.2534854,1.0689666,1.6036662,-4.2417536,3.4807951,-0.027205568,-1.9134017,-3.159668
-0.0510103181004524,-3.9734974,3.707465,3.9439342,-0.2066027,0.50187606,-0.41008338,-1.9694636,-2.097278
-0.0636902451515197,-2.3067095,3.068188,1.4232701,-1.1916049,0.6016785,-2.3725283,-4.371651,-2.1249912
-0.0012659617932513,-2.795518,1.2619056,0.5663854,-4.416165,3.0754576,-0.082790166,-1.0005682,-2.9364522
-0.0922445431351661,-2.1963215,3.0237904,1.2301825,-0.9832823,-0.0047667325,-2.4558346,-4.3667746,-1.6245909
-0.005363748408854,-2.3135753,1.1775069,1.0056465,-4.543539,3.281551,0.06646094,-1.734656,-3.0321286
-0.1122181117534637,-1.4531485,5.3707232,-0.7040173,-1.8157972,4.334628,-3.886776,-0.40496454,0.6139
-0.006321920081973,-2.4442556,1.6470274,0.5126441,-4.6949067,2.7908056,-0.0340693,-1.0380806,-2.7906928
0.0756916031241417,-1.5450424,-0.0801885,1.9633806,-0.7944988,3.2299764,-3.9400532,-0.6007709,-3.6891377
-0.2358450442552566,-2.0306642,4.064343,0.17606407,-3.8952265,2.922872,-4.361959,-1.6772155,1.1797341
-0.1005825027823448,-2.649298,3.4419045,0.61905164,-2.7433615,1.7308209,-3.0838816,-2.067998,-0.03691165
0.0,-2.3090208,1.2356035,1.5915023,-4.150988,3.5557413,0.06117395,-1.7629074,-3.010382
-0.0099592050537467,-3.5330625,5.016962,1.6850669,2.0570543,2.0152707,-1.9930527,-2.056075,-1.4790114
0.0597605258226394,-0.7612292,1.2250891,4.646149,-2.3887994,1.1977718,-4.341059,-0.14646433,-1.4623777
-0.0442245416343212,-3.0478187,2.742522,2.8375626,-1.9253308,0.8105926,-0.2677555,-2.3836603,-2.0147672
-0.2379064708948135,-1.104607,4.7790875,-0.074119456,-2.5605037,3.5051813,-3.9107056,-1.8691096,0.70036554
-0.0009267422719858,-4.767721,3.206273,1.9897108,-3.0470128,1.9989371,0.8516927,1.0331794,-2.8325548
-0.0340302698314189,-2.526878,1.5468247,1.4252968,-3.7092826,2.9202855,0.14527458,-2.2901325,-2.8996408
0.0001757331192493,-2.0830717,1.3416055,1.2855254,-4.3725185,3.2342312,-0.00013267249,-1.7475423,-2.8601027
-0.0952285900712013,-2.5603108,3.0854921,1.4276698,-1.1970383,0.4327411,-2.7075515,-4.3845086,-0.999117
0.0631326138973236,-2.1459439,-0.051720098,1.0347492,0.005394459,3.6953983,-3.7652354,-0.6319971,-4.311005
-0.0006948008667677,-3.9811811,2.8197663,2.3523161,-3.976128,2.2680817,0.7687082,1.4479402,-2.8772905
0.0779009610414505,-1.1332595,0.10102127,1.855894,-2.1685247,2.2348356,-3.413573,-0.6199563,-3.314058
0.0849170908331871,-1.8889742,0.058902312,1.4056773,-0.283933,3.7125316,-3.7339776,-0.9163154,-3.284008
0.092705100774765,-0.16934617,1.47608,4.8276386,-2.7599375,1.1403582,-4.234852,-0.05947598,-1.4113238
0.0825129151344299,-1.5539777,-0.05647993,1.6897367,-0.2923097,3.6580997,-3.9376526,-0.566165,-3.925329
0.0549942292273044,-1.1579589,0.2579236,2.899526,-2.3212337,2.3867111,-2.9763196,-0.58940184,-2.6077735
-0.0629990845918655,-3.2702155,2.9035134,2.8902793,-1.2556027,0.1550131,-0.5953869,-2.1691356,-2.4158404
0.0482021495699882,-0.61467904,0.60713184,2.6799033,-1.6187149,1.9948683,-4.349045,-0.2598361,-3.1149569
-0.0863696560263633,-4.2752028,4.046451,3.6727803,0.6193258,0.738286,-0.3535039,-2.3696446,-2.0708826
-0.0003670363512355,-2.4458933,1.5041003,1.6037577,-4.379278,3.386866,-0.12380919,-1.8303354,-2.9273016
-0.2279692888259887,-2.6738777,3.442937,0.14738323,-3.8865676,1.4860512,-4.0252314,-1.6006243,0.8557876
-0.0884554907679557,-4.170707,4.000685,3.4441993,0.78599715,0.5667366,-0.21273567,-2.268206,-2.161435
0.1304768025875091,-2.274742,-0.12794593,1.3015597,-0.3375941,3.31293,-4.0111637,-0.7721563,-4.054728
-0.0812502428889274,-2.561019,2.9341974,1.0550592,-1.4370217,0.240064,-2.7856255,-4.4118257,-1.6869801
-0.0373435951769351,-2.327924,2.7800093,1.8550357,-1.1468672,0.43510523,-2.1030483,-4.4280553,-2.0367014
0.0125056505203247,-2.7970786,1.8688595,-0.52254105,-3.0218506,2.3176012,-1.261728,-1.7816199,-3.1385136
0.0488646551966667,-0.39013493,0.8439257,5.258034,-3.3759136,1.3643385,-3.6538358,0.06734261,-1.2666873
0.0007661748677492,-3.0428064,1.6326945,-0.7071777,-2.897571,3.2289808,-1.4062064,-1.7724786,-3.7810404
-0.1491260230541229,-2.6911922,3.724807,0.33837253,-4.0080237,2.0464962,-4.056985,-1.9366935,0.8544713
-0.0004398273595143,-2.4389138,1.6578444,1.449296,-4.1720934,3.763115,-0.15827687,-1.7275743,-3.2528777
-0.0892462655901908,-3.441982,3.4338574,3.023808,-0.53485197,0.24518707,-0.44119406,-2.9372334,-2.528416
-0.0467967018485069,-3.3452067,3.301527,3.0561533,-0.89992386,0.4168869,-0.53901863,-2.239744,-2.4259906
0.0869154706597328,-0.7189262,0.815459,5.1583,-3.5577037,0.8702798,-3.3019369,0.4942549,-1.1346757
0.0732695311307907,-0.56711113,0.60302013,3.9923182,-1.7579257,2.27705,-4.2252126,-0.6363012,-1.8553314
-0.1646729707717895,-1.4555286,4.539653,-0.018759895,-2.510797,3.2042563,-3.5445616,-2.5228145,0.913976
-0.0804054662585258,-2.6961818,2.9278355,2.068194,-1.2415098,0.64825916,-1.8032826,-3.8311,-1.2939817
-0.0001851039996836,-2.1868029,1.4469328,1.719682,-4.5437036,3.5811262,-0.10835146,-1.6406667,-2.8241522
-0.0043004681356251,-2.5767322,1.380394,1.5142784,-4.135592,3.525563,0.21813047,-1.8671676,-3.075542
-0.054566316306591,-4.3953876,3.5880542,3.529351,0.5681558,0.63498765,-0.18700784,-2.0568285,-2.1818037
-0.0012895776890218,-2.3666623,1.2389047,1.3006616,-4.437183,3.1760645,-0.31354234,-1.7538184,-3.0100965
0.0,-2.3727267,1.2581326,1.5702584,-4.035339,3.950304,-0.09736003,-1.6771611,-2.912415
-0.0014528869651257,-2.5890498,1.2245994,-0.41006094,-3.3232617,3.284517,-1.6585739,-2.1542442,-3.8203592
-0.0574863478541374,-2.5057957,3.2879257,0.5784496,-2.9119554,1.6609086,-3.577078,-2.2092946,0.29735345
-0.004743609111756,-1.8514076,0.96164536,1.4821227,-4.6531687,3.016744,-0.08071601,-1.8758378,-2.8592482
-0.097395472228527,-4.44297,3.7902663,3.6719205,0.37419492,0.43537813,-0.2519404,-2.3958483,-2.122091
-0.0390406064689159,-2.6560907,3.137917,1.820285,-1.5648192,0.33321548,-2.3580391,-3.890117,-1.2209418
0.07673230022192,-0.4964609,1.2162248,5.3680453,-3.1307194,1.5521475,-3.5745788,0.30949882,-0.9120881
-0.0741664916276931,-4.1102376,3.6558883,3.6440725,0.48299617,0.18371813,-0.6343666,-2.333534,-2.4697351
-0.0322036743164062,-2.2559428,1.1698503,1.3603841,-4.5057597,2.8948264,-0.16347545,-2.0637186,-2.8787034
0.0737428069114685,-0.2787089,0.8249951,4.2113223,-1.9103041,1.7128768,-4.3042455,0.017585639,-1.4740036
-0.1227096766233444,-2.1908984,3.086198,1.6312219,-0.8610907,0.08453022,-2.5494292,-4.5197463,-2.1727035
-0.0652613192796707,-2.1176617,3.255014,1.3774519,-1.2204714,0.19398025,-2.2679398,-4.4572573,-1.9837109
0.0,-2.5636892,0.6945558,1.5049486,-4.177822,3.7085457,0.17758511,-1.7151018,-3.0730903
-0.1448286026716232,-2.3417149,3.7215667,-0.11074713,-3.2901385,2.2762728,-3.9401414,-1.0851701,0.24423009
-0.0892601162195205,-4.0868435,3.8779013,3.5800922,0.15632606,0.63374895,-0.31764305,-2.605245,-2.2671194
-0.0555896200239658,-3.4895122,2.9954803,3.1860223,-1.0625881,0.2847539,-0.28624076,-2.0937765,-2.6993308
-0.1081864312291145,-4.4980664,4.2810497,3.4166543,0.73292464,0.4356228,-0.47032115,-2.055091,-2.0032787
-0.0526946298778057,-3.6069117,3.1002088,3.2678015,-0.5907454,0.81261045,-0.46061334,-2.9228852,-1.9942733
0.0974797829985618,-1.7424074,-0.14452633,1.6142592,-0.21051769,3.733823,-4.017923,-0.7015903,-4.117853
0.0756153985857963,-1.8127782,-0.23351352,1.7884835,-0.45205092,3.508273,-3.891912,-0.5405403,-4.1128345
0.0778829380869865,-2.253114,-0.16904765,1.2989395,-0.41060784,3.849717,-3.919101,-0.8803269,-4.3443
-0.0924464091658592,-2.3531375,2.9568367,1.7624882,-0.6870495,0.36738962,-2.2324603,-4.50376,-1.6502327
-0.0423310883343219,-2.2735908,2.96254,1.4042542,-1.3156925,0.26587662,-2.3724985,-4.371822,-1.9216946
-0.0478906333446502,-2.447574,2.6598084,1.9273387,-1.2289176,0.52146006,-1.4354067,-4.2879453,-2.2177827
0.007599504198879,-2.9463327,1.6503953,-0.65026414,-2.8825576,2.6891336,-1.3736451,-1.8731376,-3.686114
-0.0006948008667677,-2.2706435,1.5017183,1.3467824,-4.560325,3.136048,-0.052958507,-1.801866,-2.8935513
0.0937530323863029,-0.3503502,1.0431378,4.4979796,-2.4780335,1.1023668,-4.377144,-0.060956605,-1.4633982
0.0572363659739494,-0.5479966,1.2948257,3.3035362,-1.6625946,1.4925666,-4.289867,-0.15425411,-2.15175
0.1013095304369926,-2.264346,0.02063293,1.3351353,-0.4633211,3.575163,-3.6625957,-0.8594448,-3.2548637
-0.1802397668361663,-2.3689337,3.5888834,0.038569316,-3.3380737,1.5723027,-3.8052702,-1.436099,0.06191466
0.1276636719703674,-0.58222306,0.35408795,2.329589,-1.4307848,2.1950333,-4.480374,-0.43369767,-3.1494498
-0.0462126433849334,-3.2359066,2.2513905,3.0554397,-1.5632997,0.4872589,-0.14918987,-1.9441957,-2.1485078
0.1269851773977279,-1.7550443,-0.25942335,1.682333,-0.15770987,3.7561548,-4.0374055,-0.798894,-3.7678866
-0.0014534322544932,-2.9156628,1.0392628,-0.33206534,-3.3224897,3.1149285,-1.3892204,-2.1479845,-3.9488778
-0.0270076543092727,-2.3447576,1.1250902,1.2715472,-4.4837,3.3937244,-0.17463504,-1.6917329,-2.949384
-0.0464032813906669,-2.7601166,1.5733654,1.4425119,-3.4107032,3.1346972,0.14866804,-2.1232858,-2.9810836
0.0554477460682392,-1.8883948,0.05621726,1.5084006,-0.6657936,3.4359362,-3.8335967,-0.83614343,-3.394719
0.0639142841100692,-1.5982455,-0.09843889,1.3488109,-0.91247344,3.9658763,-3.6528804,-0.70738256,-4.092664
-0.2625022232532501,-1.601699,4.26483,-0.6792315,-4.010393,2.5236573,-3.8532908,-1.231565,0.8720421
-0.1590659767389297,-2.5496502,3.30283,0.22205171,-3.5330083,1.6338956,-3.8501859,-2.0670347,0.8646368
0.1007893830537796,-1.8909239,-0.069379315,1.5152556,-0.14781478,3.8049905,-4.1836505,-0.6769633,-3.7855783
-0.0410794243216514,-2.4608018,2.8698545,1.092362,-1.3479205,0.36218867,-2.1532898,-4.637253,-1.9966648
0.0703833773732185,-0.40178153,0.6151341,4.2425714,-2.0962977,1.7249194,-4.3032084,-0.32284585,-1.6974937
0.0,-2.2953916,1.3149552,1.2235336,-4.199483,3.5051045,-0.15162188,-1.7333003,-2.9828582
-0.2526215612888336,-2.1118827,3.3068578,-0.14890563,-3.9091063,1.6545715,-3.834747,-1.2122467,0.4211018
-0.0043629696592688,-2.5628283,1.387976,1.3225832,-4.4701567,3.6211207,0.021792468,-1.8732649,-2.8867693
-0.0889438092708587,-4.119671,3.8148553,3.284216,0.5379235,0.4537279,-0.4511093,-1.9174187,-2.2203836
0.0999593883752822,-0.39664555,1.1004629,5.0178337,-2.8768382,1.1542561,-4.127122,0.09339224,-0.98407227
0.0,-4.05256,3.168146,2.1062193,-4.05893,1.9023825,0.6123689,1.1768731,-2.9556887
-0.1273016929626464,-2.5313425,3.5582864,0.2310952,-3.94399,1.6944282,-3.3102238,-1.8670425,0.061145928
0.0005190677475184,-4.173347,2.8048673,2.3403878,-3.9629228,2.2286348,0.4525138,1.3245643,-2.7999501
0.0435842648148536,-2.0426004,-0.10767791,1.3598223,-0.6768904,3.777728,-4.2701488,-0.60066706,-3.9698372
-0.0006220098002813,-2.4252398,1.4440017,0.5341363,-4.180599,2.785483,-0.18216982,-1.1539929,-3.0075338
-0.2059595286846161,-1.2950201,4.4941845,-0.012041319,-4.00334,3.005692,-4.26738,-1.9639957,1.501143
-0.0924706012010574,-3.9540665,3.5340853,3.3091643,0.6386925,0.2748269,-0.4541726,-2.5272555,-2.1873038
-0.0919665992259979,-4.38491,3.6602833,3.6622703,0.80067825,0.5214645,-0.121216655,-2.593892,-2.1960118
-0.0673575773835182,-3.7187152,3.4005086,3.5886004,-0.08047415,0.14357835,-0.37408704,-2.039254,-2.449814
-0.0446534939110279,-3.4969707,2.6633847,2.9057314,-1.2643133,0.43876314,-0.3319558,-2.1494427,-2.2512531
0.0003043786855414,-4.248257,2.814397,2.2865083,-3.970465,2.5121624,0.54448676,1.175602,-2.9551399
-0.0400457344949245,-3.546576,3.3309536,3.0990117,-0.96242285,0.49778813,-0.52754796,-2.2042096,-2.3075793
0.1285620629787445,-0.39057645,1.354159,5.1923976,-2.770565,1.1174381,-4.151302,0.15228024,-1.2603155
0.0011315717129036,-4.1169105,2.7059138,2.1053133,-3.8310745,2.2044826,0.47747257,1.3442447,-2.9024918
-0.0027909623458981,-4.254643,2.9899716,2.3468485,-3.752132,2.081758,0.6969149,1.5558438,-2.781192
0.1260744035243988,-1.6027197,2.1468117,1.5656644,-0.28183907,2.096799,-4.2869644,-0.13573296,-3.6148927
0.073568195104599,-0.85071546,0.25442415,2.1035008,-2.0379624,2.3270745,-3.7335286,-0.35338938,-3.4286668
0.0809677690267562,-0.7367645,0.9620907,2.8327262,-1.8100798,1.9338672,-4.350618,-0.55263036,-2.4550822
-0.0011074531357735,-2.661537,1.5069743,0.57708114,-4.3766055,2.5173233,-0.18996811,-1.0770966,-2.9223516
0.0942222028970718,-1.1378245,-0.22746357,1.7235104,-1.5700804,2.9030805,-3.6181219,-0.75281566,-3.6315453
-0.0932184904813766,-4.3785834,4.2547,3.6302497,1.3901427,0.84067184,-0.32954076,-1.9924693,-2.43286
-0.1793224811553955,-2.8696826,3.5865612,-0.0466555,-2.9231224,1.5353789,-3.4651477,-1.4495035,0.09526475
-0.099943533539772,-4.1105766,4.4586616,3.2054965,2.070492,0.86046314,-0.96440357,-2.4206934,-1.9611318
0.0715862140059471,-0.6450386,0.8100043,4.6694517,-2.1529236,2.056048,-4.0170445,-0.31987023,-1.3745695
0.0553205125033855,-1.3244365,0.00093463063,1.5660762,-1.0373778,3.340539,-4.132028,-0.5990198,-3.4627793
0.0453498698770999,-2.2484565,-0.20198035,0.99405825,-1.3269546,3.3683662,-3.0279403,-0.7368516,-4.3010106
0.046025414019823,-1.3511493,0.114170134,3.049478,-2.0899112,2.5303757,-2.803443,-0.55297756,-2.6189353
0.1038640663027763,-2.0463953,-0.2669593,1.0132174,-0.9892119,3.2217422,-3.791835,-0.6707649,-4.3189464
0.0,-2.3036668,1.3158842,1.5004761,-3.9064696,3.3681695,0.17324819,-1.5370373,-2.9793098
-0.1101622954010963,-0.775983,5.6074,-1.0938351,-1.6859149,4.527215,-4.034291,0.0016737459,0.14292927
0.0891977697610855,-2.256118,-0.10317212,1.3589343,-0.4990787,3.6392457,-4.246245,-0.72931635,-3.7572136
0.0964363440871238,-1.5542606,-0.08625203,1.9823352,-0.6463864,3.275507,-4.3387504,-0.6288813,-3.9052389
-0.0452448949217796,-2.3341575,2.8603117,1.5579641,-1.0655342,0.509814,-2.0431526,-4.483738,-1.6873466
0.0447904579341411,-0.42795742,0.7751683,4.307099,-2.3816102,1.6057831,-4.414798,0.058181614,-1.477036
-0.0021274187602102,-2.7452955,1.021158,-0.106185675,-3.4085312,2.936261,-1.525185,-2.362079,-3.7486303
-0.0358022600412368,-2.4289477,3.123872,1.9225262,-1.6205637,0.44611838,-2.502832,-4.067016,-1.0269619
-0.0480264723300933,-4.0144773,3.5300024,3.7970214,0.025382832,0.61841273,-0.14304866,-2.372802,-2.402908
-0.0312579944729805,-2.5701034,3.02978,1.2208695,-1.0469475,0.25859937,-2.8391685,-4.382059,-1.7220427
-0.0122495228424668,-2.4466863,1.4450995,1.528471,-3.899273,2.9553866,-0.29744026,-1.7960467,-2.9544177
-0.0099574532359838,-2.6423166,1.5873058,0.6825983,-4.1074824,2.796263,-0.0022000521,-0.68658245,-3.1999002
-0.0333006232976913,-2.4556258,3.3853498,1.3008646,-1.2284434,0.29314864,-2.5830808,-4.160954,-1.0597965
-0.0545050352811813,-4.311679,3.5218549,3.8665345,0.24977182,0.5546078,-0.26606604,-2.2451932,-2.2799246
0.0816439315676689,-0.50836986,1.1177118,5.348527,-3.084949,1.3322208,-4.1085906,0.08099219,-0.948695
-0.2461088001728058,-0.9177906,4.67631,-0.2678067,-3.2634757,3.5644062,-4.0893903,-1.48763,1.249567
0.075272150337696,-0.69705635,1.0939709,3.4784684,-1.7776213,1.5542929,-4.440493,0.31306726,-1.9833606
-0.0948907658457756,-2.4578404,3.142966,1.7419348,-0.9319888,0.4369402,-2.0051858,-3.995349,-1.7393214
-0.0012130666291341,-4.16864,2.9924564,2.2050557,-4.0499773,2.16593,0.8336568,1.2815031,-2.8137476
0.1279700994491577,-0.5763672,0.5128993,4.478306,-1.9265535,1.853837,-4.3923926,-0.21759114,-1.804011
-0.0006948008667677,-2.615068,1.7402983,0.67108446,-4.436622,2.9151673,-0.11192051,-1.2297022,-2.7906876
0.0452566631138324,-1.7057047,-0.43216357,1.3740797,-1.0092405,3.444326,-4.190097,-0.52378404,-3.9543705
-0.0937249585986137,-4.1222296,3.7704844,3.3938296,0.518937,0.21704523,-0.46194822,-2.6979733,-2.2429705
0.099265918135643,-0.43628395,1.1002994,5.1462083,-2.55408,1.3601937,-4.0679045,-0.081120476,-0.99487257
-0.0493755228817462,-3.0190914,2.0415854,-0.106573924,-2.1969507,1.6554265,-1.8349168,-2.3560886,-2.135892
-0.0709162950515747,-3.283495,3.264822,3.3757951,-0.5997043,0.28661045,-0.35657883,-3.0170836,-2.2165396
0.0969984084367752,-0.6837453,1.3934722,3.963717,-2.080997,1.3425308,-4.5650473,-0.27537364,-1.6103274
0.0006155604496598,-4.172739,3.0767603,2.319746,-4.2947917,2.2309842,0.44215158,1.2271187,-2.8353336
0.0923993289470672,-0.37177318,0.86415166,5.127379,-2.65506,1.7440948,-4.267097,0.061390415,-1.132295
-0.0773831531405448,-2.2019334,3.1123762,1.3129865,-1.0830948,0.13250375,-2.4527097,-4.463783,-1.7720515
-0.1475505828857422,-0.9052352,5.6730986,-0.8504207,-1.7919401,4.421482,-4.1748705,-0.2781755,0.22438866
0.0425260998308658,-0.678403,0.7720538,4.9385943,-2.7849371,1.5230358,-3.87124,0.01543165,-1.2528393
-0.0659090057015419,-2.2485383,2.9769137,1.4052081,-1.2268323,0.36132416,-2.373515,-4.487691,-1.9516807
0.0008705339860171,-4.2775126,2.6906276,2.3636181,-3.8690512,1.9550883,0.71373063,1.2974246,-2.7550354
0.0482182875275611,-2.1021945,-0.14967594,1.3821499,-0.5994394,3.6735063,-4.1182814,-0.67816216,-3.8535504
-0.1034635007381439,-2.9950213,3.616109,-0.3298263,-3.0277815,1.4571344,-3.290847,-1.3148781,-0.3311537
0.0497308261692523,-1.9060696,-0.05529756,0.99599427,-0.6451004,4.0582647,-4.054415,-0.7407372,-4.220663
0.22532619535923,-1.4998147,4.068191,1.3411705,-1.5541399,-0.4452161,-3.621477,0.24612498,-2.1702387
-0.0006155604496598,-2.5916853,1.1036268,-0.10324656,-3.4194684,3.1942875,-1.425792,-2.4807544,-3.6381028
-0.0039634048007428,-4.181301,3.1960359,2.063492,-3.8153746,2.091852,0.7426223,1.4906478,-2.8873138
0.0,-2.4164052,1.3996027,1.6145272,-4.110957,3.573242,-0.1004043,-1.536649,-3.0481002
0.0515855774283409,-2.141376,0.2741798,1.5365149,-0.8400891,3.9033725,-3.661781,-0.9333877,-3.50748
0.0,-4.3358088,3.140215,2.088394,-4.0923243,1.9098008,0.8223409,1.3325232,-2.9844384
-0.0973207503557205,-3.6713884,3.188643,2.987411,0.19360077,-0.10981287,-0.625703,-2.9361296,-2.2741282
0.0730612650513649,-1.2878205,0.24260218,1.888751,-1.7640588,3.1566436,-3.220831,-0.49193612,-3.5765016
-0.0440466217696666,-3.928002,3.0589156,3.359437,-0.07359913,-0.1285833,-0.4986359,-2.239273,-2.2585561
-0.0846503674983978,-2.3604722,2.8165152,1.1378595,-1.0296501,0.466803,-2.5502555,-4.5776405,-1.8568039
0.0507427491247653,-0.47771555,0.52839565,4.2271824,-2.376431,1.715562,-4.273618,-0.5647189,-1.6912758
-0.0781562030315399,-2.5216997,2.7994497,1.3132957,-1.2301431,0.40708363,-2.5016077,-4.4677987,-1.828791
0.0,-4.195223,2.9063244,2.3650198,-3.75125,1.9791274,0.8638786,1.0990809,-2.8128614
0.0634224861860275,-0.62779564,1.3651205,5.4451575,-2.8457797,1.2922106,-3.924779,0.357919,-1.1229991
0.0428202599287033,-1.9588953,-0.42708105,1.5398186,-0.21334574,3.41884,-4.006083,-0.60247374,-4.2538176
0.0910079404711723,-0.8538596,0.65529656,2.5315123,-1.7215472,1.4695097,-4.3014817,0.025887296,-2.3193595
-0.0408701039850711,-2.9594731,2.8706317,2.936883,-1.7967653,0.638234,-0.31077436,-2.0774286,-2.0871997
0.1555177122354507,-0.950901,3.6555724,1.6095465,-1.0571647,-0.055528864,-4.3312173,-0.04367873,-3.1429803
-0.0775715708732605,-3.922379,3.6376607,3.1323435,-0.08184163,0.26369464,-0.49769974,-2.2197413,-2.2166817
0.0576536804437637,-2.2592833,-0.037686653,1.223962,0.054411143,3.7866302,-3.9792016,-0.7794128,-4.116537
-0.057097177952528,-2.3613803,2.843351,1.1610885,-1.4140873,0.38431522,-2.3159952,-4.321272,-2.1739318
-0.0974949151277542,-2.4868212,3.2314281,1.6443747,-1.1686724,0.6669512,-2.2231004,-3.686482,-1.1100783
0.0,-2.6738017,0.9999528,-0.13544412,-3.126462,3.2963088,-1.4826442,-2.3038976,-3.9711895
0.0007676775567233,-2.11281,0.04189822,0.6398692,-2.2925813,3.2552435,-2.024813,-0.6944684,-3.5863037
0.1000464931130409,-0.8061949,0.91625774,5.052014,-3.333327,1.3163528,-3.3264995,0.61753803,-1.2037847
-0.3085402250289917,-1.5720389,3.165918,0.5271831,-3.4697733,1.6904299,-4.175967,-1.8129783,0.02488098
0.0414623655378818,-2.1107814,-0.045174718,1.1878008,-0.5065569,3.8774714,-3.7058165,-1.047497,-3.362617
0.0871350616216659,-0.61667925,1.5628932,4.459189,-2.4181435,1.4894574,-4.6162896,-0.11779569,-1.4979763
-0.0260999239981174,-3.0914474,3.2773845,2.4746656,-0.97534025,0.70368564,-1.1079768,-3.1531997,-1.5320243
-0.1062826067209243,-3.2362297,3.1054015,2.7099562,-0.2736538,0.29046732,-0.84395826,-3.2932231,-1.8404925
0.0,-3.88028,2.5750647,2.0047412,-4.033693,1.7730964,0.56611073,1.2466797,-2.6779068
0.0465115159749984,-0.57043856,0.8608019,4.8515854,-2.6951098,1.4965243,-3.8662694,-0.22304666,-0.8623344
-0.0010729030473157,-3.985734,2.652815,2.2968488,-4.389577,2.3435316,0.41791236,1.4067662,-2.7216563
0.0423582978546619,-0.63273436,1.1063529,4.9790373,-2.5637631,1.3517326,-4.123762,-0.11469409,-1.3981458
0.0536037720739841,-1.7680837,-0.07818769,1.2444488,-0.97647965,3.8528976,-3.8890774,-0.6511072,-4.0679054
-0.0351016744971275,-3.205097,2.6231062,2.8096604,-1.2989831,0.4252488,-0.5141223,-2.614128,-1.9284564
0.0,-3.9523795,2.5541115,2.4615343,-3.8935738,2.3013537,0.69125503,1.0601735,-2.7104216
0.0982035547494888,-2.5740702,1.4035441,0.65072954,-4.536569,2.9857955,0.019294217,-1.0949099,-2.909567
0.0976176708936691,-1.4263428,-0.1813097,2.2607777,-0.12598819,3.3630605,-4.449774,-0.7321709,-3.5052178
0.0,-3.9491959,2.9500976,2.4407578,-4.198028,2.0956707,0.7038213,1.2272831,-2.9192288
-0.1057033464312553,-1.8600365,4.9513993,-0.06328216,-0.9366106,3.6118774,-3.071182,-1.1257013,-0.42579603
0.0538068674504756,-0.7570896,1.1786292,4.931744,-2.5056405,1.8603106,-4.143751,-0.43874824,-1.1825979
0.0956925302743911,-0.59112334,1.7433779,4.620532,-2.1079514,1.4735798,-4.6768384,0.13314503,-1.2719256
0.0966807752847671,-0.38789842,0.71710193,4.953595,-2.6287932,1.1993636,-4.1898303,-0.05183476,-1.0590353
-0.0579520612955093,-2.2955081,3.0515318,1.3675953,-1.3659997,0.42682782,-2.2738051,-4.527992,-1.7242938
-0.0884575545787811,-3.4390543,3.287866,2.699972,-0.7200541,0.06304271,-0.4036901,-2.5438936,-2.692263
0.0516168661415576,-0.6024054,0.8094181,4.254784,-2.2263105,1.9105115,-3.9565992,-0.24501534,-1.5500124
-0.0053185792639851,-2.516074,1.2916838,1.2584269,-4.251478,3.1260402,-0.3212904,-1.5138829,-2.79317
0.0553948208689689,-1.2422974,0.2714462,3.2836943,-2.8608356,2.6626425,-2.874048,-0.6716892,-2.2194617
0.0603091157972812,-1.9520328,-0.24391639,1.5896883,-1.2308993,3.189144,-3.6215246,-1.03185,-3.24093
-0.0716295391321182,-2.4129388,2.961731,1.8576058,-1.0610313,0.28672433,-2.129271,-4.5768127,-1.9014952
-0.0787400528788566,-2.6842043,3.1451435,1.6867759,-1.3972354,0.40710026,-2.4557137,-4.4937,-1.3947109
-0.056835614144802,-3.3179424,2.7995393,3.0384126,-0.35790223,0.10464163,-0.2891643,-3.5226715,-2.3372328
0.0779076740145683,-0.41834554,0.6660757,4.9072433,-2.9430737,1.8806754,-3.607089,-0.21138677,-1.1926427
-0.0451359637081623,-2.4223912,2.5321605,1.5194364,-1.3540701,0.46871418,-2.5847409,-4.3328795,-1.8688856
0.047889482229948,-1.6524667,0.010050807,1.4979477,-0.7352792,3.5951853,-3.5297062,-0.8950935,-3.3178427
-0.0996391847729682,-1.7596779,5.516248,-0.6382511,-1.6292344,4.26057,-3.7220342,-0.37711933,0.68554986
0.0998425334692001,-2.111204,-0.329602,1.6222004,-0.06414877,3.1715205,-4.1202326,-0.53095794,-4.132476
-0.0507515780627727,-3.109155,2.473029,2.8423676,-1.5747445,0.7130066,-0.35374898,-2.179131,-2.5251207
-0.1551902294158935,-1.5068812,4.283209,-0.1274968,-2.65071,3.1023157,-3.2791615,-2.8064404,0.71161467
-0.0905366092920303,-2.5214622,3.2622647,1.2807355,-1.1863647,0.40999255,-2.6562872,-4.4321203,-1.6552775
0.0462756119668483,-1.9228944,-0.17916898,1.2366656,-0.51565444,3.675805,-4.1803813,-0.60542554,-3.900101
0.0,-2.4576442,0.8632612,-0.0408161,-3.3168082,2.894318,-1.356203,-2.4644313,-3.7872574
0.0419729575514793,-0.31595892,0.5094272,5.090806,-3.2526522,2.0073977,-3.8087068,-0.124718055,-0.96457106
0.0969675630331039,-0.42066392,1.4902439,4.922504,-2.8101273,1.2418423,-4.722357,-0.13359186,-1.3685658
-0.1222481280565261,-3.14777,3.1192548,2.6335166,-1.0709955,0.08884068,-0.70972574,-2.274029,-2.2455983
-0.1919123977422714,-1.8356739,4.002343,-0.12069541,-4.0401783,2.25479,-4.1933126,-1.0650128,1.017843
0.0934147909283638,-1.5212548,0.011420846,1.4957261,-0.6896051,3.2771945,-4.0756445,-0.35068876,-4.19257
-0.0496485978364944,-3.7138999,3.414311,3.4679217,-0.6485082,0.5974338,-0.0012145042,-2.388096,-2.1114109
-0.1570904999971389,-2.2401915,3.9175792,0.7333121,-1.4402082,0.502763,-3.3241837,-3.3960161,-0.76993847
0.0491635240614414,-1.1337895,1.2576294,4.8736405,-3.5218034,1.7808273,-2.4285302,0.19902459,-1.2293885
0.0440445877611637,-1.4258314,-0.08696799,1.6853255,-0.67622817,3.1700013,-4.27041,-0.6023997,-3.5067515
-0.0575544461607933,-2.2659392,4.9910994,0.2388134,-0.1743015,3.5556047,-2.806129,-1.1311635,-0.6464466
-0.171260192990303,-1.2859486,4.2770433,0.12047087,-3.8061504,3.26137,-4.003878,-2.011135,1.5092471
0.0673577934503555,-0.47720945,1.0171047,5.0522738,-2.588818,1.5251352,-3.9763298,-0.15049717,-1.2019733
0.0714747011661529,-1.701646,-0.3407126,1.552639,-0.74073243,3.5344546,-3.6470473,-0.8265738,-3.4838805
-0.2177370935678482,-0.8828329,4.920473,-1.0156462,-3.7600117,3.3252685,-4.114297,-0.8269661,0.6790155
0.0566245764493942,-0.6220187,0.70827806,4.192082,-2.2906752,1.7425518,-4.259807,-0.14715326,-1.8530115
-0.0090937037020921,-2.2958274,1.2713895,1.2054496,-4.2040052,3.1700053,-0.077770405,-1.9965692,-2.9708102
-0.1650670617818832,-2.6892993,3.5793576,0.49115354,-0.6917722,1.0493895,-2.1566322,-2.8469558,-1.1098287
0.0980071127414703,-0.53453594,1.2881818,4.7389913,-2.4718184,1.4485925,-4.454423,-0.10450422,-1.2723001
0.0419282391667366,-0.370941,0.99098426,4.910477,-2.7000642,1.0258954,-4.18466,0.07719475,-1.1064682
-0.0211607180535793,-2.8652804,2.698634,0.6845523,-2.056361,0.9261459,-2.3973608,-3.2165425,-1.1224682
0.0,-2.4906113,0.980243,-0.23500344,-3.3930342,2.8300805,-1.6343775,-2.5984633,-3.7873375
-0.0843422040343284,-2.6640325,3.5955076,0.21118432,-3.6542108,1.9299418,-3.753691,-1.8566045,0.5020503
0.0334035940468311,-0.9893204,0.6880257,3.4081795,-2.0804486,2.5012653,-3.2128377,-0.5879506,-2.5351825
-0.0959140136837959,-4.1817713,4.1129413,3.708731,0.8213075,0.6731706,-0.41958442,-2.3542523,-2.302084
-0.0008705339860171,-4.0988307,2.8219078,2.0064828,-4.203817,2.1265953,0.7538676,0.9499967,-2.6697035
0.0685247704386711,-0.833886,0.83277005,5.604545,-3.0157254,1.23987,-3.7874808,0.18281198,-0.6316059
0.0009459785069338,-1.6741735,0.5170584,1.1502194,-0.5678452,2.6234298,-3.8616502,0.16943567,-3.6194158
-0.0679572448134422,-2.71586,2.939936,1.7184623,-1.4506594,0.51425385,-2.2030706,-3.7692115,-1.197335
-0.0542926862835884,-3.2977116,2.731003,2.8238366,-1.5254472,0.21166667,-0.44589925,-2.0291424,-2.572533
-0.0618292912840843,-2.6119776,2.7950692,2.1832888,-0.28672448,0.24576735,-1.4302835,-3.8809123,-2.0197356
-0.0033603934571146,-2.251098,1.1296391,1.1196228,-4.37246,3.17203,-0.17936423,-1.9845495,-3.030469
0.0798507332801818,-2.2923307,0.09185919,0.96289873,-0.6938892,3.5792375,-4.126532,-0.77651346,-3.9070678
-0.050765972584486,-4.4074097,3.3134916,2.0653188,-1.3296379,1.1048799,0.43267798,-0.24959219,-2.5832741
-0.1091024056077003,-3.05844,3.5058732,2.3948727,-0.82386714,0.70338625,-1.0813646,-3.6356232,-1.208303
0.0,-2.5064726,1.0356209,-0.20782733,-3.486541,3.2014382,-1.2993433,-2.579337,-3.7880278
0.0552029386162757,-2.1942341,-0.14710313,1.2558694,-0.5542026,3.4588475,-3.9082549,-0.810548,-4.0060463
0.0006155604496598,-4.303564,2.8082469,2.269693,-3.715499,2.0620618,0.73672974,1.4046412,-3.051252
0.0885784178972244,-1.3332932,0.13102311,1.751344,-0.25466317,3.026264,-4.057282,-0.37156722,-3.7760916
0.2234725356101989,-0.962451,4.3014584,1.4852434,-1.6620092,-0.24006504,-3.7493725,-0.5523195,-2.4060938
0.0433153733611106,-0.61429936,1.036381,3.738646,-2.326345,1.9012278,-4.349609,-0.09726496,-1.7006992
-0.0378793515264987,-2.4972904,3.0829244,1.4703318,-0.7177969,0.66905445,-2.4125564,-4.40861,-1.8108433
0.0584524348378181,-1.7771132,-0.16506603,1.4215499,-1.3655499,3.758806,-3.5339468,-0.8385718,-3.468412
-0.1216179206967353,-3.1266317,3.6631122,0.15389368,-3.2554595,1.8735986,-3.3238363,-1.5351769,0.43885925
0.0510679520666599,-0.18589085,1.280071,3.4531236,-2.3558404,1.6556662,-4.4981136,-0.62290585,-1.6796573
-0.083445593714714,-3.7637448,3.4241898,3.3148797,-0.11887952,0.40011582,-0.4736277,-3.397965,-1.9570137
-0.0339455977082252,-3.1381946,3.009822,3.1241431,-0.6087939,0.27819258,-0.38215026,-3.2116957,-1.9400073
0.1000035107135772,-0.21368878,0.914935,5.4723883,-2.8798137,1.1458602,-4.126682,-0.08370666,-0.7484205
0.0,-2.4663184,1.2904708,1.5883194,-4.386955,3.5706086,0.07277909,-1.639692,-3.0492978
0.0004398273595143,-4.055095,2.9007258,2.3809457,-4.1527734,1.9779996,0.7980277,1.083343,-2.8551064
0.0420457236468791,-0.33840936,0.8357615,5.350493,-3.0627568,1.5204563,-3.9632473,0.031411856,-1.0688814
-0.0020155424717813,-2.479729,1.2648281,1.637618,-4.0618834,3.7535174,-0.10448778,-1.6052026,-3.0051322
-0.0432982258498668,-2.8616014,2.47919,2.2009668,-1.4176294,0.7056606,-0.9850937,-2.8584847,-1.4933288
-0.0889473557472229,-3.177146,2.8177228,2.3979378,-0.950457,0.5750461,-1.203739,-3.1737387,-1.3195779
0.0612471885979175,-0.42979997,1.6368412,4.68696,-2.9413445,1.3328629,-4.2434616,-0.22428498,-1.4389156
-0.133338451385498,-2.9664736,2.9935794,0.7575982,-0.9186151,1.2871946,-1.3118566,-2.902959,-1.8488822
0.0,-2.4787583,1.0314255,1.5596342,-4.4886594,3.5380967,-0.10918334,-1.6374123,-3.1136215
-0.1238291934132576,-3.6982534,3.4753113,3.4595559,0.09115864,0.06767553,-0.24419807,-2.8257816,-2.043662
0.0819733887910842,-2.2002225,0.003521665,1.2624999,-0.7447327,3.6714313,-3.9489107,-1.0406649,-3.699297
0.0,-2.2700236,1.2229339,1.42457,-4.164453,3.586276,0.04248583,-1.9672226,-3.0693398
0.0596058443188667,-0.5535344,0.6634929,2.916161,-1.7407848,1.9574246,-4.4141417,-0.53854805,-2.8330693
-0.1622989922761917,-1.5803162,4.721367,-0.2852748,-0.80639446,3.9645057,-2.9511538,-0.8306588,-0.6092752
0.0488549396395683,-0.44102627,0.90924555,5.08809,-2.7775173,1.4612466,-3.950928,0.042259235,-1.1138756
-0.0245973095297813,-2.3312123,1.2353513,1.229709,-4.363236,3.0067444,0.11564999,-1.7585309,-2.8380675
0.0606784373521804,-2.0967388,0.15342522,1.419027,-0.105449796,3.5864546,-3.7442951,-0.8269088,-3.8784888
0.0670541152358055,-0.3043151,1.3093888,3.988168,-2.7989802,1.6618845,-4.3488674,-0.022473678,-1.6660537
0.046305987983942,-0.4527561,1.2413563,4.2571054,-2.1896963,1.4641751,-4.3456373,-0.32862854,-1.5552112
0.2285514324903488,-1.7163768,4.1391845,1.240636,-1.3672657,-0.3386607,-3.7344775,0.5334568,-2.3553207
-0.1252394020557403,-1.8294616,5.099551,-1.1847622,-1.5992382,4.1396317,-3.272286,-0.10124208,0.4001218
-0.05914057046175,-4.1803145,3.6627195,3.747217,0.5450513,0.5654899,-0.42362857,-2.0218363,-2.447493
0.0005190677475184,-1.9284093,-0.019919023,0.98347753,-1.0144072,3.0665562,-3.3435411,0.043755814,-3.6929126
0.0537871196866035,-0.39732614,1.0539504,4.5360847,-2.2184021,1.8419843,-4.129467,-0.06276406,-1.4259073
0.1994449645280838,-1.9451929,2.1744711,1.4479668,-0.33001834,1.1620651,-4.2884517,0.6613662,-3.1529853
-0.2747706174850464,-2.143147,3.54022,-0.23083305,-3.9078906,1.5745685,-3.5979428,-1.3031503,0.30059892
-0.013089601881802,-2.3715549,1.4566345,1.4418148,-4.608916,3.1387377,0.23428456,-1.7181374,-3.259676
-0.0216098129749298,-2.7487671,3.4396996,2.5471387,-0.25066435,0.3552726,-1.3521214,-3.780809,-1.8236873
-0.0030956305563449,-2.5616548,2.0338514,1.7845064,-2.886762,1.5024658,-0.85093296,-2.5950143,-2.6944468
0.1250532120466232,-1.0296448,-0.13580391,3.174539,-2.5189233,2.9097033,-3.009099,-0.43016845,-2.5503783
0.0,-3.2157948,0.9999032,-0.6666691,-2.4879637,2.946843,-1.2898376,-1.4397091,-3.5904067
0.0,-2.6289089,0.9707127,-0.08679108,-3.097526,3.3210745,-1.656368,-2.4123325,-3.7497356
0.0,-4.083054,2.729735,2.2502832,-3.931619,2.078229,0.6778601,1.2391158,-2.8095918
0.0728110373020172,-1.1577687,-0.11265981,1.847178,-0.68671644,3.2079785,-3.8439062,-0.64787936,-3.6884024
0.1295854896306991,-1.5578939,-0.16985433,1.7563764,-0.5627129,3.1336393,-3.8613667,-0.79097384,-3.7506325
-0.0610211752355098,-4.318698,3.7200584,3.811638,0.5946963,0.72517765,-0.20826462,-2.2203028,-2.194742
0.1900384426116943,-1.616417,3.0123286,1.8549368,-0.9325744,-0.39604497,-4.207041,0.65890276,-2.6490877
0.0491876676678657,-0.548885,1.1893871,5.4896235,-3.1607988,1.2354771,-3.9030786,0.2622426,-0.9641228
-0.1801405996084213,-2.8371162,3.367404,-0.5617124,-4.5140305,1.2256058,-3.801524,-1.8021117,0.60527915
0.0757040530443191,-1.9746959,-0.065417744,1.0872583,-1.0069966,3.6874387,-4.0280375,-0.6206701,-4.0597596
0.0,-4.4265456,2.54092,2.3154864,-4.3113546,2.566472,0.864458,1.2055068,-2.9864154
0.0,-2.339802,0.6770971,-0.3208136,-3.304141,3.3857963,-1.5110586,-2.1239326,-4.0346556
0.0,-4.281767,2.9631472,2.3558354,-3.850386,1.9461983,0.6208023,1.4186523,-2.8425262
0.07937902957201,-1.6482005,0.08489293,1.5711938,-0.75504124,3.6169,-3.6327045,-0.93603086,-3.293603
0.0502069666981697,-2.1073458,0.120684266,1.2348013,-1.3016627,3.9589407,-3.8455327,-1.1300052,-3.1253824
-0.0366475321352481,-4.104603,3.50157,3.547452,-0.05818679,0.516064,-0.30928797,-2.1850235,-2.2934394
-0.0590404421091079,-3.2245839,2.6855338,2.9599762,-1.578543,0.53759843,-0.36368367,-1.922969,-2.215843
-0.1153427138924598,-2.2742145,5.1986604,-1.033746,-1.250541,3.489802,-3.0665138,-0.2999511,-0.053073466
0.0407588295638561,-1.3075873,-0.23245814,2.5813434,-1.5380573,3.0141847,-4.100839,-0.34796393,-2.9051812
-0.0128132933750748,-2.5120132,3.6237493,1.0350718,-1.5255324,0.24680552,-3.1115506,-3.871355,-1.0886037
-0.0700184777379036,-2.1283221,2.9251747,1.3330511,-1.6102295,0.5364212,-2.4683669,-4.446976,-1.8381371
-0.0349928103387355,-2.2819066,2.9983633,1.4659766,-0.9308874,0.15929018,-2.1303282,-4.321153,-1.8425049
-0.0387944504618644,-2.8420753,2.7705603,2.3820693,-1.5462464,0.9476581,-1.074727,-2.8806565,-1.5546118
0.0959390103816986,-0.32654768,1.1575866,4.7729173,-3.0900824,0.7607208,-4.364541,0.18922794,-1.3238457
0.0936028361320495,-2.2570179,-0.1403392,1.0450512,-0.4075486,3.582555,-3.9818697,-0.800732,-4.439966
-0.0095407729968428,-2.6862233,3.4434204,0.6109817,-2.6545084,1.2285234,-2.7779114,-2.3531156,-0.09767769
-0.0475826859474182,-2.5015063,2.623185,1.6903403,-1.4028593,0.48635212,-2.7415342,-4.3657923,-1.4053547
-0.0462390892207622,-4.11886,3.4541042,3.3538632,-0.3950705,0.46822366,-0.17342626,-1.8315563,-2.281739
0.1008273586630821,-2.3657928,0.13030739,1.2474333,-0.47293335,3.527768,-4.309277,-0.7792802,-3.7824483
-0.0693062841892242,-4.2071824,3.8552372,3.5156684,-0.02357212,0.65189004,-0.2956058,-2.5067883,-2.4275057
0.0993619710206985,-1.4833378,0.24335489,1.6506715,-0.44899046,3.75996,-3.9370646,-0.9740959,-3.5079167
-0.1970772743225097,-1.5639387,4.5284767,-0.7270223,-4.2490487,2.8195055,-3.7802732,-1.0899426,1.0229647
-0.1728852987289428,-2.5961006,3.396459,0.30327755,-3.8509593,1.6845621,-3.815094,-1.8632605,0.71826077
-0.0068269716575741,-2.8064375,3.3970263,0.93271446,-2.325948,1.700597,-2.8526545,-2.84169,-0.06810823
0.0812549069523811,-2.3342965,-0.36345997,1.2173597,-0.009862244,3.6941755,-3.8216283,-0.4774938,-3.9872801
-0.0699497610330581,-2.7228725,2.9317765,2.9605343,-1.823472,0.5969526,-0.33260727,-2.531802,-2.2475977
0.0001757331192493,-2.6101296,0.81398124,-0.19290447,-3.195725,3.340359,-1.4783231,-2.1416543,-3.9340546
0.0435798503458499,-0.47579947,1.3590455,4.876956,-3.1602051,1.0890443,-4.0920987,-0.0132094845,-1.5317765
0.0397688783705234,-1.3100735,0.1527237,3.0180888,-2.134633,2.4881854,-3.0432055,-0.48718914,-2.5124528
0.0413496121764183,-1.9042242,-0.10072149,1.3404158,-0.9411469,3.4931486,-3.8168051,-0.8461296,-3.413752
-0.0154721187427639,-2.4461925,0.7467334,0.047735583,-3.2381084,3.4109588,-1.7400926,-2.1642177,-4.1362157
0.0888362377882003,-1.9572257,-0.12558755,1.2218908,-0.6845576,3.5376182,-3.66899,-0.76609707,-3.4437354
0.0671579167246818,-1.5047815,-0.26585478,1.3876737,-0.72089815,3.5175087,-3.8996406,-0.577569,-3.8476114
0.0,-3.9831936,3.0520096,2.2491024,-4.1671405,2.2040772,0.6167768,1.2824985,-2.9834983
-0.04675954580307,-3.176491,2.8906362,2.8602219,-1.2062266,0.2588851,-0.29290187,-2.125751,-2.3364763
0.087486021220684,-0.6036404,1.2174802,3.7295935,-2.0622241,1.1656265,-4.6381536,-0.46427205,-1.949449
-0.1281069070100784,-3.094315,3.5807412,0.16110513,-3.069883,1.7820673,-3.5734057,-1.4019239,0.4807565
0.0680250376462936,-2.158217,0.18662843,1.4523412,-0.5841505,3.9750896,-3.4583979,-1.0296243,-3.1853693
0.0764835625886917,-1.244883,0.13545659,2.1959846,-1.2434629,2.365222,-3.713871,-0.18288985,-3.2929246
-0.0894139558076858,-2.7754803,3.0253406,2.319094,-1.163925,0.72168255,-1.6805199,-3.997316,-0.96987855
-0.0787588357925415,-2.110185,2.7773044,1.2933003,-1.3307694,0.33800521,-2.4716332,-4.3471317,-1.795548
-0.1381471455097198,-2.4816382,3.3567648,-0.12820725,-3.8320956,1.3922378,-4.0321646,-1.4772325,0.33448353
0.0006732309120707,-2.833355,1.5084659,-0.7116364,-3.0410101,2.946938,-1.3372424,-1.7427937,-3.5487647
-0.0006155604496598,-4.161916,2.905928,2.3471055,-3.8843548,2.0126665,0.757784,1.204084,-2.7102816
-0.0443576723337173,-4.4240284,3.6769125,3.881782,0.22835664,0.35042372,-0.39620772,-2.1432939,-2.4709008
-0.1928301900625229,-2.073729,3.8241394,-0.30746186,-4.1758275,2.1009912,-4.0253944,-1.1800967,1.0539255
0.0,-2.3843222,1.1043332,1.6601454,-4.4285874,3.6856897,0.13665251,-1.8379562,-2.7473474
0.0806446373462677,-0.39091897,1.2073627,4.887947,-2.5572963,1.0538411,-4.2680745,-0.11689907,-1.338925
0.0,-4.006387,2.762604,2.1226501,-4.210534,2.0417318,0.7166877,1.2705823,-2.7450793
-0.1296241730451584,-0.74507844,5.569343,-0.9269413,-2.0965564,4.35821,-4.1564827,-0.2831779,0.3174324
0.0875069722533226,-3.9994197,2.887611,2.2122264,-4.123226,2.2187877,0.82015723,1.1981094,-2.7218003
-0.0921867862343788,-2.739058,3.1156542,1.4115101,-1.4893188,0.5082016,-2.7336266,-4.357299,-0.9896666
-0.0367396064102649,-3.7760031,3.474954,3.3577545,0.026091982,0.42150894,-0.12637405,-2.8315973,-2.3732479
-0.041424561291933,-3.0580235,3.2448113,2.361765,-1.3462839,0.629098,-1.1252533,-3.587179,-1.4699054
-0.058373924344778,-4.0382066,3.6623938,3.4290967,-0.2740801,0.48192614,-0.40885925,-2.347555,-2.5317097
-0.000714715803042,-4.5011034,3.1407175,2.7343085,-2.7980273,0.9635276,0.4874925,-0.09504865,-2.4327087
-0.0830309838056564,-1.1538131,5.42235,-1.5052315,-1.9000378,4.5365634,-4.1849346,0.13795936,0.32372308
0.0,-2.4587448,1.0832126,1.376968,-4.3474855,3.4425285,0.23409703,-1.7286618,-3.1183474
-0.155713215470314,-2.1761813,3.547865,-0.007450996,-3.7223964,1.4808683,-3.764667,-1.293599,0.06515381
0.0513259172439575,-2.096533,-0.16165653,1.2623047,-0.879974,3.6821675,-3.8915238,-0.61455697,-4.391875
-0.0388513356447219,-2.250597,3.3730078,1.303519,-0.79794276,-0.065405756,-2.5118983,-4.6365213,-2.0173266
0.0925957784056663,-0.6602888,1.2656252,3.2954159,-1.9363194,1.412294,-4.6297755,-0.037429206,-2.2297633
-0.0011806702241301,-3.8392506,2.5306141,2.6148963,-3.964319,1.7507316,0.5303901,0.4785992,-2.319703
-0.0534804835915565,-3.2479203,2.6558645,2.877741,-1.5816398,0.4185439,-0.41496688,-2.1707249,-2.140963
-0.0973531454801559,-2.6835408,3.206589,2.153675,-0.21006548,-0.31238872,-1.8093942,-3.907867,-1.9732078
0.0,-4.1746926,2.7815168,2.3286161,-4.1299267,2.0576525,0.70448864,1.27999,-2.8394523
0.0868741944432258,-2.1176333,-0.13345167,0.78680974,-0.5439011,3.1523244,-3.7910407,-0.52555466,-4.1977034
0.0002485241857357,-2.2430675,1.627351,1.5858848,-4.129471,3.5435784,0.051376887,-1.8748161,-3.090133
-0.0356182940304279,-2.3069158,3.008993,1.25362,-1.2841035,-0.12432029,-2.941862,-4.6707377,-1.8735924
0.0,-4.159532,2.8843367,2.4221525,-4.340615,2.1725235,0.7754043,1.3350599,-2.635169
-0.0008990517817437,-4.1616325,2.9609904,2.4140065,-4.160879,2.1644375,0.6998906,1.2446282,-2.7362666
-0.0031245215795934,-3.9731007,2.637197,2.1687737,-4.2775187,1.9881768,0.5625874,1.0452133,-2.4907122
-0.0006012359517626,-4.0403504,3.0185392,2.1646788,-3.9454396,2.208897,0.77681285,1.397802,-2.6420937
0.0777791067957878,-0.46964836,0.97252053,4.2725177,-2.124751,1.5009557,-4.1853533,-0.26882282,-1.342505
-0.0721198394894599,-3.9606304,3.2211256,3.1029851,-0.033786386,0.40867406,-0.38607222,-1.9141347,-2.1635938
-0.047409351915121,-2.2047088,2.9452353,1.300628,-1.4068203,0.2562847,-2.7066696,-4.657754,-2.215609
-0.0659800022840499,-2.1937299,2.7637014,1.2265354,-1.7381312,0.4502514,-2.4680414,-4.183754,-1.886104
0.145293653011322,-0.27893972,0.82279694,5.3706717,-2.9081883,1.3822805,-3.865496,0.20033413,-0.8776137
0.0697291046380996,-0.33089995,0.9820416,5.0161004,-2.809811,1.5581367,-4.242014,0.57607466,-1.5132253
-0.0958803966641426,-3.2754822,3.4807742,2.8849745,0.16060248,0.40417385,-0.7415595,-3.2295058,-2.0616045
0.1313014328479766,-0.54038006,1.2165015,5.3409386,-2.693608,1.2571303,-4.210629,0.15452303,-1.1636771
-0.0773582905530929,-2.6162007,3.2038646,2.0764115,-0.87633854,-0.027047899,-1.4902138,-3.929644,-2.1492314
-0.0521536022424697,-2.1281984,2.913174,1.780415,-1.1274908,0.13077933,-2.2086527,-4.4522862,-2.0998344
-0.0471923239529132,-2.907975,3.19941,0.75571257,-2.702608,1.9243557,-2.933106,-2.1674159,-0.59056264
0.0623216778039932,-2.108157,-0.35392353,1.3108469,-0.33716613,3.6624732,-3.9732633,-0.96569604,-4.3024373
-0.0815307050943374,-2.5432367,2.9380927,1.046511,-1.5373368,0.5575328,-2.4981673,-4.580465,-1.635018
0.0001757331192493,-2.377022,1.3922095,1.6100428,-4.381454,3.3146338,-0.011335831,-2.1007576,-2.7439528
-0.0825797170400619,-2.3153737,2.55643,1.3376875,-1.7339209,0.15591937,-2.483176,-4.99466,-1.861576
0.0,-2.4270587,1.577086,1.4971844,-3.7885509,3.1411393,-0.26959544,-1.9542743,-3.222136
0.1267168223857879,-0.43580163,1.1379588,5.2869062,-2.7647767,1.8585098,-4.1701145,0.01595286,-0.9554996
0.0833410322666168,-2.1721272,0.096700534,1.3067296,-0.6017357,3.537559,-3.7536037,-0.57649547,-3.2416167
-0.2546648383140564,-0.9280175,4.9846716,-0.36692652,-3.4241364,3.5483704,-4.1743703,-0.821453,1.0798868
0.0766573846340179,-1.9307853,-0.33929357,1.4386858,-0.4863683,3.612146,-3.9576135,-0.64379096,-3.8365507
-0.0475308932363987,-3.208066,3.2324216,3.2299714,-0.7613454,0.49572858,-0.23433588,-3.2999153,-2.0487905
-0.1155036240816116,-2.7246044,3.6175432,-0.35677338,-2.4206371,1.9672356,-3.1167543,-1.4317145,0.004367508
0.0813875272870063,-0.7039854,1.394135,4.092755,-1.7548935,1.407027,-4.394059,-0.20481426,-1.6683884
-0.19379323720932,-1.7468144,3.432737,0.33247876,-3.025409,1.111728,-3.731364,-3.3518116,-0.20886903
0.0,-2.2656615,1.1828147,1.3899094,-4.3273287,3.5731828,-0.0028352644,-1.7757409,-3.148575
-0.0010604565031826,-4.0236716,2.7691236,2.338671,-4.0323067,2.2589748,0.60095894,1.4168593,-2.769713
-0.0008796547190286,-2.231834,1.1691353,1.2478045,-4.1902084,3.5282447,-0.06445785,-1.6391923,-3.0346413
-0.0009114888962358,-2.9277325,2.1588032,1.8366777,-3.4720993,1.5768391,-0.7097253,-1.5515016,-2.192506
-0.1250852942466735,-2.6937497,3.520287,0.30048183,-3.7095673,2.1306276,-3.9839604,-1.8002383,1.0965772
-0.1983336508274078,-1.3566617,4.224085,0.10089688,-4.137596,3.1163867,-4.4052253,-1.9425582,1.4939804
0.0,-2.7131479,1.4980708,0.41437358,-4.199318,2.773704,0.05268199,-0.7272143,-3.013392
-0.0467103086411953,-3.7510056,3.046226,3.187563,-0.58464503,0.28651783,-0.46660328,-1.8584572,-2.5459325
0.0627547577023506,-1.4022775,-0.43349588,1.4289147,-1.172409,3.200937,-3.5768766,-0.9637919,-3.6152992
-0.0761498883366584,-2.1045806,4.8646736,0.081097394,-0.16255389,3.1562083,-2.7834826,-1.1531364,-0.79044014
0.0885958969593048,-1.6665082,-0.19224729,1.6233321,-0.44859084,4.0243635,-4.1480346,-0.67348534,-4.0611625
-0.0336651280522346,-2.4751081,1.6019554,1.35337,-3.783786,2.9432864,0.020410236,-2.1919627,-3.0438085
-0.0971044898033142,-2.3479204,3.1039562,1.5529635,-1.0233849,0.32189333,-2.308413,-4.486555,-1.5809947
0.0433079190552234,-0.63057435,1.4854264,4.9692373,-2.4250169,1.3491708,-4.2455688,0.23101345,-1.4933097
-0.2430388331413269,-0.9994966,5.268404,-1.4708399,-3.39133,3.3415086,-4.0420356,-0.06554511,0.69205105
0.0002485241857357,-2.0758317,1.0886306,1.3610327,-4.404894,3.604471,-0.123181485,-1.8719095,-2.9176261
-0.0014141247374936,-4.136821,2.413016,2.5229762,-4.466303,2.078099,0.46371937,0.5596889,-2.311648
0.000850276031997,-4.047344,2.7378552,2.2968903,-4.216586,2.2654877,0.55266577,1.360115,-2.9758499
-0.0806071385741233,-2.7435412,3.0879407,1.37831,-1.8314219,0.18608728,-2.7055974,-4.3903832,-1.3647264
-0.0106624625623226,-2.7867465,2.8820536,1.28606,-2.1303618,1.5344038,-2.466796,-2.9563634,-0.38677013
-0.0607026331126689,-2.1184287,2.9673247,1.3634119,-1.083072,-0.020546257,-2.3651118,-4.6288605,-1.8807414
0.075243592262268,-1.8882308,-0.31872225,1.4417621,-0.4659968,3.8846745,-3.8143744,-1.0200721,-3.9204292
-0.0006357255624607,-2.6465623,3.0951486,1.8422529,-1.9276019,0.6613078,-1.4046451,-2.6257968,-1.5618091
-0.0760933011770248,-3.2041025,3.5419528,2.3047583,0.11494577,0.53424436,-0.89639944,-3.383737,-1.7517169
0.0427346341311931,-1.8671784,-0.15508144,1.6477189,0.015166163,3.857701,-4.141291,-0.7889869,-3.9194028
-0.0468030497431755,-2.9719791,2.8430748,2.5966823,-1.6083238,0.9822866,-0.41695702,-2.753528,-1.9156406
0.0,-4.103321,2.7888308,2.3599956,-4.0420747,1.9856656,0.7031275,1.1313273,-2.7770631
0.0,-2.297008,1.3460261,1.6259086,-4.455589,3.4661973,0.004857093,-1.7400162,-3.09023
-0.0057365633547306,-2.6532416,0.6672889,-0.30572796,-3.258047,3.3343818,-1.5272326,-2.3585088,-4.1669316
0.0883227512240409,-1.9785815,-0.26858774,1.4530196,-0.4996739,3.669997,-3.7722368,-0.84398085,-4.4291844
0.0567132458090782,-1.8157231,-0.29076412,1.6774405,-0.8866572,3.4409747,-3.9006534,-0.77695954,-4.135169
0.0656544417142868,-2.1734874,-0.09235981,1.2527723,-0.4863031,3.860922,-3.466267,-0.9729254,-3.4135048
-0.0741889700293541,-2.6432116,2.7579174,2.0522985,-0.82160145,0.26577058,-2.074685,-4.3120484,-1.6972781
-0.0250049997121095,-3.0548584,3.2335136,2.3811026,-0.44451427,0.11544191,-1.2450067,-3.759873,-1.8704633
0.0557537749409675,-2.0659528,0.014164392,1.1846403,-0.23375241,3.9217603,-3.837945,-0.7643143,-4.108495
0.1288402825593948,-1.8197815,-0.07988699,1.5002301,-0.6010606,3.4985404,-3.9501512,-0.57171714,-4.0748553
-0.0329357013106346,-2.822474,1.6206157,1.3592896,-3.6661642,2.368961,0.08095467,-2.1995254,-3.0926497
0.0,-4.043028,2.6125994,2.2277153,-4.217634,2.1531272,0.7097935,1.4481239,-3.1534789
-0.0626877173781395,-2.0555491,2.9196541,1.2026771,-1.3766724,0.40869924,-2.3723392,-4.409872,-2.0112796
-0.1192922741174697,-2.8033388,2.9414093,2.0988948,-1.0309545,0.37531155,-1.9155875,-4.4356785,-1.8729056
-0.0441727042198181,-2.6514785,2.6593037,2.1038947,-1.9464928,0.9317833,-0.7090123,-2.813105,-1.5280862
-0.0420252233743667,-2.3842816,2.8031816,1.5611116,-1.2772763,0.4930541,-2.5426683,-4.455625,-1.7512827
0.0522254072129726,-1.9396514,-0.16829036,1.0084316,-0.40845537,3.9438248,-4.1995735,-0.8803131,-3.9324625
-0.0788382887840271,-3.9254494,3.413266,3.5247755,0.16937223,0.6614535,-0.41626656,-2.5328352,-2.332541
-0.065906748175621,-2.7487955,3.3783236,2.0366628,-1.2144529,0.39593616,-1.8853418,-4.054737,-1.3310087
0.0,-2.6123898,1.2639804,1.4378785,-4.501274,3.5025067,-0.06799164,-1.5080391,-2.9504015
-0.1234631389379501,-4.0587053,3.6531305,3.4960678,0.38034558,0.49623713,-0.3628358,-2.3902283,-2.5170202
-0.0939109399914741,-4.5337734,4.4267898,3.462726,1.2413006,0.72000796,-0.36117125,-2.073352,-2.1640675
-0.0078426506370306,-2.835133,0.8585782,-0.084920645,-2.7935722,3.045145,-1.7379856,-2.4744513,-3.9465168
-0.0578904189169406,-2.5455089,2.4199739,1.9879407,-1.9825972,0.63565075,-1.0962278,-3.0676286,-1.9868734
-0.0449065901339054,-2.5936108,3.0174606,2.1961699,-1.1830503,0.50955445,-1.6749529,-4.1354046,-1.318558
0.0006155604496598,-4.2373514,3.2045765,2.1961672,-3.8756697,1.8134351,0.827153,1.2236878,-2.98381
0.0592405796051025,-2.1088052,0.17729793,1.1881585,-1.0165842,3.8304105,-3.611684,-1.0336303,-3.1296022
-0.0882200002670288,-2.0573053,2.9815817,1.3964648,-1.5149846,-0.116504,-3.0030982,-4.740355,-2.1951604
0.0490001142024993,-1.546349,-0.054813277,1.5191865,-1.2157934,3.6258872,-3.5771904,-0.9652886,-3.379497
-0.0569669120013713,-4.154878,3.5020366,3.4912238,-0.2367011,0.541464,-0.37249216,-2.5660584,-2.0489233
0.0002485241857357,-2.8818781,1.1631749,0.6166798,-4.535768,2.8260293,0.100346215,-0.9002868,-3.1005423
-0.1071764379739761,-1.7833176,5.090428,-0.28793573,-0.9511064,4.223523,-3.3138828,-0.8542192,-0.29826885
0.0569263733923435,-0.77982956,1.4373866,4.566883,-3.0728545,1.3176745,-4.0945435,-0.13307275,-1.1161551
-0.093874491751194,-2.0760112,3.308402,1.1890317,-0.81960547,0.40168303,-2.6964295,-4.569313,-1.7349806
-0.0354001633822917,-2.5514233,3.24227,1.5941758,-1.4314524,0.46544802,-2.948492,-4.3524737,-0.8930062
-0.0607978180050849,-2.3826425,3.018196,1.2818848,-0.9636925,0.6111715,-2.621202,-4.6441064,-1.5573914
-0.1989161074161529,-2.5196464,3.4992113,0.01899445,-3.566848,2.3028874,-3.7817278,-1.9058245,0.64608663
-0.0105839427560567,-2.9064476,4.136589,1.4059191,0.4478129,0.90909994,-2.1882334,-3.185669,-1.0991304
0.047208946198225,-0.6753768,0.9404657,4.902244,-2.6469913,2.0632029,-3.8758504,-0.3102029,-1.2192996
0.1240755692124366,-1.13701,3.2606125,1.6242981,-1.1982514,-0.2377641,-4.066395,0.041776143,-3.441512
-0.0045744138769805,-2.0567474,1.2264937,1.2605107,-4.242309,3.2742217,-0.0806177,-1.9115075,-2.912888
0.0,-2.4080796,1.4401765,1.5357927,-4.2131863,3.6788826,0.09229517,-1.9736983,-2.8687243
0.0574932061135768,-1.193518,0.2158137,2.9379075,-2.0097134,2.707972,-3.4819238,-0.7061643,-3.1043699
0.0697951540350914,-1.8709633,-0.0062427223,1.4491718,-0.788985,3.8289423,-3.4054213,-1.0221852,-3.375742
0.0900157466530799,-0.47470206,1.233276,5.2416334,-2.8697567,1.366627,-4.349125,0.049913358,-0.8792204
0.0505341589450836,-0.8425051,1.2252493,5.252585,-2.8020914,1.4828343,-3.991602,0.15653351,-1.0156049
-0.0070132045075297,-4.021149,2.5983489,2.2791874,-4.058161,2.203425,0.6615258,1.3462877,-2.9424162
-0.0139461932703852,-4.3199196,4.7175765,2.611035,1.9254073,1.1690917,-0.9675658,-2.3278775,-1.7199645
-0.0291224047541618,-3.4689922,2.6544187,2.154198,-2.2129993,0.39519554,-0.5037284,-1.1773742,-1.6772866
0.0631511732935905,-0.6296404,0.98352164,4.778761,-2.88562,1.4546067,-3.8994548,-0.04535283,-0.9280651
0.0895528644323349,-1.7232239,-0.13430467,1.4768022,-1.0378371,3.6686132,-3.7510836,-0.7093741,-3.3570604
0.092340238392353,-0.37129948,1.2843478,5.252274,-2.6232479,1.5119356,-4.3465676,0.042415947,-0.7925645
0.1273659616708755,-0.57913685,1.0283313,5.1500626,-2.7731144,1.1273317,-4.3504534,-0.10449051,-0.814968
-0.0662971958518028,-4.0945344,3.5310173,3.8576276,0.7136587,0.6001522,-0.19933455,-2.223979,-2.2531683
-0.0636302903294563,-3.0360126,2.5036588,2.8915734,-1.603429,0.40917343,-0.20737696,-2.4381177,-2.0934658
0.0598638653755188,-2.2391057,-0.36337256,1.2389288,-0.09164354,3.8387542,-4.005888,-0.37952942,-4.215631
-0.0427414923906326,-2.7705357,2.9718854,1.6928241,-1.2950587,0.26057526,-1.8772783,-3.7727604,-1.0501842
-0.0827092081308364,-4.323788,3.7425938,3.6674373,1.0149608,0.66865003,-0.32685834,-2.1227753,-2.2263057
-0.1905060112476349,-2.69203,3.4454393,0.09646161,-4.1054873,1.8711591,-3.9639444,-1.8913215,0.9471452
-0.1866952031850814,-1.0164765,5.3173604,-0.47948593,-2.9468753,3.8769095,-4.2784443,-0.6215421,1.047666
0.0625804513692855,-1.1372359,0.13531354,2.0065722,-2.3766701,2.6010077,-3.2458372,-0.583246,-3.4837022
-0.0703458189964294,-2.5508254,3.373908,1.8888917,-1.2988975,0.3121239,-2.48459,-4.152322,-1.1855445
0.0535605698823928,-1.8486257,-0.3918138,1.4236968,-0.52046746,3.9378612,-3.7802463,-1.0167713,-3.952448
-0.0730282813310623,-3.6013384,3.2473598,3.046909,-0.2160453,0.14414723,-0.4473531,-2.9587007,-2.247101
-0.0026837899349629,-2.1951888,1.438394,1.7543534,-4.3340406,3.2066936,0.035647433,-1.8219118,-2.989621
0.0994171127676963,-0.5836099,1.3165625,3.8956347,-2.5315247,1.2890936,-4.5767493,-0.38118792,-1.60473
-0.0670462697744369,-2.305769,3.0483124,1.5138699,-0.95267516,0.07644391,-2.2751303,-4.544461,-2.1684754
-0.1694335341453552,-1.7051017,4.8267994,-0.49921376,-0.8607156,3.5047865,-3.4401143,-0.7006436,-0.455514
0.0006220098002813,-4.043061,2.9474533,2.383312,-4.034706,2.2141576,0.67170537,1.2022892,-2.8071716
-0.0494276881217956,-2.8085032,3.082655,1.8912864,-1.550367,0.617768,-2.318391,-4.02996,-1.109144
-0.0881732106208801,-3.4219024,3.3935428,3.1129088,-0.25485438,0.42615855,-0.32525522,-3.4508457,-2.110846
-0.0074151549488306,-2.4950762,1.2789017,1.3762503,-4.2087164,3.483771,-0.046907283,-1.4606938,-3.0846603
-0.1561063230037689,-1.9171474,3.9209762,0.1753011,-4.0807047,2.659909,-4.1136937,-1.7026274,1.4586134
-0.0089559890329837,-2.5114489,1.7178303,1.4737228,-3.806239,2.9749563,-0.16146703,-1.9797466,-2.8470683
-0.1194718033075332,-2.434551,3.0865157,1.5030972,-1.3831596,0.48154974,-2.8026,-4.699195,-1.3694636
-0.1582698822021484,-2.4475803,3.8683288,0.00786966,-3.8299854,2.5291455,-3.969696,-1.4749061,0.9985653
-0.051873043179512,-2.057977,1.0156087,1.4760059,-4.3443804,3.0877218,-0.1631855,-1.9923557,-2.8778844
0.0,-2.4441357,1.4092779,1.7018956,-4.360925,3.2844052,-0.03698686,-1.9429761,-3.022282
0.079119749367237,-2.0406284,0.20904091,1.1403124,-0.76424044,3.5051045,-3.685705,-0.77957064,-3.787185
0.0713386312127113,-1.5195615,-0.15425588,1.6731025,-0.25587618,3.6406584,-4.0452433,-0.72860324,-3.9913802
0.0924049913883209,-0.24403772,0.9097761,4.887964,-2.532588,1.8159709,-4.1358285,-0.17924652,-0.8530187
0.0,-4.107186,2.9043937,2.118967,-4.268776,2.1892474,0.7327574,1.1042746,-2.5962615
0.052919041365385,-1.1458642,0.25517768,2.623918,-2.194325,2.6543555,-3.464508,-0.6416192,-2.9335737
0.0407765954732894,-0.4626559,1.2924079,4.58021,-2.498288,1.2129782,-4.2273164,-0.09329919,-1.3471912
-0.0944906547665596,-3.1916277,2.7767694,2.702839,-0.8783602,0.35981604,-0.5533898,-2.187603,-2.0490875
-0.0918658450245857,-2.4713526,5.030845,-1.0713776,-0.54902005,3.4867656,-2.8016162,-0.8950012,-0.2233716
-0.0440347827970981,-2.9059224,3.3783436,0.6865395,-2.2792258,1.8614097,-3.1872334,-2.4369924,-0.4360121
-0.1613085567951202,-2.1432784,3.4612978,-0.51664597,-4.09513,1.2795532,-3.8536968,-1.1993651,0.19114827
0.053349494934082,-0.95698965,-0.1099158,2.4926012,-1.3194882,3.4119658,-3.9856017,-0.7711562,-3.3303547
-0.0430473014712333,-2.583861,2.7521954,1.847678,-1.4512047,0.49090415,-2.8507135,-4.315059,-1.3010048
-0.0567117556929588,-3.9996414,3.6433585,3.6911843,0.28762737,0.6571115,-0.12902501,-2.5441914,-2.5406613
-0.1005980819463729,-2.7138739,3.3952787,1.8956145,0.031017315,0.066717,-1.8359014,-4.1000385,-1.838269
-0.0425062999129295,-2.5026848,3.151233,2.134906,-1.4629425,0.29667315,-1.7822667,-3.9700696,-1.4621322
0.0,-2.2440426,1.261474,1.5505393,-4.42154,3.6139534,0.114371054,-1.7175494,-3.1854582
0.0966440513730049,-1.9843125,0.019975781,1.3844008,-0.48498926,4.122638,-4.059608,-0.7484574,-3.8068109
-0.1678869873285293,-2.4850516,3.531687,0.20964682,-3.97346,1.9382998,-3.8193877,-1.74943,0.3327721
-0.0008796547190286,-2.5687876,0.713477,0.061502308,-3.1447787,3.2932045,-1.4528104,-2.4978724,-3.7166202
-0.0719495937228202,-4.091704,3.584764,3.9631934,0.37027088,0.5272604,-0.23064569,-2.4465904,-2.307133
0.0,-2.265461,1.4615134,1.4615141,-4.3018303,3.439069,0.00979535,-1.6526022,-3.0258813
0.0924799963831901,-1.9633845,-0.0002797395,1.1706784,-0.90087295,3.2789438,-3.8881872,-0.62404317,-3.8385384
0.0979070737957954,-0.84738123,0.26255202,1.8489739,-1.8257897,2.7047863,-3.6832979,-0.5400486,-3.5116842
0.1546370536088943,-1.7592163,1.8658482,1.2305648,-0.4097374,1.9738054,-4.2236614,0.096898355,-3.4587924
-0.0048987050540745,-2.262175,1.5365909,1.6134584,-4.2450476,3.2721775,0.049509596,-1.6978258,-3.0118778
-0.0003670363512355,-4.2924848,3.0764673,2.1482408,-4.07752,2.2674332,0.75835013,1.2021388,-2.8127458
0.1289040297269821,-2.0674777,-0.08444876,1.3094492,-0.047307,3.6317987,-4.021091,-0.642136,-4.1817775
-0.0376856476068496,-2.2360098,2.9722118,1.5348327,-1.3534447,0.5440504,-2.7903225,-4.57241,-0.738027
0.0,-4.0692935,2.6071346,2.3298903,-4.144376,2.0507615,0.5800272,1.3300751,-2.574738
0.1275749653577804,-1.9239943,-0.25310686,1.2090718,-0.8454669,3.644901,-3.8696108,-0.5723352,-3.7759242
-0.0461714528501033,-3.8588815,3.12136,3.4501684,0.07918635,0.44646585,-0.35783762,-2.6273124,-2.162419
-0.2482366263866424,-0.8210933,5.087251,-0.9617973,-3.2994514,4.0563273,-3.7815523,-0.8987826,0.26523358
-0.0483581498265266,-2.6151655,3.3911302,1.3522278,-1.6907642,0.44669914,-2.577562,-4.2866817,-1.2287074
0.0462325476109981,-0.57840353,1.2546741,3.416333,-2.072921,1.2781588,-4.3524566,0.11604645,-2.1599665
0.0991540029644966,-1.3312788,-0.22209944,2.0359318,-0.949409,3.0806072,-4.2244177,-0.6309296,-4.086411
0.0001757331192493,-4.230645,2.9406927,2.323196,-3.6976886,1.9417262,0.69159395,1.4516889,-2.6625936
0.1201624572277069,-1.0752641,0.54631877,3.553588,-1.7689909,2.3313675,-3.5852714,-0.32105872,-2.4047515
-0.0420569442212581,-3.9926636,3.3248906,3.8574154,-0.057849534,0.52456737,-0.46017566,-1.9450694,-2.4899256
0.0546832382678985,-0.590388,0.28524154,4.314091,-2.832024,2.2955718,-4.1379504,-0.33870345,-1.859941
0.0477593168616294,-0.5187627,0.8665405,4.7312407,-2.4384599,1.5333737,-4.1537137,-0.049429238,-1.2225318
-0.1268374323844909,-2.9971302,3.7581925,1.7319574,0.029646724,1.4839251,-1.9218835,-2.9671524,-0.88948524
-0.095541626214981,-3.6990414,3.0812314,3.325953,-0.03598036,0.59205073,-0.5182917,-2.9867098,-2.0059593
-0.1140094697475433,-0.82403904,5.7237496,-1.3914509,-2.330365,3.6348867,-4.031765,0.17307708,0.1435943
0.1019551530480384,-0.39853585,1.424769,5.234997,-2.6214151,1.1859326,-4.4136696,0.3495702,-0.6579681
0.0,-4.2312846,2.7940629,2.2780542,-4.420821,2.0456045,0.7167908,1.165223,-2.752648
-0.0024333975743502,-3.9190898,2.7837296,2.3272452,-4.5078382,1.984559,0.4612713,0.86028445,-2.2223747
-0.1573639661073684,-2.1875954,5.0748415,-1.1507143,-1.1644373,3.3557813,-3.1042156,-0.40055165,0.05761013
-0.0451398119330406,-3.192183,3.1660907,3.2655702,-0.865656,0.3434161,-0.2564562,-3.058073,-2.1866672
0.0461350046098232,-0.4662878,0.85938525,4.8978076,-3.1578026,1.4168937,-4.0356455,0.18061012,-1.3183889
-0.1206375956535339,-2.901741,3.0459802,1.9891541,-1.1435125,0.15553357,-1.8535905,-4.4587173,-1.7524872
-0.2102001011371612,-1.8593636,5.32596,-1.1268352,-1.5468733,3.9720318,-3.3349736,-0.05556166,0.2888725
0.0769160687923431,-0.60690856,0.7197099,4.4372535,-1.8346345,1.6818458,-4.043072,-0.32557487,-1.7095325
0.0797474905848503,-0.23970658,1.0261285,5.091159,-2.5911715,1.5868415,-4.1411667,-0.26197433,-0.85116
-0.1222883313894271,-4.1839356,3.5258214,3.6431866,0.05746056,0.5268066,-0.19727382,-2.4733062,-2.3993204
0.0491191111505031,-1.882084,0.08414978,1.4783545,-0.8577882,3.3011715,-3.442709,-0.82386714,-3.422563
0.0667973682284355,-1.4350717,0.092312366,1.7410806,-0.81014854,3.6236794,-3.891302,-0.7568617,-3.5382454
-0.036620058119297,-4.1230106,4.1200194,3.4413471,0.47647196,0.5106468,-0.55445623,-2.2340648,-2.23255
0.0,-2.516032,1.2328885,-0.0990902,-3.5980334,3.472816,-1.3249259,-2.6393316,-3.5233533
-0.1552978008985519,-2.399792,3.1646543,0.69490045,-3.5732443,1.7597985,-3.6757784,-2.323109,0.42510957
0.0653853565454483,-2.0311015,-0.25608748,1.262111,-0.7986592,3.7640245,-3.7954152,-0.9175671,-3.5666714
-0.0003111817932222,-2.654336,1.0490084,-0.22843647,-3.16611,2.993528,-1.5076656,-2.3688416,-3.8388126
0.0,-2.5360985,1.0194578,-0.1361292,-3.3333154,3.2620566,-1.5613012,-2.424184,-3.9870965
-0.1224116161465644,-2.9532351,2.9232504,2.1545253,-1.1321466,0.3945599,-1.3850131,-4.0172644,-0.9879403
0.0598680488765239,-0.6640993,0.3749023,4.394865,-2.4884067,2.1451273,-3.8266711,-0.35607058,-1.7123327
-0.0545107461512088,-3.327238,3.2029543,2.6848357,-1.6087844,0.6943283,-0.32455695,-2.1797051,-2.5074162
-0.2850656509399414,-1.6207741,4.002385,-0.02366181,-2.1741772,3.0765162,-3.1429656,-2.994454,0.4610194
-0.0470024347305297,-2.6265662,3.2203634,1.6245604,-1.4756491,0.29647452,-2.2833414,-3.9958897,-1.1300437
0.0993893817067146,-1.2017344,0.08640834,1.7360629,-0.5387819,3.209206,-4.579694,-0.46412176,-3.611669
-0.006631021387875,-2.2675962,1.4647586,1.438408,-4.2731137,3.429096,-0.04829763,-1.6471789,-2.94397
0.1003935560584068,-0.49937904,1.4767357,3.6052327,-2.1358888,1.6322749,-4.5956187,-0.29936147,-1.7995454
-0.0490766204893589,-4.13952,3.6859105,3.8936608,0.16251388,0.35196352,-0.10609777,-1.9806048,-2.3142636
0.0565649047493934,-1.0951277,-0.28562665,1.8248165,-2.1238968,2.5601385,-3.1254196,-0.748907,-3.7839024
-0.0684487596154213,-4.006104,3.652155,3.7145429,-0.024287753,0.49711016,-0.39238125,-2.0148613,-2.3082862
-0.0433680824935436,-2.815014,3.3284068,1.8474524,-1.3859597,0.6305369,-2.640417,-4.1862845,-1.4021989
-0.0743957310914993,-2.257152,2.9752057,1.4430258,-1.2921683,0.18795988,-2.342049,-4.282614,-2.0312219
0.0003043786855414,-2.112022,1.2754635,1.2457182,-4.5811825,3.2264793,-0.07872614,-1.8922658,-2.936426
0.0919844359159469,-1.7187064,0.12326442,1.3684175,-0.51185215,3.5227025,-3.7454987,-0.8112911,-3.1876764
-0.0025380209553986,-2.5724053,1.4783169,1.4327275,-4.2807174,3.5832813,-0.07639499,-1.8504293,-3.0779424
-0.032974500209093,-2.876181,2.0242863,-0.05974759,-2.147678,1.7201424,-2.152112,-2.345222,-2.2968688
-0.2320374995470047,-2.6734679,2.983871,0.13579792,-3.53262,2.0711744,-3.7152476,-1.9280592,0.44631198
-0.0833450108766555,-3.3013365,2.8717072,2.8061702,-0.9128138,0.26311618,-0.508479,-2.2257237,-2.7028198
-0.002127863233909,-2.619526,0.95082855,-0.36780828,-3.0372527,2.7529204,-1.4799259,-2.4372454,-3.9400485
0.069498986005783,-0.4867159,1.1336622,5.419983,-2.7463572,1.4834332,-3.5553162,0.19247968,-0.904161
-0.0719417110085487,-2.7624748,3.0058975,1.9326489,-1.4314027,0.2618529,-1.8296616,-3.9146056,-1.3413599
0.0676730200648307,-1.5321743,-0.15092868,1.7951795,-0.8337539,3.6755373,-3.9470441,-0.883467,-3.910514
0.0480636395514011,-1.3797998,-0.3177379,1.8108096,-0.9958215,3.6322794,-3.9817848,-0.70282024,-3.6089053
-0.0589725002646446,-2.7048452,3.4504185,1.3904606,-1.3351933,0.65643567,-2.6104193,-4.2187757,-1.1122109
0.0047211069613695,-3.9956596,2.842573,2.1898208,-3.9739125,2.097838,0.6602144,1.4785967,-2.633634
-0.0382113195955753,-3.807019,3.232589,2.901698,-1.1881938,0.10581075,-0.5076859,-2.1122885,-2.410822
0.0,-4.111535,3.2252734,2.1187735,-3.946539,2.1623342,0.8792887,1.3995804,-3.0330093
0.0,-3.0771022,1.9058908,-0.11306101,-2.4235752,2.4509354,-1.6428279,-1.3580347,-2.9306579
0.0439500175416469,-1.2405741,-0.086602196,2.3395734,-0.73204166,3.328431,-3.8551419,-0.79577506,-3.4215732
-0.0525711849331855,-3.5157971,3.132928,3.114913,-0.5405856,0.44159096,-0.110879,-2.71179,-2.1052735
-0.1501665562391281,-2.8725827,4.9089923,0.90802467,1.545446,2.782881,-2.7428088,-1.8186525,-1.1301382
-0.0876530483365058,-3.1812086,3.1118371,2.75518,-0.62902385,0.46256083,-0.61046255,-2.5118,-2.1749783
-0.056287907063961,-4.2890077,3.5196555,3.2404654,-0.43395388,0.27055135,-0.45275027,-1.8145407,-2.394214
0.0375706814229488,-1.2910969,1.1776221,5.129136,-3.3526034,1.562056,-2.856738,0.49157196,-1.3206487
-0.0007618034142069,-2.658163,1.0368218,-0.07955482,-3.0364063,2.727407,-1.691199,-2.2039754,-4.045055
-0.0012556808069348,-2.4197104,1.409662,1.4118992,-4.091801,3.535266,0.033967316,-1.6136017,-2.9789824
0.1035371571779251,-0.2769976,0.3791367,3.9611263,-1.5456405,2.2858233,-4.383121,-0.4737627,-1.75057
0.0410054437816143,-0.65010124,0.552822,4.1298313,-2.0166655,1.7516533,-4.1084886,-0.36277312,-1.9466491
-0.0013609718298539,-2.8184254,1.4191498,0.8953395,-4.363341,2.9135766,-0.043135315,-1.1422104,-2.9982343
0.1038730219006538,-0.6857802,0.2070983,2.1615257,-1.8490975,2.1788325,-4.1185,-0.2844601,-3.44707
0.0993101447820663,-1.2852052,-0.08166942,2.0997708,-0.6646444,3.3501408,-4.440095,-0.8018406,-3.720149
0.0925600454211235,-0.78802633,1.3237165,4.840716,-3.0506034,1.6769148,-2.8449616,0.470957,-1.0901306
-0.1251365095376968,-3.780909,3.6116533,3.4065614,0.055157136,0.12460944,-0.40787748,-3.1701293,-2.1606135
0.1259059607982635,-0.4343383,0.5561805,2.8636196,-1.5247943,1.8419222,-4.5782785,-0.23628992,-2.5230963
0.0767429694533348,-2.4045634,-0.15181133,0.97923136,-0.26015288,3.8011403,-4.270331,-0.8141399,-4.107184
-0.0851497575640678,-3.3188837,2.8328388,2.776511,-0.8551145,0.2291091,-0.5846127,-2.8597589,-2.199475
-0.0006155604496598,-2.1351106,1.0247831,1.5222309,-4.1063833,3.424027,0.021238483,-2.0040295,-2.8177428
-0.1096377596259117,-3.7565646,4.681527,2.1818025,2.1313248,1.9391088,-1.7114917,-2.264595,-1.6202486
-0.0799110531806945,-2.757982,2.6586115,0.5856426,-1.5040921,0.6674683,-2.3035984,-3.6233108,-2.0228522
0.0556761547923088,-0.79850525,1.0397444,4.945176,-3.3534586,1.5054042,-3.2346213,0.46450603,-1.2299831
0.056001216173172,-0.42003518,1.201795,3.3829205,-1.9574311,1.3585776,-4.639384,-0.390979,-2.245961
0.0,-4.407963,3.2006483,1.9746158,-3.548309,2.1257777,0.6471844,1.4177288,-3.0113118
-0.1851153224706649,-2.615085,3.4639099,0.034507375,-4.1689224,1.7547946,-3.8146272,-1.960921,0.87702394
-0.0307311583310365,-4.6445427,2.9113588,2.1443224,-2.9770975,1.5763632,0.9576721,0.5422615,-2.8225505
0.0423800162971019,-0.5009846,1.3615109,5.43853,-2.9019356,1.4668857,-4.0124345,0.2842785,-1.0827965
-0.0927581787109375,-4.1877985,3.5848405,3.3968093,0.13303444,0.6948501,-0.3636789,-2.5357814,-1.974669
0.0,-2.2739167,1.5212498,1.3362008,-4.1282697,3.4625432,0.11939676,-1.7235936,-3.062305
-0.0005661552422679,-2.5984452,1.2466927,1.5460725,-3.977102,3.467648,0.10931124,-1.9929607,-3.1337428
0.0812638252973556,-0.49379492,0.9427246,4.5122986,-2.233099,1.4637227,-4.104652,-0.28266314,-1.4765018
-0.0045416052453219,-4.304157,2.9145472,2.0074358,-4.3246126,1.7945105,0.8682365,1.341189,-2.8678186
0.0,-2.5026248,1.1955807,1.7001139,-4.2904506,3.5045667,0.07489008,-1.7599843,-3.1184418
-0.0580658093094825,-2.55944,3.3457203,1.6408505,-1.6182774,0.3711803,-2.243134,-4.057132,-1.3816111
-0.094648852944374,-2.5448263,2.8279202,1.7850953,-1.341245,0.048000425,-2.314628,-4.543917,-1.4861668
0.0737680345773696,-2.2632103,0.06292547,0.97843605,-1.1431909,3.6431894,-3.4002862,-0.8023591,-4.2552657
0.0414719842374324,-2.1223009,-0.20971742,1.1908644,-0.4725641,3.7163143,-3.5719187,-1.0609065,-3.3275192
-0.0282626636326313,-2.9755135,2.704644,0.569457,-1.9844918,0.6110114,-2.2796354,-2.916198,-1.4774637
-0.0009520922321826,-1.9982455,1.154543,1.5450032,-4.359688,3.3417096,-0.14288238,-2.0239725,-2.9701257
0.0519937761127948,-0.7926575,1.11392,5.0903015,-2.9905195,1.3631564,-3.8479683,0.09267998,-0.8332824
0.0715469643473625,-2.2728012,-0.010708265,1.1035901,-0.34718475,3.8645813,-3.922468,-0.8477073,-3.561243
0.0770294070243835,-1.2123204,-0.32882512,2.3475802,-0.6549209,3.6354454,-4.16082,-0.68069965,-3.5857503
-0.0839077457785606,-2.691902,2.8564508,1.8250574,-1.1416036,0.24930401,-2.04647,-3.9071817,-1.1019454
0.011838249862194,-2.6858156,1.4548645,0.42579326,-4.014642,2.8053794,-0.12433905,-1.3577815,-3.0092747
-0.0869645401835441,-3.4817119,3.2667449,3.155527,0.15876478,0.03259322,-0.55323213,-3.251878,-1.8732022
-0.1684638410806656,-0.71105707,5.3695183,-1.7048216,-3.1618083,3.0335474,-4.044721,0.18294974,0.29451415
0.1029762476682663,-0.8882743,-0.116793305,2.7146497,-1.4408143,2.717614,-4.101727,-0.53513193,-3.0756397
-0.0542759783565998,-3.145528,3.135025,2.792413,-1.4029002,0.82455397,-0.21932569,-2.5049725,-2.2841017
-0.1649079024791717,-1.189437,5.5878763,-0.57204145,-2.8130822,4.138131,-4.0850825,-0.36965203,1.1100047
0.0768004283308982,-0.62951434,0.68811834,3.8330302,-1.9334588,2.3080764,-4.0103955,-0.20401324,-1.9605165
-0.1212523356080055,-2.1958685,3.5090768,0.008465476,-3.9548554,1.9376638,-3.658919,-1.8198388,0.027122483
-0.0005661552422679,-2.4915829,1.4961593,1.6123167,-4.5928164,3.5810068,0.17855969,-1.8678645,-3.0154939
0.250670462846756,-1.7210472,3.922845,1.5233384,-1.061565,-0.37243444,-4.097779,0.45098597,-2.0973465
-0.0220866333693265,-2.5193431,1.3207034,1.5144067,-4.106619,3.5141451,0.27411765,-1.4631906,-3.0412395
0.2544328272342682,-1.7040459,3.8526645,1.4446863,-0.9839421,-0.59699106,-3.675129,0.4634836,-2.3792984
0.0979117378592491,-2.0829947,-0.097598195,1.4996508,-0.5424455,3.896683,-3.8562455,-0.79684335,-3.8419063
0.0790611058473587,-0.48052263,0.78981656,4.9482293,-2.824503,1.2686663,-4.2819796,-0.2379377,-0.8992723
0.0,-2.24798,1.3363394,1.5864469,-4.4082313,3.4854443,-0.103866234,-1.8462147,-3.0406783
-0.0876918360590934,-4.2030807,3.535633,3.6111052,0.45451,0.7336323,-0.5054269,-2.74641,-1.9912412
0.098265953361988,-0.39521927,1.2526174,4.599545,-2.3041637,1.0339139,-4.29896,-0.2551741,-1.2515389
0.1272912323474884,-2.1079605,-0.023901649,1.1588686,-1.0057695,3.2245317,-3.7656438,-0.5181362,-3.771534
0.0873038545250892,-0.47643322,0.8314712,5.051751,-2.2750387,1.6470531,-4.096335,-0.20948528,-0.89693004
-0.1395815163850784,-2.2879038,3.3030553,1.204296,-1.2789251,0.63720465,-2.7257566,-4.6001787,-1.5300188
-0.0660586878657341,-3.3930662,3.3108833,3.0854769,-0.31724453,0.110987276,-0.56052005,-2.093453,-2.7228494
0.1282531917095184,-2.0460484,0.09327361,1.6086493,-0.7841698,3.9738584,-3.852513,-0.897112,-3.5353224
-0.1722158044576645,-0.88070816,4.9171076,-0.7291075,-2.5935276,4.007367,-3.6507664,-0.60059214,0.19471389
0.0,-4.2984815,3.0180435,2.4280393,-4.0484223,2.0556712,0.7167904,1.4074531,-2.7267942
-0.0387283004820346,-4.4973264,4.0546203,3.6541982,0.5833303,0.69603264,-0.35515165,-2.1567423,-1.986211
0.0006155604496598,-2.4561868,1.2230568,1.3639433,-4.243719,3.5741453,-0.010447506,-1.4250863,-2.7261515
0.1036316975951194,-0.6860976,0.057885125,1.9569865,-1.3692632,2.197962,-4.3268976,-0.23050544,-3.295729
-0.0509419739246368,-3.1913118,3.1244397,2.9836774,-0.6549295,0.5925802,-0.27277362,-3.2191403,-1.7677839
0.0464826561510562,-1.9411047,-0.3089482,1.4757296,-0.4538902,3.6214752,-3.7937996,-0.642483,-4.3052692
0.0613179355859756,-2.2968056,0.23448053,0.77157205,-1.3818533,3.737646,-3.336466,-1.0274371,-4.0717835
0.0491747558116912,-0.5872911,0.9531421,5.231391,-3.02383,1.5041475,-3.6131783,0.49179626,-1.1921455
-0.0109770325943827,-4.3012996,2.6929593,2.0741694,-4.133585,1.9432589,0.927749,1.4040532,-2.5074353
-0.0992402285337448,-2.3421168,3.3515396,1.1263028,-0.9905026,0.20670258,-2.8304524,-4.2440205,-1.3162388
0.0,-2.4060683,1.6215104,1.4786026,-3.9826536,3.472027,-0.07098668,-1.6339746,-3.0907211
-0.0028918357565999,-4.2107334,2.8611057,2.1359847,-3.9135132,2.3403375,0.7322379,1.3029983,-2.8395708
-0.0732226818799972,-3.3534122,2.912832,2.706984,-1.1815165,-0.06219554,-0.32552058,-2.015916,-2.3643456
-0.0010457792086526,-4.174194,2.8267245,2.038716,-4.4270835,2.3367171,0.740413,1.3758756,-2.8488407
-0.123468093574047,-4.2747464,3.725455,3.7629952,0.61151826,0.50069386,-0.19427915,-2.1503167,-2.418629
-0.052096389234066,-4.162279,3.9788818,3.8259835,0.4514491,0.76788676,-0.4159489,-1.8702474,-2.4361937
0.0643565282225608,-1.990551,-0.24860927,1.2227165,-0.33640862,3.4709558,-3.7958038,-1.0628723,-4.1904726
-0.0014709194656461,-2.2969127,1.826578,1.6549118,-4.0122576,2.5557368,-0.52167237,-1.7932472,-2.3990366
0.0,-2.422209,1.3630081,1.2645656,-4.330323,3.365124,-0.0019433703,-1.6770405,-2.963543
-0.1227204650640487,-4.104665,3.8935142,3.8225136,0.5696085,0.45585874,-0.44630316,-2.0278435,-2.4800284
0.0227881129831075,-1.2859762,2.1498647,1.2646661,-0.13884369,1.0920204,-4.107957,0.47516924,-3.3496692
-0.0736184120178222,-2.910012,2.641071,0.7046824,-1.7566315,0.20854867,-2.5206575,-3.2254653,-1.8203162
-0.0570411048829555,-2.45715,2.8369539,1.3267585,-1.2767227,0.34052283,-2.636303,-4.531109,-1.8144172
0.0,-4.2222123,2.87627,2.2310648,-4.143173,2.1697779,0.57569444,1.3766317,-2.598136
-0.0729709565639495,-2.393536,3.0472622,1.2978344,-1.1540948,0.40179434,-2.39952,-4.531355,-1.6481019
0.1297481507062912,-1.385395,-0.057828974,1.7846018,-0.3663016,3.0880818,-4.269729,-0.59694624,-3.6392276
0.0,-2.5773616,1.2107675,-0.45907652,-3.3044374,3.2206304,-1.4311615,-2.1945653,-3.7903783
-0.096097707748413,-3.7297611,3.620876,3.1311743,-0.037034728,0.16404164,-0.48532733,-2.192895,-2.3371627
-0.0028976197354495,-4.3499155,2.8209887,2.2384756,-3.8128023,1.9414169,0.72544664,1.4077458,-2.9177969
-0.0778834074735641,-3.2524624,3.1799967,2.9690304,-0.129358,0.020150125,-0.3210292,-3.361622,-2.2406108
0.0465745106339454,-0.5681499,0.90425724,5.0578437,-2.94874,1.3598628,-3.568412,0.25850987,-0.9523208
-0.0718591138720512,-4.335258,3.5929115,1.942803,-0.35634965,1.4552102,-0.2677866,-0.8195252,-2.437643
-0.0763057544827461,-4.4274244,3.977311,3.8640845,0.33108747,0.15107697,-0.20459566,-2.3984501,-2.1106293
0.1001641079783439,-0.79324454,-0.23563254,2.6383474,-0.95519805,3.0046256,-4.2229095,-0.44577405,-3.2341468
0.1280193328857422,-2.1349907,0.1509183,1.0772634,-0.40230837,3.404317,-3.7000413,-0.473388,-3.6131818
0.0735025703907013,-1.924943,0.06409383,1.4005668,-0.8378615,3.7089136,-3.6105125,-0.9242212,-3.3073723
-0.0468505807220935,-2.1159673,2.823913,1.4192283,-0.94402754,0.11803427,-2.2169816,-4.661959,-2.0532665
-0.1107874065637588,-2.3228412,3.4155216,0.5581927,-3.6228764,1.6207052,-3.5570247,-2.4646096,0.3059815
-0.079787440598011,-2.744948,3.4044485,1.9864067,-0.8447486,0.2163492,-1.4742982,-4.4795256,-1.8792732
-0.0690448731184005,-3.5581987,3.4456449,2.9069004,-0.76374304,0.47358203,-0.601036,-3.3439076,-1.9472343
-0.0009249683353118,-3.8796282,2.3616111,2.358032,-4.1775527,2.435867,0.78207785,1.2237856,-2.882379
0.0006155604496598,-3.9463012,2.706959,2.4718142,-4.4389515,2.378086,0.71151817,1.2002572,-2.6499372
-0.0084377285093069,-2.610763,1.5832481,1.6292218,-4.0533824,3.3127966,-0.018724062,-1.7939082,-3.391899
0.0,-4.179829,2.8217402,2.411917,-4.2325583,2.2716599,0.74679506,1.3126066,-2.8290002
-0.0558812692761421,-3.9690359,3.5696099,3.5054317,-0.19667944,0.37538904,-0.08495277,-2.5230806,-2.5209138
0.0481159687042236,-2.0945094,-0.094227165,1.1963375,-0.71264344,3.8736029,-3.9907217,-0.52416843,-4.0862765
-0.096651405096054,-2.7030745,3.3657649,1.7015966,-1.0904976,0.35937345,-2.0323346,-3.9480157,-1.0358864
0.0,-2.6802506,1.1331336,-0.29653552,-3.2984571,3.228263,-1.4596833,-2.4643817,-3.7133007
0.0030538574792444,-2.5256393,1.3048987,0.25139594,-3.2247767,2.8169017,-0.42535853,-1.0524449,-3.4412105
-0.2676639258861542,-0.98418605,5.2084107,-1.6514724,-3.512625,3.0975482,-4.184102,-0.010566324,0.59629667
0.0648431926965713,-0.5609111,0.9394457,5.428892,-3.1870098,1.3071859,-3.5341635,0.094546005,-0.7083503
-0.0852672010660171,-4.470989,3.824501,3.5374446,0.81678694,0.6514828,-0.40292943,-2.2617776,-2.1502185
0.0,-2.2717266,1.4414877,1.5202129,-3.9978852,3.3095398,-0.0971255,-1.6165104,-3.0720294
-0.0472929701209068,-3.6818964,2.954129,3.1424265,-1.092179,0.027397424,-0.4652807,-1.8808075,-2.3515248
0.0,-2.5481656,1.1067119,1.419597,-4.595672,3.5711997,0.12676316,-2.1182344,-3.0259936
0.0568150617182254,-1.5732634,0.25687683,1.4521732,-0.6212192,3.7841184,-3.5501728,-0.9865406,-3.4185388
0.1270708739757537,-0.77270705,0.79619294,4.7849674,-2.499974,1.4089838,-4.161082,-0.2170563,-1.4534516
0.0,-2.474239,1.18882,1.6266813,-4.1042275,3.658174,-0.1253756,-1.6370648,-3.126639
0.0797644406557083,-1.9543052,-0.07503711,1.3146646,-0.6433103,3.738917,-3.9261513,-0.7017073,-3.9948406
-0.0430401861667633,-2.47382,2.8237622,1.619745,-1.5271455,0.21408814,-2.4778495,-4.15481,-1.5893193
-0.0456971526145935,-2.5616515,2.867525,2.1344688,-0.9965292,0.3277348,-1.7923509,-3.8916771,-1.291459
0.004569430835545,-3.9690964,2.859829,2.3077486,-3.9912004,2.4162664,0.62969875,1.1663322,-2.71961
-0.0715415477752685,-3.5817082,3.2849376,3.061775,-0.36291286,0.32313988,-0.37778026,-1.9247868,-2.589741
-0.0381240807473659,-4.153301,3.3895202,3.62669,-0.5906117,0.84525895,0.00028749928,-1.5683507,-2.3516061
0.0639911592006683,-2.2182615,-0.14334822,0.5176915,-1.4356818,3.560485,-3.1786137,-0.8439494,-4.1232357
0.0675143972039222,-2.3566902,-0.08855397,1.1350524,-0.3634016,3.952588,-3.7945955,-0.9501928,-3.9649234
0.0,-2.1367393,1.338201,1.6180067,-4.256461,3.3357496,-0.06374792,-1.6658053,-3.0714312
0.0001757331192493,-2.6627896,0.8952273,-0.19864675,-3.3182783,3.146882,-1.4781824,-2.3005095,-3.690789
0.0465834401547908,-0.673141,0.9252654,2.930342,-2.1643455,1.8257967,-4.252033,-0.25436467,-2.531952
-0.0126162972301244,-2.4614682,1.3788608,0.67144006,-4.230963,2.7757154,-0.20389584,-0.7826098,-2.9573307
0.0629423111677169,-0.8286674,0.86952406,3.0472696,-1.5388783,1.5892541,-4.4013233,-0.22293137,-2.0321631
-0.0367429032921791,-4.093012,3.6987174,3.5198507,0.63173157,0.5734666,-0.12408155,-2.1651409,-2.4361024
0.0539892576634883,-0.85822076,0.88475186,3.0849025,-2.2023408,1.7526151,-4.39467,-0.07410445,-2.1984909
-0.0708354711532592,-4.3256693,3.6045203,3.780628,0.23824307,0.1813848,-0.2522413,-2.0364623,-2.1656597
-0.1228984668850898,-2.182618,3.1038795,1.4918103,-1.1934366,0.016548734,-2.4839907,-4.4738264,-2.0944333
-0.0005975061794742,-2.3308547,1.2476176,0.6163076,-4.4840946,2.7081983,-0.21820445,-0.9353576,-2.675995
0.1282434612512588,-1.8347747,0.15385717,1.6145496,-0.48478732,3.745879,-4.1665044,-0.65502506,-4.0723786
-0.0011323104845359,-2.754373,1.7485764,0.55910933,-4.4585915,2.7816064,0.13308014,-1.1747535,-2.997147
-0.0775070115923881,-3.999795,3.436733,3.5026007,0.27235842,0.3348465,-0.20301008,-2.1424735,-2.2746737
-0.1246654838323593,-2.7117176,3.524314,0.24465606,-4.25793,1.948402,-3.7137764,-1.7497736,0.76371276
-0.2348283380270004,-0.7867604,4.783825,-0.3474427,-3.6489348,3.991735,-4.220811,-1.0312043,1.1802384
0.0555979050695896,-1.4491524,-0.023965329,2.0148232,-1.0667456,3.0596712,-4.231102,-0.70035595,-3.7303178
0.2191216647624969,-1.327848,3.4339302,1.7764263,-0.6691585,0.7353517,-4.1967864,-0.38063145,-3.1320634
-0.0775640904903411,-2.2953408,2.6565158,1.3572289,-1.6308745,0.22376254,-2.5002875,-4.6229534,-2.0950637
-0.1351876258850097,-2.2852285,3.4487336,-0.25957263,-4.056585,1.8068261,-3.671742,-1.162306,0.32190174
0.0430299900472164,-1.3790778,-0.06567162,3.011707,-2.740543,2.6282456,-2.9996932,-0.3115571,-2.728079
0.0571365915238857,-0.77907455,1.28296,2.8900523,-2.0631316,1.6427388,-4.051995,-0.1172218,-2.2957368
-0.1233197897672653,-2.1977053,3.2276194,1.3607271,-1.1864291,0.26336727,-2.729969,-4.5595727,-1.6606355
-0.0026733975391834,-2.2993007,1.5465773,1.5153047,-4.0180326,2.9387476,-0.5282383,-1.3263497,-2.6877835
-0.0010198625968769,-2.4749975,1.5112284,0.6955094,-4.076415,2.5402288,-0.2515906,-1.0411396,-3.2798362
-0.2394326031208038,-1.8392577,4.188765,0.49761164,-0.67881596,2.6818047,-2.8660398,-3.4949784,-0.4536786
-0.0004325672634877,-2.4384897,1.4391981,1.4271034,-4.07015,3.4220424,0.20121914,-1.2127812,-3.1763086
0.0792981907725334,-0.49620134,1.1393654,4.9005637,-2.4006062,1.5961515,-4.266189,-0.16362204,-1.0336977
-0.0551445521414279,-2.3570268,2.6818404,1.2040529,-1.4853222,0.33599913,-2.4727356,-4.4995823,-2.0507302
0.1269837617874145,-0.4911608,0.88044906,4.953319,-2.6866498,1.393362,-4.1395693,-0.1900638,-1.0973471
-0.0346129573881626,-3.3314013,2.9721768,2.7666662,-1.1815734,0.2754724,-0.65348595,-2.4867303,-2.4095945
0.2221186757087707,-1.0475589,3.6486344,1.7226828,-1.4082586,-0.31599033,-4.2978144,-0.35286683,-2.6553571
0.219911128282547,-1.5239736,3.0804653,1.7407283,-0.3642147,1.16624,-4.1271143,-0.30542207,-3.3816833
0.0,-4.056516,2.6262922,2.2752528,-3.82767,2.145026,0.7639914,1.2781087,-2.9936626
-0.0127735938876867,-3.1412108,3.8556657,1.6255579,0.6481728,0.611856,-2.032677,-3.5973377,-1.4830711
-0.1065288186073303,-2.1600254,3.4743633,-0.24612004,-3.591177,1.8919133,-3.6550148,-1.4541192,0.39846328
-0.0006155604496598,-2.684754,2.2062635,0.360167,-2.2297976,1.0835208,-1.9039534,-2.9930174,-2.8768096
-0.0006155604496598,-2.477099,1.4843522,0.6682298,-4.268532,2.9965847,-0.094558105,-1.0083106,-2.837475
-0.0957311615347862,-4.649454,3.8902645,3.6158957,0.5778701,0.5479214,-0.08350514,-1.9802328,-2.1663313
-0.1234255731105804,-2.77608,3.3966846,1.6199644,-1.4813296,0.48547184,-2.5264344,-4.132736,-1.0793741
-0.1742910295724868,-2.3727252,3.6432462,-0.047555596,-3.2399263,1.7801381,-3.3746915,-1.9877914,-0.0790019
-0.0469636209309101,-3.6025355,3.2518625,3.163772,-0.45806465,0.058331653,-0.3344614,-1.921594,-2.5092955
-0.1218535900115966,-4.080393,3.958953,3.52573,0.65944767,0.5338986,0.0002348274,-2.168808,-2.3520005
0.096792884171009,-2.01899,0.084798366,1.3406329,-0.17664377,3.6938484,-4.5005693,-0.493417,-4.2066216
-0.1230140030384063,-4.317688,3.3427742,3.707748,-0.06484452,0.44528812,-0.23574057,-2.4833798,-2.57773
-0.0957910120487213,-2.5848699,3.0353403,1.6866381,-1.2206575,0.13848945,-2.0474164,-4.3974643,-1.5586706
0.0877028703689575,-0.45806533,1.0876074,5.364282,-2.9531639,1.3674659,-4.127891,0.4505201,-0.86346245
0.09208295494318,-0.4328992,1.2870291,5.33272,-3.1272151,1.3673267,-4.1954594,-0.24772823,-0.65267885
-0.0520246550440788,-4.423262,3.5977619,3.9052682,0.49882975,0.4629286,-0.34821665,-1.8706937,-2.1744425
0.0437668934464454,-1.7594466,-0.04851684,1.5575134,-1.0614651,3.5329804,-3.5086644,-0.74754596,-3.540287
-0.0069898818619549,-2.901107,4.1831307,0.16115287,-0.94585645,2.0185292,-1.9770179,-1.2502552,-0.9246091
0.0,-2.3307223,1.3412334,1.4714189,-4.234888,3.4270349,-0.045475326,-1.6297432,-3.0630956
0.1452315598726272,-0.44726688,0.6664547,5.354751,-3.3034878,1.1868086,-3.7045348,-0.056017175,-1.0075612
0.1292936652898788,-0.6805903,1.0688183,4.682319,-2.6002233,0.91837525,-4.407213,0.03815667,-1.0302393
0.085773654282093,-0.9209767,1.2800651,3.4572253,-1.8993975,1.5889672,-4.292308,-0.06426717,-1.8003541
0.0629125833511352,-2.1021452,-0.16970935,1.1834632,-0.31311542,4.0264134,-3.853056,-0.93828815,-3.8688862
0.0928503572940826,-1.8707627,-0.13487826,1.6100721,-0.19409248,3.7288814,-4.165519,-0.7622526,-3.9717128
-0.0102411676198244,-3.1432586,3.6001327,1.7344537,0.20795137,0.81243694,-1.8539683,-3.2332444,-0.8490709
-0.0465722121298313,-2.3540816,3.2882578,1.1174856,-1.3120579,0.11165108,-2.733131,-4.5328317,-1.8810171
-0.0415168516337871,-4.369862,3.8686852,3.470086,0.5806461,0.5154017,-0.39652097,-2.1606212,-2.349915
-0.0017433604225516,-2.676793,1.435958,0.66443264,-4.4482455,3.0074692,-0.0061077327,-0.7141326,-2.8519287
-0.1230003610253334,-2.3104625,3.4865487,0.0781634,-3.4147148,1.8720503,-4.065621,-1.9124516,0.26358992
0.0609934963285923,-0.807302,0.8323041,5.3252845,-3.413489,1.4313083,-3.2480574,0.4295329,-1.0629967
-0.1231826022267341,-3.8536415,2.9838498,3.095513,0.24807441,0.52596927,-0.5376768,-2.381506,-2.544166
0.0564560890197753,-1.7820495,-0.27377415,1.9942621,-0.9122398,3.4265604,-3.9158928,-0.65892285,-3.71139
0.0772646069526672,-1.1237246,-0.019571498,2.6631804,-1.5352744,2.7537057,-4.156985,-0.4887375,-3.3543918
0.0410173162817955,-1.1963979,0.14643969,1.7681894,-0.76395434,3.3441546,-4.1545553,-0.5984228,-3.7003748
0.0023242807947099,-2.4968507,0.81727624,0.32800883,-2.7562437,3.3047228,-1.0037374,-0.7250847,-3.2501643
-0.0959073528647422,-2.5078485,3.3371434,1.6538768,-1.3949683,0.6789166,-2.5328758,-4.453447,-1.0269665
-0.0826648846268653,-4.2181115,3.766422,3.7539942,0.5189995,0.5675408,-0.34984624,-2.1391716,-1.9116564
0.0497316941618919,-2.3437912,1.4370027,1.5521322,-4.2191114,3.7519498,0.009094369,-1.6877118,-3.1305459
-0.1075930371880531,-2.5682137,2.277519,1.4186187,-1.25771,1.9355515,-0.8747214,-3.34428,-2.1348922
0.0,-4.4458632,3.200683,2.126145,-3.327161,1.8396738,0.5975002,1.2202756,-2.9386027
-0.0428502447903156,-3.0428782,2.7556846,2.6570342,-1.5847406,0.59672767,-0.610582,-2.7373772,-2.1415615
-0.0828164368867874,-2.4228852,3.2456815,1.2148997,-1.0417765,0.55840486,-2.919176,-4.655745,-1.1840521
-0.1437205672264099,-2.302795,3.6721992,-0.05015327,-3.7470202,1.4630381,-3.576608,-1.5600772,0.21527551
-0.094246357679367,-2.7206986,3.3277097,2.1967442,-1.0389917,0.36510646,-1.7341611,-4.161993,-0.97040904
-0.0868240296840667,-4.2563252,4.0403914,3.380724,0.8436905,0.5226306,-0.30794245,-2.264918,-2.4144719
-0.0958508774638176,-4.3569183,3.7243633,3.7268248,0.44623986,0.6647778,-0.32564586,-2.522254,-2.2512004
0.0,-4.170955,2.8731458,2.4689906,-4.023949,2.0500057,0.6683077,1.1529752,-2.6403775
0.1226854026317596,-2.0370727,-0.3335643,0.9049895,-0.9089563,3.6015568,-3.4994378,-1.0573188,-4.2369003
-0.0661432147026062,-2.249269,2.9640481,1.8683286,-0.97215366,0.26122826,-1.8713082,-4.2835784,-1.7395829
0.0525055229663848,-2.0248995,-0.07273064,1.2455004,-0.73601854,3.6547875,-3.8315234,-0.70003736,-4.011298
0.0643824487924575,-1.9830788,0.014242947,1.1499587,-0.13327438,3.8936646,-3.888451,-0.91036326,-3.9803255
0.0735678523778915,-0.6173539,1.3354604,3.5541441,-2.5658448,1.7370787,-4.2300525,0.013220221,-1.9085428
0.0447063967585563,-2.3232074,-0.28568608,1.030569,-0.38404858,3.4327338,-3.7049556,-0.55830044,-4.0734544
0.0,-2.5689242,1.9005134,0.63478655,-2.0144103,1.4217831,-1.9030068,-2.8251066,-2.7844386
-0.0568651817739009,-2.524934,2.9547496,1.3747377,-1.2151926,0.9485112,-2.5716772,-4.141748,-1.3269714
-0.000850276031997,-2.7411158,1.0119632,-0.32947406,-3.5339937,3.1134546,-1.3234133,-2.2695541,-3.77509
0.0,-4.16669,2.913305,2.442663,-3.6364582,2.1511662,0.8784001,1.2704469,-3.207346
0.1653814762830734,-0.9939885,3.8695898,1.589822,-1.6683716,-0.3256753,-3.936036,-0.1531794,-2.9276185
-0.0035038199275732,-3.9311445,2.4917402,2.2625716,-4.2578564,2.0979068,0.6321788,0.8350303,-2.7901502
-0.1214892566204071,-3.9491537,3.716606,3.7067208,0.14307228,0.11584109,-0.3941276,-2.346565,-2.2872672
-0.055090744048357,-2.5555067,3.1310642,2.2350488,-0.77735496,-0.37145793,-1.4188545,-3.9264796,-2.0338001
-0.0010835347929969,-2.7355685,2.2791219,1.7690365,-3.7298257,1.7429677,-0.7549275,-1.6431665,-2.1943417
-0.0214525293558836,-2.6906896,3.149255,0.7825116,-2.1986883,1.0902789,-2.7127643,-2.508462,-0.58839256
0.0,-2.851825,1.7316619,-0.24720022,-2.299643,1.9912149,-1.624051,-1.8079262,-2.9594877
-0.0696610137820243,-2.539171,3.0576272,1.6645088,-1.2968982,0.3772394,-2.5517724,-4.3239093,-1.2241254
-0.0921542569994926,-2.657956,2.8908503,1.8715247,-1.1607214,0.50494874,-2.1866806,-4.406269,-1.6016368
-0.0776395872235298,-2.9177518,2.659454,2.2926774,-2.5458024,0.18401292,-0.39218214,-1.2125094,-1.3944372
-0.0533716790378093,-2.3267915,3.1918821,1.2110388,-1.028765,0.34791195,-2.5659935,-4.472063,-1.8274115
-0.0671695694327354,-2.2173486,2.8484733,1.2654866,-1.0872877,0.45043603,-2.7135699,-4.394972,-1.9820554
-0.0957547798752784,-2.7975569,3.3385668,1.7897159,-1.5487199,0.41703334,-2.4223876,-3.8195825,-1.1318724
0.000850276031997,-3.964254,2.7080212,2.3059554,-4.4162407,2.188038,0.5706439,1.2215549,-2.9214444
-0.1769780963659286,-1.2597458,4.145551,0.23138267,-4.005693,3.3908498,-4.057216,-1.814321,1.3407327
0.0806027725338935,-1.5892493,-0.2367601,2.2433286,-0.76484895,3.414496,-4.158792,-0.7543973,-3.5709505
-0.0006155604496598,-2.5980902,1.2983439,-0.21652214,-3.3612652,3.303002,-1.7414418,-2.0876045,-3.9699316
-0.288705825805664,-1.744576,4.131219,-0.28769362,-2.3849342,2.375327,-3.2560296,-1.9723868,0.05644504
-0.0725133270025253,-4.1715,3.794846,3.7549539,-0.034657225,0.39812762,-0.2798766,-2.148787,-2.3337367
-0.0866460353136062,-3.3270752,3.3956501,3.0037105,-0.12370579,0.15060823,-0.81733084,-3.441932,-1.9037992
0.097768135368824,-0.61974514,1.1850302,5.1447496,-2.6611013,1.0405866,-4.424895,0.053284824,-0.9864769
-0.0508545711636543,-4.1746244,3.0193822,3.4981709,-0.24785744,0.48688516,-0.15581547,-1.8278879,-2.3319407
0.0,-2.5369115,1.1694548,1.3694053,-4.666437,3.7021208,0.09925637,-1.9250165,-3.1574435
0.108855977654457,-0.7925653,0.23609473,2.1058414,-1.8465424,2.1557558,-4.300231,-0.28647846,-3.440139
-0.0425582155585289,-4.1359,3.5618963,3.6484942,0.11746236,0.26982567,-0.08187644,-2.0220757,-2.3538117
0.0,-4.072293,2.9313226,2.1817548,-3.7824337,2.1203074,0.7100744,1.0046052,-2.820947
0.0980082899332046,-1.9620861,-0.3611077,1.4873241,-0.4812592,3.926614,-4.270932,-0.6100781,-4.0223994
-0.1219522804021835,-2.1216245,2.908776,1.4973452,-1.2592411,0.009594757,-2.2862792,-4.4203095,-2.0175645
-0.1950215101242065,-2.0791395,3.4679272,-0.12469043,-3.8104963,1.788146,-3.6202273,-1.4206532,0.41820264
-0.0357685834169387,-2.4158394,3.0961113,1.6705744,-1.5680528,0.47922733,-2.7011938,-4.015874,-1.086785
-0.104215607047081,-2.6886518,2.467903,0.29872108,-2.0380244,0.923303,-2.3307078,-3.2265863,-2.4162874
-0.0924972519278526,-0.7222144,5.9023848,-1.5618209,-3.3422623,3.8661938,-4.5273952,0.2571906,0.59012246
-0.1954505443572998,-1.8178915,3.1341543,0.51236135,-2.1504138,0.52053666,-3.3637626,-4.367471,-0.63553584
-0.0031642555259168,-2.0357563,1.0952452,1.3437434,-4.4356318,3.2002656,-0.095377155,-1.8634249,-3.0088701
0.0,-3.973023,2.8433678,2.2849455,-4.239399,2.203703,0.5387754,1.2639838,-2.9724853
-0.0484439358115196,-2.523659,1.3866628,1.3929585,-3.309517,2.9098997,0.0033752993,-2.4014854,-2.8336556
-0.1375330984592437,-2.576546,3.7069821,0.22939064,-2.797174,1.7153217,-3.3226619,-1.8670754,-0.093847714
0.0429243147373199,-0.40088725,1.066982,3.6136246,-2.0320125,1.388511,-4.124519,-0.2489267,-1.7007886
-0.1225240752100944,-3.4355342,3.209125,2.826533,-0.89005893,0.28132856,-0.45917445,-2.2815595,-2.3759475
-0.1328899711370468,-1.1693461,5.6519156,-0.8062425,-1.0516447,4.2374344,-3.8536944,-0.7079229,-0.08948086
-0.0006155604496598,-2.5704744,1.5660198,0.1418362,-2.8090935,2.374006,-1.8033496,-2.3480556,-3.6812198
0.0477764680981636,-2.1731923,0.25925872,1.301133,-1.0821613,3.4416883,-3.7434137,-0.92996395,-3.0410435
0.06480523198843,-0.53008556,0.8644444,5.2185683,-3.1590805,1.220434,-3.865999,0.23502505,-1.4530402
-0.0013062988873571,-2.591221,1.5053115,0.68796885,-3.9887676,2.5282655,-0.073503636,-0.8536337,-3.01753
-0.0005190677475184,-4.293376,2.9554734,2.2170098,-4.1238275,2.349633,0.81034154,1.1096237,-2.8797188
0.0469310283660888,-1.8421705,-0.37636885,1.4819921,-0.3037351,3.6419933,-3.947902,-0.6617368,-3.7758214
-0.1499955505132675,-0.894188,5.5684543,-0.55637527,-3.0917952,4.186498,-4.349537,-0.80299485,1.0866416
-0.0820515602827072,-2.3424509,3.0919168,1.6175104,-1.1971194,0.07867424,-2.1168363,-4.389587,-1.9964503
-0.0640320181846618,-2.5909498,3.2401352,1.5184649,-1.4039137,0.26459372,-2.4467785,-4.4629087,-1.0534776
0.0,-4.2019815,2.8673937,2.2689886,-4.136598,1.9674722,0.52577543,1.3375223,-2.6999664
0.0907559171319007,-1.1038501,1.379084,5.1309996,-3.4669118,1.4527708,-2.856402,0.088123396,-1.192604
0.0600422918796539,-0.607482,1.0445045,5.0005674,-2.9373567,1.1919935,-3.8381815,-0.004336171,-1.1288258
-0.0645974949002265,-3.8699389,3.4630134,3.275088,-0.08945368,0.29654434,-0.285887,-2.2652085,-2.2159214
-0.0954222753643989,-4.320884,3.6593258,3.522492,0.7764435,0.36247376,-0.32114187,-2.1968575,-2.4553564
0.0,-2.380273,1.0707499,1.5194161,-4.03447,3.4331164,0.08117268,-1.5468136,-3.080331
-0.0776115283370018,-4.105017,3.381433,3.3395267,-0.21380924,0.4422194,-0.21363258,-2.6186776,-1.7909192
-0.0639671683311462,-4.028086,3.2891407,3.3992863,-0.08350133,0.36826837,-0.21013147,-2.6276865,-2.3427293
-0.0537251606583595,-2.6666298,3.259378,1.9369869,-0.93233585,0.20767796,-1.5884022,-3.5897405,-1.2868688
-0.0928456261754036,-4.0719366,3.505354,3.431453,-0.123512864,0.6270847,-0.3246246,-2.8685431,-2.0200922
-0.0383853875100612,-2.6560516,3.217632,1.6304421,-1.6015829,0.5842183,-2.499286,-4.3690977,-1.2621441
-0.0265624020248651,-2.5722482,3.359547,1.0975211,-1.3434823,0.2213634,-2.7713947,-4.3603106,-1.5738322
-0.013288258574903,-4.0775766,4.968519,2.682755,1.7704287,1.1321843,-1.1644229,-2.1130857,-1.4710245
-0.0909524783492088,-3.0102115,4.043157,0.039377764,-3.6353977,2.154921,-3.733888,-1.2481695,0.9774654
0.0958418622612953,-0.4189943,1.3835742,5.367669,-2.6234078,1.3007264,-4.487348,-0.012676701,-1.1097794
0.0006220098002813,-4.008359,2.6580515,2.227384,-3.71675,2.0585604,0.5480078,1.3888696,-2.6979215
0.0598238408565521,-1.8373064,-0.13821241,1.4206011,-1.4006431,3.3154576,-3.7422721,-0.7984547,-3.645391
-0.0621023401618003,-3.23354,3.2445626,2.835452,-1.2557945,0.12219882,-0.5495443,-2.2210727,-2.3868763
-0.2676047086715698,-2.4658344,3.3979266,0.5321705,-3.9295824,1.8574818,-4.0570016,-1.8752606,0.7513302
-0.0753522664308548,-3.0310545,2.1836371,0.8127776,-2.8687828,1.4720398,-0.01060766,-2.0424957,-2.6069355
0.0983704328536987,-1.8446089,-0.441965,1.3368897,-0.2673645,3.947592,-4.0628476,-0.6385186,-3.941875
-0.1223621368408203,-2.3158593,3.3163981,1.5981317,-1.4382732,0.17035899,-2.5583675,-4.7749414,-1.7304388
0.0,-2.0600193,0.9742341,1.4762547,-4.4242563,3.54726,-0.12700121,-1.984514,-3.2502997
-0.0034639069344848,-2.4996083,1.3952199,1.49125,-3.8741965,2.7788997,-0.4300525,-1.3882121,-2.6456988
0.0,-3.9153574,2.7816913,2.1096005,-4.1721,2.274581,0.7363706,1.2528758,-2.6513436
0.044891957193613,-0.8718397,1.1093444,2.9638255,-1.6844631,1.5649105,-4.196559,-0.19155782,-2.2774765
0.0,-4.0779066,3.282493,2.4654348,-4.0200214,2.2261515,0.71425486,1.4575927,-2.8538344
-0.0919248834252357,-2.351702,3.0632133,1.0186255,-1.773282,0.32238823,-2.7793796,-4.511962,-1.6597639
-0.0451290197670459,-2.796459,2.6741266,2.6991668,-1.1717496,0.28906626,-0.6183399,-3.3105404,-2.3558931
-0.0448161289095878,-3.2858229,2.8894377,3.0187094,-0.8341743,0.75435174,-0.5520413,-3.1974998,-2.16073
-0.0923058092594146,-3.6676593,3.3625422,2.9807503,-0.6604316,0.19555578,-0.5319725,-2.2325726,-2.368942
0.127786099910736,-0.40929383,0.9013246,4.809801,-2.040627,1.6163387,-4.0895414,-0.17535807,-1.085685
0.0,-2.3723276,1.3677713,1.6297296,-4.2874265,3.4886186,-0.012675185,-1.6293184,-3.2887127
0.092922993004322,-0.263305,0.97402793,4.3682904,-2.088826,1.4684477,-4.246773,-0.018401593,-1.6943754
-0.0821034163236618,-2.567703,3.0232642,1.5289792,-1.4297411,0.5220079,-2.6201193,-4.1137996,-0.85117114
0.0,-2.6273375,1.2989058,1.4823523,-4.222591,3.4431655,0.014077241,-1.6760652,-3.122565
0.0913921818137168,-0.401924,1.339785,5.107576,-2.7901373,1.2968738,-4.589929,0.32325935,-1.0341247
0.0538110397756099,-0.6754442,1.0132707,4.99867,-3.2727628,1.3889496,-3.7928421,0.02428545,-1.2538079
-0.1243790686130523,-2.134717,3.3219068,0.0892977,-3.120459,1.494521,-3.9556675,-1.4298373,0.30165213
-0.0457502417266368,-2.594522,3.209927,2.009837,-1.33287,0.5005224,-2.201931,-4.1045537,-1.5375562
0.0870432183146476,-0.6903564,1.3078507,3.8848374,-2.010209,1.5903217,-4.754686,-0.073637694,-1.433674
-0.0004398273595143,-4.2639894,2.6871285,2.0532823,-3.9710877,2.0914745,0.79756594,1.2299215,-2.7719786
-0.0895243883132934,-3.9895463,4.431309,2.356326,2.3385532,1.685765,-1.3942077,-2.4355762,-2.0441272
0.0921940207481384,-1.6460711,-0.16576368,1.9469258,-0.44177026,3.2319057,-3.9664795,-0.3318268,-3.8721688
0.0675228610634803,-0.70431006,0.9258963,3.6227777,-1.6911703,1.7061956,-4.422359,-0.01652956,-2.2016993
0.0564090907573699,-1.142324,-0.20123106,2.3802483,-1.1314747,3.3152435,-4.2351956,-0.5903403,-3.2707746
0.0776497796177864,-1.6755761,-0.16522285,1.5717779,-0.80045146,3.119897,-3.9248848,-0.5152177,-3.6542323
-0.1829360872507095,-1.3409894,4.260929,0.3276952,-4.170762,3.2822042,-3.9371855,-1.8807706,1.4025724
0.0462390966713428,-2.3146877,-0.14503857,1.1222467,-1.1854612,3.6525483,-3.8274474,-0.85353345,-3.2488642
-0.0025113616138696,-2.7851,1.3111842,0.38149032,-4.2844973,2.6640358,-0.029258892,-0.7607665,-3.1692505
-0.041887529194355,-3.9070208,3.2911506,3.3852658,-0.08824931,0.6788329,-0.47622874,-2.671239,-2.2881393
0.0528738982975482,-2.251736,-0.49199843,1.0379342,-0.015062273,3.8665376,-4.227619,-0.79001737,-3.821214
0.0627907365560531,-0.53325224,0.42963696,3.9101965,-2.0853012,2.355729,-4.2822185,-0.40986037,-1.8313426
-0.1171691268682479,-2.4091482,4.2479606,-0.37940177,-3.601844,2.0041032,-3.9172723,-0.88410115,0.70443934
-0.039363145828247,-2.1952293,2.77988,1.210727,-0.8415503,0.41463083,-2.735155,-4.3709283,-1.9703288
-0.0015078091528266,-2.6111832,0.98294634,-0.34338677,-3.2882533,3.0779467,-1.2642975,-2.371121,-3.9950352
-0.1229536607861518,-2.2984772,3.125857,1.2336346,-1.3936508,0.3742996,-2.7672713,-4.5302954,-1.642091
0.0,-4.077622,2.8762681,2.2032974,-3.7393796,2.097593,0.8468955,1.1909266,-2.786343
-0.2445756942033767,-1.522974,4.162619,-0.63458467,-4.343333,2.190069,-4.0945144,-1.3542235,0.898869
-0.0942840427160263,-2.5644155,3.6244617,-0.07836869,-2.7767234,2.242896,-3.72782,-1.4296662,-0.11393459
0.0714384466409683,-0.74410486,0.6709512,4.8386555,-2.5073612,1.867417,-3.6365118,0.01614993,-1.3208629
0.0,-2.4246495,1.447335,1.6468955,-4.2773876,3.7660983,-0.053721294,-1.8935373,-3.4594774
-0.0361254625022411,-2.263892,3.0886064,1.1921465,-1.0698187,0.022134736,-2.512612,-4.7356143,-1.7358413
-0.0755045413970947,-3.0153887,2.6690013,2.584567,-1.3052071,0.5168075,-0.580071,-2.9781988,-2.1125085
-0.0437637120485305,-4.3015738,3.886738,3.7892845,0.129414,0.5547329,-0.095442034,-2.3376913,-2.3137963
-0.0315677747130394,-4.5321693,3.7773254,3.7205188,0.054934382,0.59919095,-0.19311222,-1.7936177,-2.2414184
-0.2026255279779434,-1.2425966,4.620144,-0.9151472,-3.6782167,3.5444307,-3.8725514,-0.6759247,1.020051
-0.0368957743048667,-2.7447379,2.4929602,1.9969046,-1.2477096,0.14611089,-1.4563522,-4.2500267,-2.0691154
0.0403466895222663,-1.8439312,-0.038061157,1.1627848,-0.9222832,2.8018646,-3.3382816,0.09923617,-3.810537
-0.037099439650774,-2.2940722,1.3752742,1.1395806,-4.466016,3.1066852,0.17518048,-2.0295808,-2.6437182
0.0,-4.220325,2.918959,1.9955451,-3.7375617,1.9992228,0.959725,1.4103075,-2.7686362
-0.0040273014456033,-4.188202,2.9868512,2.0689664,-3.8826725,1.7156959,0.8189972,1.2860719,-3.0540185
-0.0945274233818054,-2.5330076,3.4026327,1.2599349,-1.7366736,0.67470104,-2.9756675,-4.298609,-0.9570621
-0.2024259120225906,-2.7178874,3.602816,0.37224135,-3.9079175,1.7823355,-3.7943463,-1.9155518,0.82472277
-0.0794935822486877,-2.537091,2.901283,1.834723,-1.2415962,0.266028,-2.0288126,-4.3310547,-1.7414962
0.0483693964779377,-2.1801486,0.12714002,1.1023023,-0.8417697,3.7331443,-3.933455,-0.94266677,-3.4202032
0.0708404928445816,-0.57816005,1.3027121,4.04526,-2.6182647,1.3122134,-4.3695655,-0.3727525,-1.6102234
0.0972623154520988,-0.24425004,1.1598814,5.535139,-2.8472311,1.4116293,-4.4075537,0.12422508,-0.80253327
-0.0449912585318088,-2.9775484,3.5237541,-0.2050724,-2.1814864,1.7918643,-2.969925,-1.5090321,-0.20380649
-0.0069211977533996,-4.1728535,2.7566774,2.3045375,-4.0742946,2.017729,0.7752006,1.4132586,-2.888323
-0.054114032536745,-3.705176,3.3377695,3.6615453,0.047341965,0.18456739,-0.4053351,-2.0035644,-2.4116743
-0.0609361082315444,-4.1402025,3.276112,3.5478108,0.120514214,0.7125691,-0.23793605,-1.9775935,-2.1263726
0.0585490725934505,-2.0056045,-0.08324103,0.9408709,-0.25873274,3.8178358,-3.9567344,-0.5204765,-4.1046667
-0.0929490327835083,-2.3995912,3.167328,1.3750143,-1.1524099,0.40722612,-2.6748803,-4.4749856,-1.4181122
-0.0956380292773246,-4.0268087,4.372666,2.4702508,2.295101,1.585879,-1.4066696,-2.2907674,-1.6892035
-0.0018657622858881,-3.8290539,2.765959,2.4290538,-4.25974,2.1088774,0.58639807,1.3580828,-2.840461
-0.0006732309120707,-2.2353208,1.2367136,1.6048855,-4.435804,3.341839,-0.09584533,-1.9358104,-2.9655976
0.1009313762187957,-0.56458133,0.735806,3.8162074,-1.8070586,2.3483808,-4.8254285,-0.002005756,-1.6413667
0.1316893398761749,-1.4900173,3.8128493,1.2941635,-0.72840405,-0.096781,-4.0048523,0.37699857,-2.689387
0.0007039216579869,-4.0829697,2.930989,2.146561,-3.9867156,2.2399454,0.7667878,1.3331184,-2.6652906
0.1320392191410064,-2.0022337,1.3144829,1.3861237,-0.66825485,2.2114587,-3.9805636,-0.20176665,-4.0417423
-0.1561098396778106,-0.63338757,5.268497,-1.6541752,-2.9671776,3.2576327,-4.012549,0.40442938,0.22613926
0.0700041428208351,-2.2649825,-0.045480974,0.9283793,-0.7444153,3.8177736,-4.0742345,-0.9155092,-3.5870216
-0.0007618034142069,-2.392976,1.2317414,1.7191128,-4.24755,3.6650321,-0.13611269,-1.8285565,-3.0393784
0.0,-4.1266494,2.4994025,2.4576335,-4.504236,2.0945003,0.7168018,1.1589533,-2.5740628
0.0809407159686088,-0.4579816,0.9237289,5.4714904,-3.4085226,1.0065163,-3.9401345,-0.017081216,-0.82591546
-0.0381954200565815,-4.177266,3.5848594,3.565927,0.08873102,0.53543603,-0.33945847,-2.2457182,-2.5877423
0.055629227310419,-1.0883614,0.07372171,2.625139,-2.2380905,2.7300932,-3.0358834,-0.42131937,-2.941219
-0.0811523497104644,-4.400692,3.700607,3.6178808,0.053643078,0.43351084,-0.23456128,-2.6449795,-2.259483
0.0,-2.3512955,1.5997355,1.6421397,-4.228413,3.6466959,0.080570005,-1.70644,-3.1153839
-0.0869078114628791,-2.6170514,3.2379441,1.5291616,-1.4732637,0.44953606,-2.7373972,-4.5777507,-0.92521393
-0.0008006644784472,-2.398489,0.6695543,-0.18696731,-3.2341583,2.9616463,-1.305187,-2.4989724,-3.7382777
-0.0715594142675399,-2.3406317,2.8906577,1.2161419,-1.3416036,0.034734562,-2.3394198,-4.3727417,-1.9051148
0.0607321411371231,-2.182201,-0.11213582,1.1779338,-0.92256486,3.4225194,-3.6392581,-0.90656376,-3.7615905
-0.0634099841117858,-2.8746932,2.4198716,2.3842907,-2.7845185,0.68455595,-0.46944922,-1.114672,-1.2819967
-0.0344136953353881,-2.4883034,3.1534967,1.6328641,-1.6989781,0.2729196,-2.7400439,-4.206899,-1.2416401
-0.0529800802469253,-2.5402327,3.1309652,1.5031861,-1.4265094,0.36516753,-2.534912,-4.379617,-1.5611271
0.0901946127414703,-1.0097227,1.0751406,5.4097347,-3.6472187,1.6138799,-3.0342028,0.2910204,-0.97683686
-0.1033201739192009,-3.1533194,3.461957,0.94068563,-2.902831,1.8792945,-2.7804246,-2.332409,-0.25118572
-0.050302654504776,-3.1443443,2.4756162,2.8706214,-1.7119839,0.44162816,-0.24343184,-2.167222,-2.2859197
-0.1450115740299224,-2.3691618,3.8002443,1.0931907,-0.020197287,1.2026483,-2.6893997,-3.0802107,-0.8425094
-0.0905977562069892,-2.4704916,3.3202343,1.1306827,-1.4520091,0.41330805,-2.6588893,-4.7510653,-1.3444977
0.102492019534111,-0.62509614,0.77080464,3.995619,-2.0524008,1.7601845,-4.5626297,-0.24908075,-1.8278369
0.0783437713980674,-2.2876532,-0.05429972,1.2281607,-0.21335465,3.8884177,-3.8368065,-0.94772935,-3.732931
-0.0393958203494548,-2.4304414,2.8936348,1.8549068,-1.1901138,0.29289147,-2.659783,-4.2775755,-1.5349001
-0.0933342427015304,-2.3918352,3.2152398,1.5092843,-0.83529115,0.14992541,-2.877976,-4.468329,-1.3661555
0.0740440338850021,-0.6660309,1.1136231,2.848414,-2.145933,1.6881089,-4.373901,-0.31503975,-2.6263466
-0.0372445061802864,-2.73478,3.2481132,1.6499928,-1.2795829,0.48462242,-2.1660078,-4.0432568,-0.98748714
-0.0369772538542747,-2.3732488,2.8906367,1.4914938,-1.2673855,0.045232862,-2.2520037,-4.4826703,-1.8220012
0.0,-4.0178046,2.8557022,2.3561819,-4.3762097,2.0257215,0.7018467,1.1126752,-2.65367
-0.0910462066531181,-4.4722295,3.7664409,3.7907195,0.5544804,0.23007756,-0.39702988,-2.5355248,-2.2832599
0.0,-3.1330948,1.4026574,-1.00153,-2.6153522,2.461402,-1.3743303,-1.458893,-3.488497
-0.0966640710830688,-3.785837,3.371245,3.446918,0.72688174,0.45623827,-0.4433837,-2.5435178,-2.3196702
0.0772854164242744,-0.43274552,1.5986829,4.064679,-2.2528334,1.4902447,-4.4382477,-0.16682108,-1.5435306
-0.0015165025833994,-4.037514,2.8663301,2.3042727,-4.0222697,1.8011883,0.6675281,1.195822,-2.7947125
0.0,-4.0227284,2.7558873,2.1579447,-4.0917535,2.1545339,0.66856927,1.2859458,-2.8709028
-0.0130633087828755,-2.6606226,1.270319,0.58114123,-4.2047772,2.755323,-0.22985911,-0.86730593,-2.7587876
0.0,-4.249561,2.6070828,2.4341285,-4.224091,2.0706184,0.9114427,1.3055911,-2.648926
-0.0509784221649169,-2.6434076,2.731056,2.0236752,-1.2755779,0.44727483,-1.988965,-4.0231333,-1.5463642
0.0503711327910423,-0.43245935,0.88380957,5.079535,-2.6689541,2.0620155,-3.7244186,-0.0324776,-0.8511485
-0.0551265142858028,-3.2250316,2.8081698,2.700444,-1.8078392,0.16926424,-0.5519839,-2.3313053,-2.0144618
0.0,-2.410076,1.2036597,1.6311239,-4.4254303,3.6048772,0.033070788,-1.7338865,-2.815341
-0.0014377036131918,-2.5321908,1.3693289,0.67630965,-4.716659,3.0575018,-0.4327227,-0.9359734,-2.9422033
0.0767825096845626,-0.7452145,1.3502305,3.7588425,-2.1634648,1.4342679,-4.389353,-0.21506417,-1.4700394
-0.0951877981424331,-3.6463535,3.9289062,3.0031188,0.13997316,0.39344567,-0.807315,-2.4244618,-2.416114
0.0793310105800628,-2.1914465,0.17919672,0.95082086,-0.51369596,4.033253,-3.941317,-0.47681576,-4.23188
0.0684148520231247,-1.1613027,0.070864044,1.9581919,-2.110055,2.5651474,-3.1162736,-0.7593467,-3.460521
0.0682825371623039,-1.2071648,-0.52542233,2.249525,-1.2064385,3.7862077,-3.9156685,-0.8508239,-3.7481694
-0.0384313911199569,-4.0548763,3.4605176,3.4464326,0.21497166,0.19673112,-0.2239942,-2.5241134,-2.437088
-0.1364595592021942,-2.8517923,4.16702,1.2465911,0.3288026,1.186738,-2.3075545,-2.9046166,-0.59706295
0.0816337466239929,-1.2373959,0.22330585,2.8384023,-1.5559669,2.6451917,-3.773044,-0.6239145,-3.1080742
-0.0835097357630729,-2.2636662,3.1291428,1.7709248,-1.3810719,0.45769155,-2.4410326,-4.1705933,-0.8414699
-0.0849208980798721,-3.180008,3.05795,2.481132,-0.72468716,0.25995064,-0.48163006,-2.9720063,-1.8709942
0.047920387238264,-2.2094295,0.34738192,1.1693957,-0.29354,3.9281192,-3.9811475,-1.018792,-3.9252448
-0.0738193914294242,-4.252725,3.6816266,3.692268,0.4426334,0.31948918,-0.6097306,-2.537811,-2.3476326
-0.0130823804065585,-2.3651452,3.8702824,1.1189548,-1.4256675,0.649933,-3.1441026,-4.086083,-0.7449097
-0.0450784042477607,-2.8862379,2.878865,2.3624263,-1.2886324,0.5311537,-1.1392677,-3.3194618,-1.3975744
-0.0948316901922226,-3.0391424,2.9471714,2.3956506,-1.0702614,0.6664544,-1.1021514,-3.149709,-1.2625909
-0.0400884747505188,-2.7093105,2.7778454,1.9270216,-0.78653246,0.44155037,-1.7437019,-4.509996,-2.106588
0.0,-4.1052313,2.9821239,2.2420502,-4.376833,2.2816074,0.60256994,1.271472,-2.841387
-0.0031281006522476,-2.5587509,2.1408064,1.8940465,-2.6165404,0.82549906,-1.2581671,-2.7837124,-2.189051
-0.076250284910202,-2.6980019,3.2208397,1.7049031,-1.1687487,0.54077065,-2.3834836,-4.000406,-1.0858177
-0.0600297674536705,-2.8217957,3.0299764,1.6456856,-1.6593134,0.51466596,-2.2614503,-4.006983,-1.2134634
-0.0992814525961875,-4.177052,4.2426815,3.243821,1.5400727,0.835186,-0.78299105,-2.3739836,-2.0731452
0.0654324144124984,-0.57573277,1.1202724,4.715735,-2.7981596,1.4074827,-4.133414,0.13607028,-1.332769
-0.0427561067044734,-3.3927329,3.0802028,2.7842498,-0.37046868,0.38712332,-0.83994734,-3.5160027,-1.9638207
-0.1647356152534485,-1.8004565,3.7074761,-0.26199886,-4.201869,2.0913157,-4.220954,-1.0372236,1.0089586
-0.0021882974542677,-2.7673922,1.3164681,0.6147627,-4.4786797,3.0214438,0.032041844,-0.9621106,-3.2565305
-0.0561132878065109,-2.3398054,2.933512,1.4091197,-1.4035562,0.09217346,-1.8957409,-4.1351786,-2.0155938
0.0995378196239471,-0.6252702,1.1212847,4.859963,-2.4779713,1.7495085,-4.4062405,0.32004598,-1.3134341
0.0,-2.234721,1.2489029,1.4879305,-4.47797,3.391125,0.12826641,-1.7542961,-3.1769927
-0.0942157581448555,-3.991799,3.6834939,3.574418,1.1087209,0.7488907,-0.30528286,-2.3404174,-2.248978
-0.0135808810591697,-2.7093902,1.3651246,0.46260366,-4.2442,3.1009216,-0.12329637,-0.5911131,-3.0172505
-0.0379797928035259,-3.8633108,3.086293,3.179821,-0.75831413,0.18005596,-0.55657786,-2.2036238,-2.395123
0.0767812430858612,-1.9825006,-0.19905919,1.4273146,-0.50242186,3.7826135,-3.940234,-0.7409827,-3.929861
0.0855348631739616,-0.8063195,0.040268213,2.1287599,-1.8789843,2.1419294,-3.6660063,-0.6130408,-3.4207242
-0.0381934344768524,-2.2303252,2.9179873,0.9883855,-1.5637743,0.20531833,-2.3915288,-4.538912,-1.6301248
-0.0353259220719337,-4.0185046,3.2150173,3.4373894,0.055150136,0.571018,-0.21579358,-2.6628773,-2.2035341
0.1004122719168663,-0.6880783,1.0573225,5.0418634,-3.5624998,1.3661295,-3.121218,0.48003304,-1.0383875
0.0,-2.2376676,1.175356,1.4801087,-4.063459,3.5950332,0.11622236,-1.7884386,-3.1045501
-0.0067608710378408,-2.509794,1.0035462,-0.17961194,-2.9116716,3.614778,-1.773711,-1.9718677,-3.9325395
-0.06656314432621,-2.3695068,2.647477,1.3362688,-1.3744124,0.23514211,-2.4053593,-4.8270073,-2.0539443
-0.0547100901603698,-2.4877138,2.4677935,1.9714509,-1.5528275,0.20324507,-1.0743544,-4.1700864,-1.978446
0.0660055354237556,-0.5828774,0.619823,3.7966292,-2.0942402,2.4186459,-4.331706,-0.31572816,-1.9532717
0.0,-2.2436244,1.1222202,-0.25593185,-3.1419554,2.861817,-1.6856232,-2.346879,-3.9116297
-0.1220318377017974,-3.3939352,3.3352613,3.0661507,-0.016760789,0.19506945,-0.43803394,-2.8478155,-2.0247314
-0.0119564766064286,-2.47839,3.4942193,1.0026873,-1.205736,0.5511048,-3.1642416,-4.1436234,-1.1066744
-0.2347741276025772,-2.489727,3.6011217,-0.42730278,-4.2881913,1.6505435,-3.8296983,-1.6067206,0.42129162
0.0,-4.080956,2.7366376,2.6221278,-4.030295,2.2029734,0.51132566,1.0154729,-2.7479796
-0.0809089839458465,-0.66414845,6.004047,-1.4511173,-2.9197795,3.8404267,-3.8661323,0.12191438,0.18175018
0.0451224036514759,-1.8816473,-0.40579203,1.3929174,-0.3778721,3.7109444,-4.155889,-0.883237,-4.188329
-0.0163482595235109,-4.3831954,4.6115274,2.7052014,1.90128,1.1770228,-1.1771367,-2.3901443,-1.7792077
-0.1261991411447525,-3.104097,3.474135,0.64590967,-2.5487566,1.5956608,-3.1008706,-2.2481945,-0.3167753
-0.1220345050096511,-3.5325031,4.7495613,1.7954987,2.343306,2.258441,-1.8735259,-2.211014,-1.475494
0.1873597651720047,-1.1538105,4.0067406,1.6962873,-1.2990263,-0.42774385,-3.7361138,-0.464415,-2.7206638
-0.0398948676884174,-4.045377,3.572617,3.84038,0.25619492,0.6843066,-0.36745787,-2.0085053,-2.333466
-0.1197464615106582,-1.9056734,3.8158526,-0.07895853,-4.2475944,1.8985391,-3.891282,-0.8192954,0.5399828
-0.0919123217463493,-2.2030442,3.0689087,1.5805161,-1.1407493,-0.10501856,-2.5524,-4.431624,-2.1563623
0.1292339265346527,-0.5502066,1.5281785,4.8778553,-2.9887252,1.2115864,-4.6224704,0.45392627,-1.3041683
0.0628929436206817,-0.7583793,1.1106666,5.2392697,-3.2072718,1.4774126,-3.8050082,0.34571427,-1.1590495
-0.0475175902247428,-3.0474453,2.3927932,2.27629,-2.4563503,0.79129755,-0.48956412,-0.98303723,-1.6406864
0.0526142455637455,-0.49375856,1.0268579,5.2396913,-3.1225278,1.5343008,-3.5870247,0.07265625,-0.7684507
0.0808931216597557,-0.8393171,-0.12854584,2.0656035,-1.819174,2.4418871,-3.8318872,-0.5799812,-3.4229238
-0.0653001070022583,-2.4975774,2.8947823,1.1704222,-1.8044546,0.41722023,-2.4380279,-4.4304137,-1.7686929
0.0867170915007591,-0.6390309,1.1036981,2.8633883,-1.5715677,2.1115034,-4.3464046,-0.5179817,-2.507486
0.0928398370742797,-0.45467448,1.3423897,4.397986,-2.0207672,1.1864601,-4.4860716,-0.08015295,-1.3161439
0.0869732946157455,-0.70307094,1.1538786,3.4297867,-1.9706401,1.3472077,-4.620447,-0.3642881,-2.0247762
0.0006012359517626,-2.7656476,1.2674571,-0.6869743,-3.1314483,3.0117922,-1.4053068,-1.8105085,-3.789186
-0.0446696393191814,-3.8452756,3.2176616,3.8648899,-0.576885,0.20299184,-0.27305537,-2.3482687,-2.6066377
0.077597863972187,-2.001859,0.102568775,1.2624496,-0.2820058,3.870083,-4.128486,-0.7434367,-4.0140166
0.0937974005937576,-2.2214642,-0.13282847,0.9601743,-0.30410337,3.6443372,-3.4357128,-1.0426403,-4.4237137
-0.0475304387509822,-3.9577563,3.3955462,3.4872515,-0.37389237,0.74756086,-0.13915393,-2.251236,-1.9510968
0.0471406616270542,-0.5795004,1.267993,4.8913355,-2.8723187,0.95468074,-4.024198,0.084652565,-1.3902462
0.0479328520596027,-0.6510929,1.1147879,3.7161164,-2.3659935,1.5392479,-4.514891,-0.20978594,-1.6839043
0.0,-2.4103103,1.352132,1.4597723,-4.294366,3.6216304,0.09354156,-1.6840482,-3.254427
0.0941556841135025,-1.7346061,-0.31347653,1.3386042,-0.86792517,3.456793,-3.6863432,-0.5547879,-3.4777973
-0.195066824555397,-1.8467504,2.984511,0.4438641,-3.841295,1.9055885,-3.7453694,-1.7904351,0.27384722
0.0628210380673408,-1.2007204,0.54212844,3.169694,-2.7467473,2.6226752,-2.9184694,-0.4551591,-2.470989
-0.1056389734148979,-2.338577,3.3874977,0.5197219,-3.5518463,1.9376538,-3.403432,-2.1552339,0.41254777
-0.0477330647408962,-2.8275058,2.9384809,1.9600261,-0.94423026,0.34368,-1.3366327,-3.9574986,-2.1981032
-0.0596718527376651,-2.2274144,2.7744327,1.2535145,-1.4422342,-0.14542708,-2.576223,-4.725188,-2.2789202
-0.0620786622166633,-2.2711322,2.7025914,1.2654034,-1.3238171,0.118121296,-2.3413842,-4.573481,-2.1324127
-0.0029360768385231,-2.3141925,0.9480449,1.1350381,-4.624372,3.2214131,0.03279733,-1.7381023,-3.0173013
0.0516188219189643,-2.0600655,-0.022924408,1.352827,-0.75998825,3.9760609,-3.3879774,-0.93013453,-3.2318234
-0.1980523467063903,-2.4691849,3.6359406,0.053015366,-3.971936,1.6967168,-4.016561,-1.9082813,0.7475337
-0.0961793586611747,-1.4301157,5.0485163,-0.2677279,-1.1614752,4.324471,-3.4979346,-0.8717241,-0.14871092
0.0742949023842811,-2.6247742,0.5874528,-0.51018745,-2.0146978,2.9166598,-1.9700375,-1.2267045,-4.13014
-0.0553780794143676,-2.7318184,3.331843,1.6932054,-1.4632813,0.62634486,-2.733335,-4.117925,-1.1345062
-0.083752617239952,-4.182975,3.8275852,3.4443913,0.3019024,0.1565763,-0.35431,-1.9732767,-2.346017
-0.1403767764568328,-1.4673563,4.349413,-0.44788125,-2.2543948,2.5935595,-3.7138124,-1.5767915,0.34586567
-0.000850276031997,-2.3840206,1.7856989,1.962403,-3.907067,2.1735742,-0.6843069,-1.7851421,-2.0316477
-0.0937462374567985,-2.7304356,3.418589,1.8712398,-1.5967251,0.6709424,-2.4987645,-4.099142,-1.06685
-0.0643161684274673,-2.7453427,3.6532168,0.06045393,-2.7963557,1.9521886,-3.5546489,-1.3398058,-0.08351334
0.0657294914126396,-0.75234795,1.2190809,5.3100634,-2.5973225,1.2783036,-4.0993843,0.24586962,-1.1336068
0.0,-2.2440379,1.3722874,1.5391674,-4.649828,3.4156451,0.28952166,-2.0632138,-2.951739
-0.1107938289642334,-2.2798533,5.027498,0.06648888,-0.23081651,2.9795003,-3.1694362,-0.88005084,-0.63988274
-0.057350218296051,-2.5076663,2.6302092,1.716231,-1.0916945,0.4915211,-2.1863978,-4.6014595,-1.8095398
-0.1790498197078704,-0.5923076,5.5802274,-1.4180948,-3.260282,3.6070464,-4.271322,0.09415285,0.6257287
-0.0835399329662323,-2.0865326,2.988364,1.3398935,-1.4076443,-0.2584068,-2.4094758,-4.836052,-1.7732804
0.0906798467040062,-0.7056523,0.9422204,2.7167633,-1.8753825,1.7968144,-4.2146115,-0.27937216,-2.4754777
-0.1843570917844772,-2.0600913,3.7155814,0.10529969,-3.8698263,2.9682071,-4.235633,-1.754113,1.2814499
-0.0659373551607132,-2.540351,3.2325704,1.4278116,-1.4638443,0.3972245,-2.260612,-4.1893296,-1.1165277
0.0,-2.1954112,1.2277344,1.5699962,-4.3964095,3.2512178,-0.10820643,-1.8569264,-3.1464105
-0.060490071773529,-4.4105535,3.5989628,3.7126095,-0.4738465,0.73489296,-0.20185134,-1.6345142,-2.184522
-0.0779081359505653,-2.1325347,2.836742,1.4435958,-1.1440252,-0.01835312,-2.7086143,-4.278573,-1.6189454
-0.0729448422789573,-4.04336,3.2958217,3.5276513,0.27491528,0.43881518,-0.39038032,-2.3195662,-2.3758214
-0.0006155604496598,-2.669085,0.94061965,1.5667254,-3.9761539,3.5600297,0.041759603,-1.4076118,-3.289193
0.0,-2.618238,1.2655221,1.3589422,-4.463519,3.7334309,0.031526,-1.7404937,-3.27818
-0.0429867282509803,-3.0536141,2.8394384,2.6223834,-2.0291762,0.38288626,-0.31687203,-2.2427082,-2.156127
0.0,-2.535339,1.4038637,1.2212377,-4.2340493,3.5133898,-0.03412623,-1.6833508,-2.9659026
0.0692565888166427,-0.36263406,1.3593166,5.188606,-2.6039944,1.2773707,-3.9277754,0.11375878,-1.1501647
-0.0769534856081008,-4.187711,3.8183546,3.72776,0.42060068,0.6546385,-0.30033156,-2.2731242,-2.2678802
-0.0894334390759468,-2.75198,3.4177039,1.3334339,-1.7762384,0.6398985,-2.9226458,-4.32658,-0.82379264
0.0922478809952735,-2.0171478,-0.3944245,1.373509,-0.4382258,3.8124743,-3.9420831,-0.61724347,-4.2588534
-0.091706097126007,-3.1997395,2.7554483,2.2879848,-2.1103857,0.84919685,-0.69229805,-1.6456685,-2.0094125
0.0512415543198585,-2.183027,-0.103352465,1.1321307,-0.8908596,3.4430084,-3.50191,-0.6337636,-3.8859906
-0.013257029466331,-3.1126285,3.9008958,2.1488943,-0.03310713,1.0009977,-1.602416,-2.9945877,-1.068382
-0.1229044646024704,-3.5684626,3.3121088,3.0078607,-0.3963958,0.3608331,-0.59507203,-2.335113,-2.5381176
-0.0614617243409156,-2.7069573,3.1109638,1.9837965,-0.95958245,0.21684119,-1.9793468,-3.9655085,-1.1571661
0.1023215651512146,-2.140583,-0.17706901,0.9405281,-0.7598251,3.7779894,-3.524716,-0.669689,-4.027274
-0.0655032619833946,-4.1329184,3.77504,3.7302158,0.0024184994,0.7449199,-0.37675983,-1.9119517,-2.4713566
-0.084807850420475,-2.5498283,3.240577,1.93912,-0.85084814,-0.17227352,-1.558137,-4.4825025,-1.7796825
0.0448949970304966,-2.139022,-0.24122006,1.0845493,-0.6607591,3.5679026,-4.109914,-0.7451554,-3.6703222
0.0556236840784549,-1.9401634,-0.113321416,1.3480105,-0.74119794,3.8259254,-3.8835773,-0.7446492,-3.7666075
-0.0008705339860171,-2.257429,1.3367096,1.5367004,-4.201508,3.6101015,-0.2215047,-1.5799723,-3.2848873
-0.0040596802718937,-2.5023484,1.2425488,-0.09586354,-2.7714932,3.2357202,-1.6010444,-2.362502,-3.9032466
0.0003734856727533,-2.9926999,1.0770392,-0.4827913,-3.0651822,2.9240332,-1.4909778,-1.8218287,-3.7747576
-0.096407264471054,-2.723764,3.0241907,1.5830445,-1.3387542,0.48219883,-2.2495947,-3.8649592,-1.2514093
-0.0920084044337272,-2.4043694,3.2576835,1.2444108,-1.332795,0.8722402,-2.769809,-4.401661,-0.9994671
-0.2773934304714203,-0.6088524,4.9488964,-0.822183,-3.6480174,3.177425,-4.0283804,-1.0041085,0.84094846
-0.043631188571453,-3.6662881,3.1916707,3.3604417,-0.28332397,0.7238642,-0.34197298,-2.7054138,-2.3083124
-0.0310289785265922,-3.324696,2.558065,2.3847332,-2.2259789,0.36419594,-0.45147833,-1.3159573,-1.5416456
0.0057050925679504,-3.9935606,3.0161417,2.3683321,-4.2958426,2.1532645,0.79927003,1.3955073,-2.7518473
-0.2153099328279495,-0.94333774,5.6375656,-1.7610902,-3.231469,3.6720529,-4.0724297,-0.002429977,0.4891959
-0.0002485241857357,-4.1625547,2.8319077,2.0882866,-4.1332026,2.1274056,0.7608607,1.1074528,-2.7332559
-0.0492204017937183,-3.6796215,3.1791914,3.2598436,-0.4930691,0.18119699,-0.25797287,-2.7891634,-2.35539
-0.0663948655128479,-2.1900587,3.7097883,-0.5089366,-3.829966,2.3603086,-3.8645315,-1.525199,0.6604855
-0.0018354830099269,-2.3082256,1.7767556,1.8199868,-3.9671102,2.8788354,-0.34445536,-1.8401375,-2.3369894
0.0999105051159858,-0.36653194,1.5141323,3.2055106,-1.7415092,2.0602274,-4.7049284,-0.008749202,-2.3370295
0.0,-2.4502718,0.96485186,1.4578155,-4.4057913,3.5158718,-0.18133414,-1.8232877,-2.8099446
0.0602486468851566,-2.3372412,-0.07603167,0.97814894,-0.6146343,3.736192,-3.9909265,-0.7028558,-3.9513931
0.0004398273595143,-4.2772403,2.8702474,2.0944972,-4.1700287,2.015419,0.75543934,1.5499971,-2.8803718
-0.0637899115681648,-3.7338302,3.215935,3.2293458,-0.6618356,0.13145064,-0.52632123,-2.0030215,-2.4191172
0.1655969023704528,-1.0372765,3.7414494,1.5281206,-1.6642276,-0.45401222,-4.069,-0.3189359,-2.5248587
-0.0614364966750144,-3.3601017,2.8442662,3.0791428,-0.79376894,0.46532857,-0.34953249,-2.9386728,-2.0504823
-0.1323263347148895,-3.0763662,3.1566837,0.6669047,-2.786415,1.7591059,-2.9569852,-2.4105234,-0.04025525
0.0001757331192493,-2.5826313,1.1089644,-0.10541231,-3.1307385,3.3923671,-1.5519557,-2.3029144,-3.938849
0.09453035145998,-2.5041275,0.0014028698,0.9928361,-0.8836943,3.5553818,-3.5193348,-0.8824871,-4.178257
-0.0400026328861713,-3.743416,3.1711085,3.3606548,-0.75365317,0.59517825,-0.46690908,-2.8227282,-1.9837589
-0.1384501755237579,-3.1901364,4.8428683,0.3920349,1.5058082,2.521545,-2.2280674,-1.3092959,-1.7161162
0.0580860190093517,-2.2220526,-0.038370937,1.1362377,-0.6903627,3.9108245,-3.8308852,-0.82107913,-3.9718015
-0.0733745917677879,-4.2895737,3.4957428,3.464145,0.07805197,0.23727235,-0.53925145,-2.5127037,-2.3013039
0.056301325559616,-1.9955735,0.061690725,1.5170606,-0.51413906,4.043368,-4.0344057,-0.9408094,-4.0672865
0.0891136527061462,-1.4572139,-0.11959077,1.5069933,-0.57737154,3.6203284,-3.902496,-0.82722735,-3.635383
-0.0014056148938834,-3.881776,2.9301028,2.4982255,-4.0631037,2.140755,0.5941013,1.1808758,-2.7973545
0.0539448969066143,-0.53192747,0.8577903,4.6686068,-2.4028203,1.8977653,-3.781156,0.09623982,-0.8874926
0.0,-4.1645646,2.5529912,2.5339324,-4.1847477,2.002518,0.61539334,1.0299543,-2.85592
0.1092763617634773,-1.1352475,0.00040644873,2.708109,-1.1398492,2.8444505,-4.3519254,-0.010698378,-2.9165466
-0.0392484962940216,-2.9280896,3.0878446,2.4734578,-1.7745996,0.17647448,-0.41757333,-2.6002607,-1.9484597
-0.0365658700466156,-4.2679024,4.1574116,3.6988165,-0.0009241104,0.4068219,-0.49784702,-2.4430335,-2.233454
-0.1292604655027389,-3.1358552,3.6541293,-0.008872305,-3.3854878,1.6073911,-3.3939767,-1.3206421,0.15360749
-0.2086275368928909,-0.78649217,4.8234315,-0.89386517,-3.2763147,3.5089443,-3.9857285,-0.64456385,0.32740927
0.0691455453634262,-2.1797473,-0.15425359,1.2156862,-0.22751126,3.7104883,-3.8946624,-0.86684847,-4.067304
0.1010265722870826,-0.5377793,0.7693429,2.836049,-1.8602198,2.077454,-4.3199186,-0.06853029,-2.4225938
0.0823007524013519,-0.8149763,0.20206848,2.384053,-1.8402694,2.2389147,-4.4791117,-0.39837596,-2.802604
-0.0006220098002813,-3.995757,2.744933,2.4826436,-4.206553,2.2810822,0.68287784,1.2573093,-2.6572633
-0.0962039157748222,-3.7895339,3.8144093,2.9260502,-0.06964223,0.32650462,-0.2427193,-3.116836,-2.326639
0.0919251888990402,-2.1133695,-0.16085944,1.3132846,-0.300132,3.5914292,-3.9908423,-0.49979424,-4.1000357
-0.123539313673973,-3.5603657,3.5293012,2.9776485,-0.15466413,-0.06529659,-0.48911643,-3.0921476,-2.1862142
-0.067691296339035,-2.7537355,2.873077,1.547205,-1.3302511,0.7432129,-2.738242,-4.662527,-1.1682273
0.050901535898447,-1.4196544,0.07293674,1.445503,-0.89133286,3.707251,-3.5783834,-0.7064087,-3.6083956
-0.1060523986816406,-3.1259813,3.1683965,2.3463964,-0.8727044,0.4293247,-1.1798486,-3.4104395,-1.1792955
-0.1435825377702713,-2.4608076,3.37058,0.19028753,-3.435963,1.73179,-3.4692607,-1.9319317,0.077805266
-0.1440000236034393,-1.9701424,5.0855436,-0.9621438,-1.6690283,3.9611044,-3.4201458,-0.32560724,0.33742115
-0.1157268285751342,-2.5970278,2.851509,1.3717467,-1.2579185,1.7577391,-1.1195521,-3.6067393,-2.0387208
-0.0677923187613487,-4.040803,3.4292564,3.6625295,0.11500813,0.31382507,-0.023899227,-2.1514626,-2.6537707
-0.0630947649478912,-2.176452,3.2113757,1.461983,-1.1538281,0.1705818,-2.1568213,-4.448836,-2.0920622
0.0,-4.117811,2.841332,2.145609,-3.9749546,1.8702499,0.80157256,1.2496274,-2.8492298
-0.0007618034142069,-4.2497606,3.0262814,2.3586628,-4.210168,2.1887841,0.7187438,1.318938,-2.931342
0.0869508534669876,-0.6881622,1.1115153,3.6578383,-2.1963274,1.505765,-4.50793,-0.25437784,-1.7297288
-0.0932820588350296,-4.5456243,4.0088205,3.8638031,0.9870416,0.48811388,-0.6281746,-2.572109,-2.1901817
-0.0338493585586547,-2.8311112,2.3100321,0.04843825,-2.1913865,1.5928735,-1.8102741,-2.4930992,-1.9572113
0.0,-4.0720177,2.9293547,2.1447854,-3.9169354,2.3203404,0.54760534,1.1401355,-2.7287176
0.0914972499012947,-0.56735957,1.1550756,2.992957,-1.8584692,1.9146765,-4.3967843,-0.43529257,-2.4284766
-0.0007661748677492,-2.0283747,1.3027029,1.3611119,-4.701743,3.3735406,-0.17690906,-1.9454674,-2.9793408
0.0498135015368461,-0.6333279,0.5370385,2.8844547,-2.194059,1.9327114,-4.38186,-0.34087354,-2.356315
0.0006155604496598,-2.8439643,1.2657542,-0.7340754,-2.697064,2.6435478,-1.1882558,-1.2573892,-3.696569
0.0886494740843772,-2.1734934,0.032887686,1.3143731,-0.48737323,3.8925467,-3.8074133,-0.7397502,-3.2548802
0.0177247710525989,-1.2976946,2.4543247,1.3860149,-0.76587373,1.00131,-4.3456616,0.41626564,-3.5309494
0.0575020983815193,-0.83366907,0.3259979,1.8969741,-2.1983337,2.136005,-3.7615137,-0.69182694,-3.3065484
0.0987890362739563,-2.2624056,-0.07733518,1.0830042,-0.7792081,3.575312,-4.429857,-0.5853192,-3.6572645
0.1673085838556289,-1.4531947,2.1444306,1.7139989,-0.48608917,1.5509157,-4.4859557,-0.15590173,-3.5892842
-0.0344646461308002,-3.8784375,3.7624052,3.4769576,-0.17252173,0.47345665,-0.36916476,-2.7140613,-1.7202293
-0.0085873780772089,-2.2381284,1.3466043,1.5753207,-3.9200542,3.2548532,-0.120190024,-1.7387002,-3.3267994
0.0742027908563613,-0.48991102,1.3864828,4.6625924,-2.3520427,1.031359,-4.357248,-0.17034352,-1.2139143
-0.0009267422719858,-2.1467967,1.3021277,1.6917204,-4.1303,3.6307228,0.021594206,-1.5294607,-3.0526912
0.0688689723610878,-2.1189086,-0.22612807,1.4819835,-0.7964928,4.132525,-3.8390305,-0.5643519,-3.9659932
-0.0013568645808845,-4.3088975,2.9641762,2.180232,-4.1156683,1.9086986,0.70334035,1.4781392,-2.8638957
-0.0538188703358173,-2.5605884,3.097201,1.3340774,-1.1311166,0.31166756,-2.1796284,-4.667682,-1.8585063
-0.137631356716156,-1.9673986,3.139101,0.40716276,-3.018798,1.4151013,-3.989454,-1.8825623,0.26233977
-0.0530867576599121,-3.1905043,3.154277,2.9772065,-1.4146674,0.34698874,-0.34961224,-2.233109,-2.3306382
0.0,-4.1153994,3.0682719,2.6135576,-4.173578,1.9418702,0.7049113,1.2328471,-2.5075219
0.0,-2.2567992,1.2401212,1.4377975,-4.306191,3.9567573,0.050806407,-1.8081167,-3.1405551
-0.0091193849220871,-2.6288204,2.921151,0.9588536,-2.158736,1.254971,-2.583645,-2.516421,-0.5576175
-0.0892489477992057,-3.0964098,2.8996947,2.138657,-1.029635,0.5909154,-1.2263365,-3.2675233,-1.2537566
-0.1561989784240722,-3.020404,4.8293033,0.9135352,1.6136503,2.7865272,-2.400114,-1.6908702,-1.1094277
-0.0397014617919921,-2.6618888,3.2774253,1.6305045,-1.1913743,0.5103767,-2.7431128,-4.092254,-1.217834
0.0501255802810192,-1.2190918,-0.21801731,2.4259255,-0.896923,3.1486106,-3.833315,-0.60611254,-3.4000723
-0.2048387676477432,-0.74537176,5.730702,-1.4925176,-2.9972432,3.7143514,-4.1228013,0.21420343,0.20270865
-0.000714715803042,-2.9126031,3.1739814,1.5028574,-1.7337363,0.5164257,-1.7091637,-2.2730646,-0.94948643
0.2510149478912353,-1.6639239,4.391162,1.2512861,-1.0425284,-0.879229,-3.9028668,0.23688892,-2.3762407
0.0955934002995491,-1.5624586,-0.063063666,1.7833097,-0.6762204,3.3611338,-3.954607,-0.8177849,-3.5816698
-0.0041988580487668,-2.1967225,1.2407248,1.2120031,-4.090669,3.4634311,-0.35005057,-1.4690747,-2.7987936
-0.0008176579140126,-2.5518265,0.9339385,-0.21440881,-3.1245492,3.1106257,-1.6486449,-2.3852608,-3.7591515
-0.0348410084843635,-2.8545609,1.7746263,1.3258575,-3.5832243,2.7482274,0.041342437,-2.04283,-3.0106738
0.07528568059206,-1.958139,-0.111273825,1.205261,-0.5470862,3.8105307,-4.0281262,-0.7793217,-3.9609215
0.1022538244724273,-0.46211228,1.1045743,5.0085683,-2.9417174,1.2413821,-4.3303304,0.03865634,-1.0683328
-0.0958672687411308,-3.7942636,3.496412,3.384653,0.2526795,0.38521615,-0.579439,-3.0209787,-2.4837632
-0.0479705482721328,-2.7480464,2.6223607,1.7027653,-1.5187743,0.61314404,-1.5661746,-4.227964,-1.9675416
-0.1034648343920707,-2.2486463,1.4472623,-0.22220574,-2.996388,2.472697,-1.8768617,-3.0532763,-3.2053978
0.0429713800549507,-2.018291,-0.19730572,1.083021,-0.63675946,3.737346,-3.6727734,-0.8072947,-3.6280415
-0.0351434350013732,-2.274817,3.1462612,1.8034196,-0.90547764,-0.13423711,-2.3934767,-4.52365,-2.1459365
-0.0010107608977705,-4.019372,3.0153327,2.3663814,-3.758099,2.044212,0.8570741,1.1805124,-2.8887873
0.0760102421045303,-0.6129911,1.2893612,4.508992,-2.5839899,1.1358746,-4.744459,0.020606615,-1.4711198
0.0004398273595143,-4.107969,3.0011878,2.2094808,-4.3328176,2.1243668,0.8226866,1.0464739,-2.8860836
-0.1199861392378807,-2.9227617,3.6868646,0.11729096,-3.0199344,1.7425027,-3.4104452,-1.3655185,0.35241377
0.0001757331192493,-2.4799974,1.1328268,1.5879775,-4.20502,3.6558113,-0.36720136,-1.6708528,-3.208311
-0.1243175864219665,-4.128463,3.640343,3.7598069,0.54776984,0.62365365,-0.16738814,-2.0240486,-2.383542
-0.0155266672372818,-3.2379475,3.6920218,2.1459284,-0.23059297,0.20474604,-1.4505647,-3.1328394,-1.2235976
-0.0960418209433555,-4.029317,3.6802058,3.209809,-0.11747634,0.107610606,-0.47449866,-2.4434986,-2.567306
0.0458195395767688,-0.7321304,1.1326098,5.1403737,-2.7939427,1.6486274,-3.6578565,0.3821088,-0.9645693
0.0,-2.3340416,1.3171777,1.5625271,-4.2853117,3.7214477,-0.053595357,-1.6884063,-2.983811
0.0457441620528698,-0.39572048,1.0856626,4.985423,-2.47525,1.4671721,-3.8834174,-0.17442252,-0.77558476
0.0718602687120437,-0.78258413,0.37781513,3.6780567,-2.044411,2.2510824,-3.7775373,-0.58367676,-2.0308366
-0.1748700141906738,-2.2462273,3.6528115,-0.55716115,-4.2501163,1.8534061,-3.7289724,-1.2502043,0.73801684
0.0,-4.1446843,3.0144956,2.1414444,-4.258034,2.4914265,0.7969079,1.3810343,-2.8147118
-0.0899473279714584,-2.2863698,3.1828728,1.5779622,-0.9352446,0.6068364,-2.5327406,-4.420662,-1.4715573
0.0,-2.514925,1.5076715,0.16447932,-2.7124507,2.53635,-1.704764,-2.1219153,-3.8591475
-0.200563296675682,-1.958708,3.4300225,-0.34961188,-3.861339,1.6236544,-3.6790552,-0.935289,0.36609498
-0.2773159146308899,-1.1702261,5.1706448,-1.5895054,-3.5661616,3.0986385,-3.833211,-0.053394422,0.7833263
-0.0153589686378836,-2.6270068,2.9345088,0.71610594,-2.1918828,1.0433673,-2.4801607,-2.487694,-0.92476517
0.0702688619494438,-0.56560063,0.76335704,3.77515,-1.8283285,1.8042244,-4.2547517,-0.5130478,-1.8412174
-0.0257168747484684,-2.5297384,1.3000764,1.4283487,-3.7749906,3.508939,0.0023547262,-1.5974314,-3.0229392
-0.168768048286438,-2.323317,3.676158,0.055638425,-3.2203343,1.7232987,-3.4477623,-2.0335476,0.12344698
-0.0931750163435936,-4.1640286,4.1363773,3.6829443,0.7842389,0.4176437,-0.6213995,-2.0359094,-1.9662695
0.144070491194725,-1.1408832,-0.06670609,2.745427,-1.0709502,2.9846969,-4.2966185,-0.4936903,-2.8486912
-0.0004398273595143,-2.6507258,0.88281244,-0.2550288,-3.0944612,3.1729927,-1.5431423,-2.3974915,-3.9421518
0.1286890059709549,-2.008213,0.2989101,1.2621434,-0.41109517,3.7544096,-3.6274226,-1.0126786,-3.3350015
-0.1222034692764282,-2.1070845,3.9006808,0.46755537,-2.6544094,1.7163382,-4.000682,-1.9601349,0.18727809
-0.0528563372790813,-4.267709,3.961337,3.9409082,0.23723915,0.8623903,-0.27819332,-2.149409,-2.08909
-0.0002485241857357,-4.1523495,2.8431995,2.368898,-4.3142366,2.1696472,0.45996267,1.4714636,-3.1041265
-0.0546984449028968,-2.1130261,3.1748972,1.4053143,-1.1191046,0.31394732,-2.2198887,-4.7459717,-1.783961
-0.2686520516872406,-0.7680649,5.421387,-1.4143537,-3.0176492,3.5927901,-4.053411,0.27151406,0.47456023
0.0537897869944572,-1.7065907,-0.4336527,1.3903155,-0.3432407,3.9706693,-3.9901042,-0.82401836,-3.9305909
0.0,-2.6119738,1.2416471,1.392589,-4.1271825,3.5373478,-0.104571514,-1.6644576,-3.052694
0.0053307954221963,-3.014712,1.8520468,-1.0309489,-3.0243733,2.5765102,-1.3938063,-1.6733668,-3.6667726
-0.1019359454512596,-2.7574143,3.5618846,1.7427483,0.681883,0.635979,-2.145702,-3.6565473,-1.5813588
-0.0831393525004386,-3.7516248,3.292524,2.9261982,-0.22827007,0.5894866,-0.42453152,-2.4666312,-2.5064285
-0.1421137601137161,-2.2508526,3.7779014,0.2933725,-3.455861,1.6000285,-4.0049963,-1.5089084,0.9590986
-0.0783825442194938,-3.264518,3.3855996,2.7551,-0.11454649,0.3797366,-0.7408946,-3.54127,-2.0119827
0.0762386620044708,-1.2331965,-0.23835671,1.934091,-0.6479072,3.064692,-4.0216804,-0.6780766,-3.667586
-0.0402227453887462,-2.3771803,3.1491761,1.6086738,-1.3270204,0.032200485,-1.7456408,-4.1219993,-2.1096947
0.1042193546891212,-0.50724006,0.6958776,3.8291466,-1.8595957,2.102574,-4.7873254,-0.25708845,-1.7853274
0.0805169343948364,-2.2241068,0.0849074,0.7665804,-1.0606428,3.5402977,-3.5492642,-0.61933666,-4.230592
0.0590004287660121,-0.73577267,0.77919394,4.7491145,-2.5319386,1.8741009,-3.6816068,-0.032386415,-1.0772458
-0.1763454377651214,-1.3669069,5.4737854,-1.2136158,-1.0751998,3.4792666,-3.266022,-0.18657535,-0.6003669
-0.0837841108441352,-4.30521,3.83665,3.6618705,0.45811373,0.7039776,-0.3937082,-2.023597,-2.5458071
-0.0829823836684227,-3.1256657,2.844123,2.6631923,-1.4837956,0.6361779,-0.31687066,-2.3925703,-2.3285093
0.0544289350509643,-0.42476296,1.142326,3.8903916,-2.4971929,1.7296919,-4.204325,-0.30095965,-1.6838757
-0.0097595425322651,-3.1034935,3.2330573,0.6873908,-2.816435,1.4630408,-2.6324675,-2.1110685,-0.13428223
-0.0611331164836883,-3.6177561,3.2587492,3.595226,-0.16809072,0.56923366,-0.36576787,-2.56676,-2.2088056
-0.0539668761193752,-2.748723,3.0345147,1.320137,-1.893048,0.6285837,-2.3901358,-4.3534365,-1.2846546
-0.0603258349001407,-2.531638,3.3717978,1.8360022,-1.3215332,0.49195832,-2.1827664,-3.908419,-1.3172843
0.0439583770930767,-0.3648774,0.99076366,5.2877564,-2.7654223,1.1984637,-3.985346,0.10375017,-0.8725314
-0.0870775431394577,-4.535919,3.702505,3.6430426,0.095362246,0.42070633,-0.2053419,-1.9886976,-2.0941763
-0.0685769021511077,-2.3281808,2.6761618,1.268246,-1.6977562,0.43179002,-2.7749033,-4.230068,-1.7283789
-0.0385924689471721,-3.191006,2.6024828,2.9035926,-1.7425184,0.40070215,-0.2146459,-2.576515,-1.969727
0.0,-2.2435591,1.391401,1.4444244,-4.2227817,3.5376883,-0.023676006,-1.7790463,-3.4248939
0.1929154843091964,-1.6542574,3.9542625,1.1702026,-1.3208679,-0.73583716,-3.8722317,0.52732176,-2.2248976
0.0906962603330612,-1.8593458,-0.048621498,1.7540332,-0.5551822,3.3928168,-3.7622502,-0.6535156,-3.4808671
0.0991607755422592,-0.46824843,1.4096346,4.810143,-2.5721538,1.2356133,-4.466812,0.19753002,-1.2496916
0.0704748183488845,-2.0562239,-0.18435916,1.4348749,-0.67794347,3.928571,-3.662113,-1.045436,-4.1293936
0.0814813449978828,-2.1295178,-0.18261373,1.0650189,-1.0265138,3.7851093,-3.8603325,-0.8995833,-3.5462298
0.094575360417366,-1.1346871,0.25458366,3.34095,-2.001901,2.3508372,-3.3529322,-0.5095821,-2.5795593
0.0,-4.136942,2.6466274,2.2185624,-4.070663,2.1182764,0.73774904,1.453283,-2.8802063
0.0458369851112365,-2.0627842,-0.12965706,1.1160405,-0.69315183,3.8864903,-4.1798487,-0.8999592,-3.9991775
-0.0489483028650283,-3.9817991,3.4952848,3.7168272,0.44125152,0.36125362,-0.3580137,-1.8911575,-2.3938696
-0.1874400675296783,-0.82853156,5.3176527,-1.3554769,-2.5476522,3.2149637,-4.1122627,-0.00573685,-0.09354159
-0.0057732863351702,-2.5947785,1.3443192,1.2982066,-3.8136303,3.5242417,0.18106464,-1.820462,-3.1293082
-0.0001757331192493,-4.027439,3.1341515,2.3356042,-4.142284,2.0193179,0.60145926,1.2899061,-2.6087697
0.0018062916351482,-2.9633224,1.4925414,-0.72046584,-2.7634723,2.8766017,-1.4642047,-1.4608078,-3.8827455
-0.0545211099088192,-2.6388776,3.1971843,2.6422148,-1.1422668,0.18813182,-0.62058705,-3.1064565,-2.2368624
0.0,-4.0045714,2.7503948,2.4255583,-4.03309,2.0757003,0.59033906,1.2983705,-2.744634
-0.0888141021132469,-2.2807245,3.2093291,1.4256673,-1.2215041,0.050790034,-2.3394694,-4.677158,-1.5664428
-0.2131823003292083,-1.2294136,5.5610733,-1.1910329,-1.679969,3.3384483,-3.398337,0.21303922,-0.45708743
-0.1234023049473762,-2.4503827,3.35764,1.2861682,-1.1250905,0.28965932,-3.0104709,-4.527818,-1.7182219
-0.0504981018602848,-2.7400038,3.0546267,2.3481004,-1.3590543,0.6119998,-1.3623612,-3.7451842,-1.3614635
-0.0484912358224391,-2.438511,2.8607543,1.3205227,-1.2327639,0.5167818,-2.4757009,-4.4820833,-2.0110579
-0.1322398036718368,-2.5001004,4.9178557,-0.9460613,-0.12863973,2.8080027,-2.876388,-0.57284236,-0.4386763
-0.0138914249837398,-2.350708,1.1098139,1.2252797,-4.4759164,3.6046536,-0.17459801,-1.5327555,-2.8162744
-0.1171492412686348,-2.599489,3.3389187,1.0676497,-1.3749142,0.5910255,-2.436847,-4.482493,-1.5532811
0.0004649461479857,-2.7729535,3.2519722,1.7315612,-1.3806151,0.69768983,-1.5338644,-2.6816113,-1.3663338
0.0491878464818,-0.4109434,0.836026,4.165967,-2.2146292,1.8102959,-4.2693243,-0.45226425,-1.4223936
-0.2411791980266571,-0.8493257,4.5720887,-0.5205357,-3.8357232,4.2608547,-4.042078,-1.3613906,1.1768781
-0.0708035677671432,-2.4694233,3.3843887,1.1310183,-1.2646596,0.490798,-2.532651,-4.5699205,-1.7860578
0.0,-4.1324944,3.1641061,2.239955,-4.071831,1.9937882,0.56616384,1.6334373,-2.8610697
0.053420178592205,-2.0624795,-0.17151728,1.1206717,-0.42004478,3.8365018,-3.8464613,-0.7635764,-4.44511
0.0542709231376647,-0.7463218,1.4310657,4.496326,-2.8360581,1.3405918,-4.2894278,0.07798176,-1.4380827
0.0939462184906005,-0.48434067,0.8429953,2.8879707,-1.6793383,2.0391243,-4.322319,-0.2648286,-2.8048685
-0.0010806785430759,-2.2997732,1.1875309,1.6687374,-4.0413446,3.5551257,-0.06378785,-1.8901771,-2.9677756
0.0001757331192493,-4.182077,2.8943563,2.2122471,-3.8773644,2.1516905,0.66474813,1.2600445,-2.6591218
0.069973349571228,-2.127288,-0.040265925,1.2051029,-0.38608372,3.8064456,-3.9538655,-1.0072238,-3.7155364
-0.1812045127153396,-1.6982105,2.972486,0.69440275,-4.0523014,2.1149604,-3.9936442,-1.6852558,0.13930972
-0.0487033389508724,-3.1481118,2.4892633,2.8377964,-1.7211037,0.9132633,-0.43274903,-2.3689451,-1.8374909
-0.1411906629800796,-2.673408,3.7851706,0.981611,0.23369266,1.6555469,-2.6986828,-2.6832304,-0.5662978
-0.0619194284081459,-3.3629565,3.4732914,3.1453261,-0.53065836,0.32457322,-0.34533843,-2.7338448,-2.3487878
0.1015503406524658,-0.44157058,0.79228926,5.098412,-2.5568256,1.5716157,-4.443955,-0.15621142,-0.9686934
-0.0435166880488395,-4.3270035,3.7158704,4.0279155,0.28577355,0.59818655,-0.119561404,-2.312481,-2.5490012
0.0,-2.9696531,1.514021,-0.5921162,-2.7507524,2.366442,-1.659664,-1.7306637,-3.432268
-0.0490127727389335,-2.8911178,2.651779,2.2978835,-1.7982836,1.3664458,-0.635346,-2.8396616,-1.5833596
0.2145542949438095,-0.87563443,4.042888,1.5595753,-1.7955197,-0.31327194,-4.321668,-0.52470005,-2.4351733
0.0605237260460853,-1.8902757,0.043649495,1.3218389,-0.5794872,3.746245,-3.9826996,-0.72283554,-4.217099
-0.0972821563482284,-2.5647714,3.505804,1.6721001,-1.372109,0.94491625,-2.6032438,-3.948722,-0.95452183
-0.0106543060392141,-2.2563555,3.4895585,0.87299573,-1.3259146,0.9193597,-3.2626462,-3.4237416,-0.6377211
-0.047326985746622,-3.620363,3.0059516,3.26855,-0.5476457,0.6710217,0.0010787696,-2.5014699,-2.2186522
-0.06216536834836,-3.6923647,3.420623,3.3561246,-0.5729864,0.40660018,-0.173073,-2.6684835,-2.0751889
0.084606222808361,-0.94093406,1.1331587,2.647271,-0.8007813,1.8349689,-4.300419,0.11055948,-2.6611528
-0.0720819234848022,-3.6537411,3.6038032,3.2302473,-0.40966386,0.30262738,-0.26699185,-3.154606,-2.0518188
-0.0773000121116638,-4.023602,3.910424,3.498251,0.33274442,0.5131129,-0.56610847,-2.2324548,-2.4499307
0.0,-4.038759,2.9109206,2.090254,-4.071104,2.029001,0.6449472,1.6203777,-2.8343003
-0.0652746558189392,-2.9680853,2.6076753,2.350384,-2.6894588,0.6893436,-0.28168207,-1.1975015,-1.5033724
-0.0784440860152244,-2.536254,3.4229534,0.45673332,-3.2683659,1.9761924,-3.6614225,-1.6769656,0.47826055
-0.0650270357728004,-3.1042273,3.1394436,2.9051201,-0.78357124,0.30927148,-0.4155466,-3.3993404,-1.8613181
-0.0562568642199039,-3.2470062,2.7032776,3.0829682,-0.82349604,0.29804844,-0.48288783,-2.110871,-2.70273
0.0005661552422679,-4.0036464,2.8106694,2.4004354,-4.3478017,2.3116858,0.49697998,1.1825355,-3.0096967
0.2697739899158478,-1.5673503,4.1794977,1.0675957,-1.4045315,-0.7090477,-3.892411,0.67592645,-2.0379386
-0.1245450377464294,-4.206157,3.788248,3.5747921,0.5089906,0.5770627,-0.44174105,-2.928288,-2.414224
0.0642106309533119,-2.2594995,0.17589161,0.91231287,-1.1348194,3.8938081,-3.8659093,-0.8221298,-3.6708448
-0.2284515351057052,-1.0484192,4.9558,-1.67561,-3.4451795,2.9508686,-3.9481516,-0.38302,0.6038421
0.047444924712181,-0.5386908,0.6524785,5.4948506,-2.6520028,1.3812877,-3.987719,0.1690528,-0.6863551
-0.0007661748677492,-2.593697,3.0868976,1.8229474,-1.8130503,0.578475,-1.5881609,-2.2698154,-1.3884103
0.0823289230465889,-1.974297,-0.3091531,1.0701092,-0.7540852,3.381317,-4.1109104,-0.7840272,-4.275659
0.0543664582073688,-2.0309207,-0.38384563,1.1782126,-0.38873395,3.7406337,-3.9578004,-0.8354259,-3.9233327
0.0,-2.497717,1.2920245,1.2691123,-4.2445626,3.3568623,0.015947737,-1.6294053,-3.270351
-0.0843100175261497,-2.6451187,3.2692683,2.0595574,-1.3630643,0.24069178,-1.6603737,-3.5732353,-1.3116025
-0.1239867657423019,-2.2366376,3.009911,1.2064998,-1.290076,0.5736367,-2.6193686,-4.459086,-1.4984375
0.0635985657572746,-0.50732803,0.93014145,4.911984,-2.7056735,1.5340747,-4.0018387,-0.075397454,-0.7837693
0.094277836382389,-0.36354104,1.6151181,5.1454663,-2.591129,1.140527,-4.3038745,0.077429235,-0.7711747
-0.0011563429143279,-2.4955628,1.2807443,-0.29003292,-3.2900972,3.3901596,-1.417021,-2.4260242,-3.795352
-0.0559348724782466,-4.336599,3.5563524,3.769794,-0.3995489,0.5906682,-0.009878453,-1.9984212,-2.5890913
0.0,-4.084557,2.9664729,2.3347764,-3.8588831,1.9182931,0.8253279,1.272627,-2.6940286
-0.0001757331192493,-4.1061397,2.822453,2.121974,-3.911761,2.2793138,0.8629273,1.3838797,-2.6969037
0.0,-2.4010406,1.4142064,1.5565737,-4.118549,3.6903515,-0.09393566,-1.8444891,-3.1025653
-0.0969349071383476,-3.9161,3.6305542,3.238439,0.78268796,0.48419368,-0.6992006,-2.4587865,-2.4484973
0.241632804274559,-1.134536,4.1252346,1.5265169,-1.9353772,-0.096794106,-3.9667222,-0.4801367,-2.3637218
-0.0322099477052688,-2.9598572,1.3435209,0.6468087,-4.2552586,2.7782755,-0.1804197,-0.73455906,-3.1343877
-0.1329318284988403,-2.577456,3.2431498,0.34383523,-3.8452864,1.9618083,-3.8734467,-1.8428661,0.98572165
0.0563499964773654,-2.5692508,-0.17654175,1.1103098,-0.63817084,3.6274393,-3.7876017,-0.4740076,-3.922612
0.0439233407378196,-0.4002664,1.0264754,5.3984923,-3.1126363,1.4332206,-3.7498715,0.092778906,-1.0107179
-0.0380597747862339,-3.279676,3.0192955,2.82663,-1.0283011,0.2584428,-0.21758065,-2.4927502,-2.4670126
-0.1650819480419159,-0.93029577,5.559099,-1.2336719,-1.5872507,4.9183226,-3.897299,-0.22030762,0.33594513
-0.1000402122735977,-3.1812782,3.742982,2.796602,-0.019065648,-0.02894929,-0.9953657,-3.3744202,-1.8239502
0.1273025274276733,-2.4509997,-0.12038116,1.0817763,-0.82489765,3.7849474,-4.436,-0.78528684,-3.7503033
-0.1130148246884346,-3.739151,4.933896,1.9461596,2.1789103,1.6055291,-1.9285251,-2.0774064,-1.5381021
0.0524495616555213,-1.542686,-0.018277228,1.774541,-0.60711515,3.391499,-3.67419,-0.7617033,-3.9097369
-0.0486031137406826,-2.6609693,2.982348,2.165802,-1.6682665,0.27717167,-1.4612247,-3.935335,-1.2976401
-0.0017410679720342,-4.2888684,2.9284973,2.3427224,-3.98514,1.9968699,0.75857,1.2150271,-2.958127
-0.1289597600698471,-2.198304,3.6346014,-0.09417117,-4.179711,1.8038814,-3.798821,-1.554147,0.23455156
-0.0780244171619415,-2.6309988,3.1539533,1.7167591,-1.1728526,0.6091541,-2.2213159,-4.082794,-1.0677468
-0.0002485241857357,-2.74414,1.4630662,-0.6182742,-2.2981458,2.7811787,-1.3658556,-1.6184145,-3.6550553
0.0645744949579238,-1.3117951,-0.091735706,1.9492195,-0.6128689,3.7593336,-3.7863157,-1.0108322,-3.8802903
-0.0962831825017929,-4.2377152,3.861846,3.759021,0.622539,0.5285698,-0.38271016,-2.4960747,-2.0456607
0.0,-4.2432823,3.0369613,2.280687,-4.0541415,2.2230644,0.9464217,1.2631409,-3.0215733
0.0460271872580051,-1.9358577,0.3524276,1.3131137,-0.6724793,3.9375348,-3.5594332,-1.0355679,-3.1650436
-0.126536414027214,-2.2527206,3.737236,0.059876457,-4.0996237,2.6355839,-3.8440886,-1.5993935,1.4427745
0.0592328011989593,-1.8687112,-0.057269715,1.8491704,-0.50554234,3.2390976,-3.9481387,-0.3927237,-4.0891194
-0.0326640643179416,-2.8161418,3.0107346,2.5493135,-1.6502446,0.4675341,-0.7102839,-2.9468768,-1.3610612
-0.0487437695264816,-2.490324,2.5461307,1.313118,-1.6178778,0.099088244,-2.4607792,-4.7138524,-2.2398708
0.0954527631402015,-0.27308053,1.162277,3.969742,-2.2288153,1.6281142,-4.3918056,-0.34884176,-1.5668972
-0.0367299988865852,-4.1694894,3.5077245,3.3219798,-0.04316007,0.51890457,-0.5139338,-1.9670287,-1.9457655
-0.0030864914879202,-2.5014036,1.4417746,1.4627527,-4.074793,3.5475438,-0.1604372,-1.7727052,-2.9074543
0.0930011123418808,-0.42862085,1.2200449,5.081241,-2.8707042,0.85973006,-4.4960365,-0.019923791,-0.89426154
0.0134510230273008,-2.9291315,1.4822372,-0.5166688,-3.2728179,2.1517887,-1.2546943,-1.9800003,-3.448447
0.0559901520609855,-1.2850168,1.1406595,4.8337817,-3.5693662,1.5858084,-2.520656,0.2706395,-1.5595888
0.0760148614645004,-2.1071103,0.03225994,1.1532409,-0.79163265,3.596558,-3.9052248,-0.90525985,-3.5777814
-0.0790804252028465,-4.505337,3.7310402,3.658722,0.589503,0.55649596,-0.30610278,-2.431949,-2.3071127
-0.0821310803294181,-2.3364358,2.9459937,1.426239,-1.2523811,0.55152184,-2.3539321,-4.6555533,-1.8201562
-0.0446730703115463,-4.2503967,3.4529035,3.4478106,0.1318894,0.49085578,-0.061490975,-2.0291548,-2.4847693
0.0,-4.00265,2.9202037,2.2307284,-4.0374794,2.335378,0.6363415,1.4108087,-2.790908
0.0719791874289512,-2.34062,-0.34916744,1.2436452,-0.38129738,3.7756047,-4.239238,-1.0014656,-3.7433412
-0.2056625634431839,-2.7429235,3.611233,-0.36576384,-3.7590318,1.3773943,-3.8477457,-1.1521198,0.23623917
-0.0682077854871749,-2.21485,2.7981746,1.6295873,-1.1163169,0.027679533,-2.040941,-4.5096126,-2.2575464
-0.0958659574389457,-3.3042357,3.1601212,2.9128551,-0.69715506,0.35707456,-0.3620094,-2.4031632,-2.198795
0.0,-2.2233062,1.5402262,1.5594336,-4.343109,3.3019216,-0.16652885,-1.9045035,-3.026093
-0.0609151646494865,-2.6753948,3.3340394,1.4139881,-1.591017,0.5663496,-2.559643,-4.443934,-1.3248504
-0.0847110524773597,-2.790527,3.336566,1.9254797,-0.65815645,-0.22658467,-1.3565954,-4.411962,-1.9322172
0.0939431712031364,-0.56619895,0.74595976,4.305646,-1.9963782,2.0083108,-4.468548,-0.25530288,-1.8285239
0.0579130761325359,-2.1006033,-0.17355764,1.1624243,-0.766151,3.5099285,-3.789982,-0.81212145,-3.7173886
-0.0956282317638397,-3.3728518,2.812627,2.8764763,-1.0074881,0.030684892,-0.65401757,-2.375292,-2.5599322
-0.0364620648324489,-3.6955626,3.317584,3.3764346,-0.3657678,-0.006377667,-0.4132588,-3.1348903,-1.8563933
0.1011998280882835,-0.40505922,1.177197,5.3850117,-2.6320026,1.6046282,-4.1135306,0.21796545,-0.7109658
0.1019808948040008,-1.8439966,-0.22652712,1.1068329,0.043051064,3.592267,-4.2368245,-0.3190577,-3.9635806
-0.121053360402584,-3.2392578,2.9739175,2.5749092,-1.2228798,0.3466107,-0.49936813,-2.415804,-1.9891105
0.077115960419178,-2.1447444,-0.13509363,1.1271125,-1.3612292,3.715118,-3.7171214,-0.7981534,-4.0887327
0.049930814653635,-2.2508864,0.1983439,0.9765183,-1.2829792,3.557034,-3.8915074,-0.78511035,-3.5632563
0.0422100946307182,-1.3061516,1.0886977,5.120484,-3.2316842,1.7477622,-2.630047,0.18777192,-1.4551328
-0.0024333468172699,-2.4956694,1.217182,1.425251,-4.186919,3.9489555,-0.024204765,-1.5428205,-3.0931075
-0.0006948008667677,-2.3133967,1.4577997,1.539048,-3.809423,3.499979,-0.12790713,-1.517621,-3.0984006
0.0934759825468063,-0.4093297,1.0023652,3.4339364,-2.265856,1.4321748,-4.6812277,-0.25644892,-1.7940464
-0.2094280123710632,-2.0997128,3.5297666,-0.49652603,-3.9603941,2.1468084,-3.6295033,-1.5051755,0.5940747
0.0760296285152435,-1.954831,-0.014561773,1.1730042,-0.5357332,3.9555476,-4.0348372,-1.1975279,-3.6641867
-0.0042513143271207,-4.1874404,3.2182124,2.2443018,-3.8959575,2.1192548,0.6414009,1.547621,-3.2277117
0.0,-2.5646737,1.1934716,1.4198569,-4.211598,3.4683096,0.1805771,-1.9593239,-3.2093024
-0.0848437547683715,-2.7764714,3.1678176,1.698678,-1.142344,0.53790957,-2.2590876,-3.7674434,-1.2290082
-0.0828280746936798,-2.3089142,3.2571597,1.3601446,-0.86018324,0.48878846,-2.674562,-4.503828,-1.9013817
0.0837765038013458,-0.62120914,0.4669032,4.193666,-1.8312062,1.6233804,-4.3676257,-0.6247605,-1.8963896
0.0594233348965644,-2.478338,-0.06256503,1.0797915,-0.7973553,3.5498643,-4.022961,-1.213197,-3.446423
0.0578610524535179,-0.519291,0.91957486,4.973205,-2.6782928,1.2253622,-3.9128478,-0.20438883,-1.5014626
-0.0003670363512355,-4.0466,2.854844,2.4508686,-4.242312,2.2146428,0.7199313,1.0529033,-2.8522077
-0.0006155604496598,-2.250092,1.3569965,1.6604894,-4.0629,3.6367085,0.0063519664,-1.6623828,-3.1177819
-0.0001757331192493,-3.9711173,2.783589,2.177949,-4.5051885,1.8701252,0.7583397,1.1197298,-2.8691156
0.1303592175245285,-0.703461,0.85070044,3.8392882,-1.4411558,2.2040472,-4.4005723,-0.51228863,-1.8361669
0.1013988554477691,-1.9422244,-0.13326527,1.6015763,-0.3665618,3.6416705,-3.7483504,-0.90918386,-3.4112515
-0.0577499084174633,-4.4879136,3.9193172,3.8089204,0.3658278,0.572422,-0.25630972,-2.0645728,-2.6206386
-0.1003194376826286,-2.8433907,3.7044525,0.11784457,-2.671303,1.6683382,-3.32405,-1.7577986,-0.12550579
-0.0010729030473157,-2.4104853,1.2176065,1.647891,-4.2434053,3.4924412,-0.13047272,-1.9167547,-3.074547
-0.0926136225461959,-4.394325,3.9218285,3.1552758,0.42141628,0.053390205,-0.49618787,-2.3176131,-2.3523953
-0.0613220073282718,-3.6496022,3.3761077,3.7275803,-0.35488838,0.7279481,-0.19769035,-2.307811,-2.3505766
-0.0006155604496598,-4.269776,2.9793284,2.2362473,-3.7345781,1.9787422,0.7973676,0.9984725,-2.7050095
-0.1464140713214874,-1.0043353,4.9933715,-0.487534,-1.8015554,3.8970833,-3.4429796,-0.598984,-0.0290391
-0.065234787762165,-2.4472084,3.0470378,1.0814756,-1.6575348,0.5921581,-2.3976097,-4.375484,-1.8541642
-0.0012730832677334,-2.4941998,1.5231011,0.7631374,-4.4118366,2.6019192,0.107158594,-1.0712738,-2.8787384
-0.0669888034462928,-2.4187677,2.7772748,1.3518289,-1.249721,0.1305328,-2.2283478,-4.6500616,-1.7441537
-0.0437290854752063,-2.8517659,1.3971763,1.5712179,-3.3242893,3.0203474,0.12016754,-2.0782442,-3.0113435
0.0666922703385353,-0.51061803,1.3662088,5.0247226,-2.7866478,1.6784586,-3.9062426,-0.034102917,-1.1226579
0.0005661552422679,-3.7382143,2.8648214,2.5107825,-3.8583071,2.360846,0.60715514,1.306381,-2.7448194
-0.0792429819703102,-2.6986125,2.0407863,1.6640886,-2.9364607,1.9715106,-0.26907268,-2.89536,-2.830941
-0.084803007543087,-3.7839496,3.5986686,3.0524325,0.093250304,0.17024866,-0.39335495,-2.4713006,-2.46494
0.0775061473250389,-1.9608268,-0.21273862,1.155659,-1.0666955,3.6437814,-3.751944,-0.8556738,-3.5317535
-0.0352747365832328,-2.597672,2.8548884,2.2571113,-1.1616565,-0.30864152,-1.490281,-4.1296844,-1.957458
0.0623857080936431,-1.9655426,-0.20785065,1.302519,-0.3930825,3.593923,-3.8708386,-0.742226,-4.0576396
-0.221496894955635,-2.6064563,3.3314373,-0.54459584,-4.038409,1.6556051,-3.7301078,-1.5096356,0.6139626
0.0,-2.400428,1.1796134,1.4226074,-4.124093,3.8317702,0.10067728,-1.7189119,-3.0741045
0.0590864904224872,-1.1635956,-0.086227074,2.718193,-1.5620689,3.0290506,-4.026223,-0.49037546,-3.194963
-0.0907346084713935,-2.6645777,3.2396197,2.4710498,-1.1077604,0.42102417,-1.4225231,-4.230242,-1.2865758
-0.0006155604496598,-2.297239,1.4770628,1.5481203,-4.236521,3.5400372,-0.025329359,-1.9732897,-3.0494726
-0.0830891355872154,-4.0848565,3.7542763,3.3987463,0.6267735,0.5546718,-0.45773718,-2.180014,-2.388576
-0.0783685967326164,-2.6590223,3.592589,1.9851755,0.41966406,0.15507874,-1.8041021,-3.9703095,-1.9529177
-0.0960378274321556,-3.5134053,3.5050054,2.9265707,-0.4897331,-0.13838463,-0.2622712,-2.268491,-2.6900501
-0.004287508316338,-2.4511912,1.2811338,0.775077,-4.084636,3.1553228,-0.19717705,-0.9777623,-3.0581841
0.0474209859967231,-1.4703476,-0.21535838,1.8633201,-0.66782904,3.4558818,-4.018546,-0.62763363,-3.4741914
-0.1955812722444534,-2.2845817,3.5231552,0.38650733,-2.7683463,1.7396592,-3.8408296,-1.7133205,0.13969254
0.127552643418312,-0.26733625,0.868459,5.0041895,-2.9375205,1.2677803,-4.4647145,-0.028132977,-1.0356036
0.1278898119926452,-0.66226155,1.0374043,2.899247,-1.8187853,1.5669508,-4.265462,-0.02422043,-2.1349742
0.0,-4.172073,2.6452086,2.0325356,-4.119059,2.3450873,0.6697833,1.4403951,-3.002894
-0.0006155604496598,-2.525118,1.0339117,-0.3577838,-3.240346,3.1576257,-1.5931362,-2.2275968,-3.9265633
-0.0803529173135757,-4.322465,3.4836986,3.5171435,0.91308975,0.81534094,-0.28334007,-2.464048,-2.337035
-0.1232760623097419,-3.9648173,3.5425875,3.354375,0.31080335,0.69892585,-0.370568,-2.8465288,-2.038539
0.0571407563984394,-0.59354275,0.7806115,2.8831515,-1.9714575,2.1638691,-4.3615136,-0.40309042,-2.5775251
0.0919937044382095,-2.0141222,-0.1389513,1.1248469,-0.40020978,3.8226316,-4.130334,-0.83485156,-3.865917
0.0427385345101356,-1.5771388,0.17914243,1.6287158,-0.18213388,3.400163,-4.1111956,-0.68328047,-3.7614274
0.0,-2.269502,1.2315804,1.5329024,-4.286195,3.4264877,-0.03276065,-1.8884444,-3.2150605
-0.003589304164052,-2.1420357,1.2680135,1.3601847,-4.3579993,3.5859432,-0.06059493,-1.8273376,-2.8794518
-0.1225799098610878,-2.4220254,3.130446,1.6788003,-1.313352,0.29724845,-2.9053311,-4.297945,-1.295853
-0.0499471873044967,-2.7274475,3.243654,2.0122404,-1.531798,0.3216883,-1.8211604,-3.9363964,-1.2276531
0.0,-2.4667764,1.0899833,1.4495615,-4.287048,3.5811124,0.005526596,-1.779474,-3.0667288
-0.0592343918979167,-2.415966,2.8334181,1.4387493,-1.1754777,0.3902883,-2.5695274,-4.0034895,-1.8609773
-0.1172471642494201,-2.6161554,2.8440802,2.1147535,-1.281808,0.20504269,-1.6138651,-4.5649424,-1.9277487
-0.0031498190946877,-2.5955596,1.132517,-0.3372754,-3.4699721,3.0634344,-1.4701434,-2.2260695,-3.8714373
0.0632457137107849,-0.38388497,0.99296147,5.042694,-3.2291968,1.5988343,-3.8450818,0.055282786,-1.0521992
0.0,-3.9949408,2.8804271,2.2786214,-3.9117215,2.1028154,0.52230626,1.3251159,-2.8509538
0.0635941475629806,-1.6360501,-0.37253186,1.6441553,-0.9411403,3.1046557,-3.9110022,-0.63719267,-3.7579145
0.0757175609469413,-0.35458368,1.1228424,5.180552,-2.651409,1.667499,-3.9257903,0.061167628,-1.117277
-0.0617312379181385,-2.687533,3.3645542,1.5107498,-1.5164192,0.5393769,-2.3884535,-4.0132246,-1.137328
-0.1216515973210334,-3.7134962,3.2551541,3.0617764,-0.044455197,0.28440902,-0.472293,-3.0074422,-1.7455335
-0.0876167118549346,-2.49883,4.6663504,0.22499514,-0.013515614,3.3139105,-2.7428374,-1.0944393,-0.6975685
-0.0406627655029296,-2.4064443,3.035678,1.3015438,-1.5917342,0.11462137,-2.163543,-4.580951,-1.9773431
0.0583605580031871,-0.20864886,0.6686815,4.4180326,-2.3342147,1.8243272,-4.2062316,-0.40078783,-1.8370641
-0.0873372182250022,-4.236311,3.8500795,3.7311926,0.49811214,0.48722073,-0.28769648,-2.2626433,-2.1767175
-0.0721387416124343,-4.332937,3.598635,3.7103117,1.0585158,0.40083355,-0.07415599,-2.200758,-2.4122038
0.1305969655513763,-0.5789645,1.1120031,5.3272247,-2.8782418,1.1696653,-4.113677,0.20973116,-1.2243412
0.0453863628208637,-2.1307368,0.12197959,1.4678239,-0.9297179,3.8283746,-3.576675,-1.079473,-3.2287097
0.0,-4.2437973,2.7735937,2.1745877,-4.3836117,2.3479083,0.7932381,1.1121436,-2.5523896
0.0471407733857631,-1.9351461,0.12794489,1.4851383,-0.35129806,3.7154655,-3.950976,-0.8894762,-4.138785
-0.0366069860756397,-4.116389,3.419049,3.4920986,-0.2557398,0.24229284,-0.38044113,-2.3152926,-2.3034985
-0.0426355972886085,-2.3798604,2.8572962,1.4471776,-1.2708237,0.38083822,-2.4165027,-4.4338818,-2.2172923
-0.0068228556774556,-2.5283225,1.0342587,-0.35618445,-3.6898377,3.305455,-1.5369148,-2.4979844,-3.9857323
0.1273354887962341,-1.8193202,-0.16029322,1.2160475,-0.5864319,3.7077534,-3.9324007,-0.601548,-4.333328
-0.0838436186313629,-2.871677,3.1669538,1.2748247,-1.1618267,0.3744877,-2.7292354,-4.3070564,-0.8690813
0.0,-4.1023116,2.9148462,2.5521386,-4.4631257,2.0999079,0.60063857,1.4111046,-2.8384087
0.0,-2.3791327,1.2976265,1.5144547,-4.031144,3.4957414,0.07314787,-1.8495992,-2.9947608
0.0,-2.4175181,1.0331264,1.396627,-4.192987,3.5646844,0.027345687,-1.8277727,-2.8531191
0.1970063745975494,-1.4907192,2.2476206,1.5379239,-0.918051,0.84185493,-4.5580325,-0.042346228,-3.256176
-0.0872584208846092,-4.100244,3.2468805,3.536324,0.4241835,0.26611555,-0.20595251,-2.9179354,-2.3307283
-0.0784101113677024,-2.098448,3.659653,-0.4823513,-3.5820546,2.1529756,-3.5811265,-1.4547105,0.6433437
-1.0,-4.2497053,2.4780192,2.3325605,-4.4062657,2.079961,0.94122,1.3030192,-2.847506
-0.0956467986106872,-4.5289364,4.027155,3.6627736,0.99490184,0.50855297,-0.31305352,-2.0958042,-2.1460142
-0.0072996746748685,-2.9484522,4.881044,-0.19804104,-0.086646914,2.7496455,-2.830327,-0.759478,-0.84483534
-0.0473282374441623,-3.985427,3.6514497,3.6264162,-0.113899425,0.13924864,-0.38593733,-2.540702,-2.4194784
0.0917292535305023,-1.8035536,0.015787214,1.5072744,-0.683154,3.4565086,-4.133093,-0.8321869,-3.3263516
0.0761885046958923,-1.8189856,-0.061562255,1.6840186,-0.570462,3.6151917,-3.867121,-0.52161014,-3.9090862
0.0975305587053299,-1.5410323,-0.25489846,1.4786125,-0.9476629,3.2876515,-4.2213087,-0.35287616,-4.2034664
0.0452283322811126,-1.7507925,-0.0055709183,1.7642502,-0.39999548,3.7923665,-4.0201697,-0.83395666,-3.9628356
0.0995827764272689,-0.039996713,0.8540169,4.7250123,-2.2073326,1.6305808,-4.64326,-0.24274579,-1.3445505
0.0646218433976173,-0.5328459,0.930275,4.8880286,-3.1252887,1.308946,-3.9357817,-0.28170556,-1.1803477
-0.0924476087093353,-2.159265,2.8606932,1.7750164,-0.72744757,-0.019242927,-2.5161145,-4.552125,-1.9302717
0.0861116200685501,-0.4519304,0.8048792,4.7924113,-2.9196336,1.1437339,-4.324583,-0.10293312,-1.0227681
0.087208367884159,-0.3502766,0.8802957,4.3627267,-1.7572446,1.5819128,-4.4114394,-0.28665686,-1.5196183
0.0456698350608348,-2.3888705,0.11354789,1.086319,-0.34317133,4.0139217,-4.1009207,-0.71669865,-4.146381
0.1260629743337631,-0.60497767,1.4404098,4.2874,-2.1493895,1.2422733,-4.750403,-0.24631634,-1.4774407
-0.0030927681364119,-2.0358999,1.3033199,1.3907596,-4.439989,3.3776908,-0.20410089,-1.884848,-2.6550415
-0.0405791439116001,-2.4087224,2.9924972,1.4505255,-0.9378927,0.21467781,-2.5020227,-4.5224795,-1.8864948
0.094666838645935,-2.1117144,-0.078699216,1.2152776,-0.17634106,3.1755178,-4.0282393,-0.4630291,-4.340488
-0.0402686819434165,-4.379647,3.534316,3.736322,0.104940996,0.36127555,-0.22254851,-1.819988,-2.4820158
-0.1831713318824768,-2.9230618,3.9225888,-0.053845193,-3.3868754,1.4605345,-3.6636157,-1.0538347,0.2968822
-0.0822929963469505,-2.715399,3.1503599,1.400391,-0.9254472,0.6047999,-2.766009,-4.4424677,-1.0301406
0.0463220439851284,-0.42544508,1.0625522,4.8644285,-3.1809993,1.2488075,-4.2957463,0.10897033,-0.9236758
-0.0001757331192493,-4.116536,2.6846292,2.2299616,-3.9821026,2.1445322,0.7445473,1.3409451,-2.9607787
-0.1926756352186203,-1.0098057,4.890223,-0.85250056,-3.3732672,4.0657206,-3.6612914,-0.70699304,0.3253095
-0.0432450920343399,-3.8647778,3.6832352,3.534433,-0.073294386,0.44087505,-0.27654156,-2.3848765,-2.564846
-0.011258109472692,-3.8277752,4.784306,2.1296792,2.0939603,1.3118619,-1.8655027,-2.2215638,-1.4458325
-0.05606659501791,-3.7408986,3.090394,3.1577854,-0.3014805,0.33785582,-0.18599968,-2.2493286,-2.5606618
0.0,-2.6894329,0.86544913,-0.122137226,-3.3923664,3.0763187,-1.6020648,-2.4148908,-3.6489713
0.0750032290816307,-0.4403399,0.8504376,4.402323,-2.469887,1.4772072,-4.190417,0.104758576,-1.5537415
-0.0085262823849916,-2.1162498,1.3662913,1.1370136,-4.239693,3.158876,0.08142544,-1.9571791,-2.836349
0.0559012740850448,-1.1085252,-0.19417341,2.6098924,-2.2364347,2.8022962,-3.1467724,-0.6502006,-3.0057073
-0.0474930852651596,-3.6946807,3.3182533,3.2800803,-0.4168702,0.50511867,-0.33618563,-2.5463479,-2.140013
0.0,-4.3070326,2.8963184,2.2351198,-4.2525563,2.397275,0.80916226,1.1351774,-2.7495604
-0.0006155604496598,-2.2930605,1.3146429,1.8992852,-3.9747982,3.6595125,-0.08459748,-1.6890732,-3.2195294
0.0,-2.3059149,1.3087912,1.4482685,-4.26873,3.6695704,0.16866592,-1.8380508,-3.16841
0.0708965510129928,-0.57505757,1.2778552,5.0547633,-2.7467637,1.2551662,-4.0644784,0.08776577,-1.224353
-0.0866147875785827,-2.50344,3.5817103,1.550073,-1.327085,0.51071954,-2.8164496,-4.447776,-0.7389332
-0.0016287671169266,-2.72974,2.6299477,1.8228042,-2.2993283,0.75355697,-1.1858876,-3.0373967,-2.133111
0.0469323992729187,-2.2554457,0.19474283,1.3601205,-0.8440678,3.548046,-3.5882638,-0.8953006,-3.9360254
0.0716742426156997,-0.59302866,0.9128418,5.043413,-2.9190834,1.5976304,-3.8987384,-0.18244453,-0.95836663
0.0676289796829223,-0.45322353,1.0289419,3.4355485,-1.84229,1.4696603,-4.404797,-0.30733186,-2.1477363
-0.0006754040368832,-1.9885976,1.104776,1.3290236,-4.463784,3.2470045,-0.23527965,-1.930022,-3.035069
-0.0041647041216492,-2.053955,0.8690757,1.2158635,-4.4762583,3.2264478,-0.255763,-1.4422317,-3.1652253
0.1030976772308349,-0.70507723,1.1029081,5.043178,-3.2810078,1.408802,-3.453716,0.4777473,-1.2308128
0.0642874464392662,-0.66162455,1.2137928,5.20036,-3.104723,1.2314366,-3.403248,0.3387306,-0.958742
-0.0504557602107524,-2.1839485,2.9750192,1.44617,-1.3012075,0.25251648,-2.076239,-4.345112,-2.267617
0.0564184561371803,-0.7380667,1.0303164,4.061682,-2.598749,1.536809,-4.2863116,-0.13922104,-1.9029411
-0.0395074114203453,-2.003712,2.9513435,1.2464435,-1.2236989,-0.012603119,-2.4741433,-4.926967,-2.1033626
0.0329382643103599,-2.3026946,0.1427191,1.2187018,-0.35005638,3.6208463,-3.5648372,-0.84618276,-4.5579667
-0.1378214955329895,-1.8547174,3.7405975,0.2066095,-4.393792,2.6460252,-4.198054,-1.5134232,1.291497
0.0002640942693687,-3.032849,1.5078427,-0.45621666,-3.0284877,2.9075549,-1.3078756,-1.4496042,-3.5040185
0.0935744643211364,-0.66606724,0.93051136,5.053758,-2.8147037,1.51606,-4.0418267,-0.030457348,-0.8347691
-0.1753725409507751,-0.7750589,5.077038,-1.5952029,-3.117618,2.880442,-4.128649,0.41748345,0.12204555
0.1761344522237777,-1.218087,3.6514888,1.5927236,-1.4140861,-0.56689185,-3.964926,-0.1916784,-2.8011434
0.0559507682919502,-0.98096746,0.071822666,2.5718744,-1.5535725,2.7255867,-3.770315,-0.50194496,-3.1611195
-0.091431938111782,-4.3395486,4.0841265,3.9001975,0.7531701,0.53599495,-0.36687776,-2.3728297,-2.172805
0.0486606582999229,-2.3936117,-0.10894059,0.8812106,-0.91471744,3.7810705,-3.1759303,-0.9879858,-4.4007683
0.0511644259095191,-2.1807806,0.028523713,1.1440188,-0.2884533,3.921759,-4.0611444,-0.9663325,-3.9653997
0.0,-4.27621,3.1873322,2.0748239,-4.1282806,2.2985833,0.92284495,1.1729465,-2.848433
0.1002190858125686,-0.29277107,1.6710194,4.6273956,-3.0128844,0.971457,-4.533926,0.06806925,-1.1606021
0.0,-2.5046701,0.8865831,1.4568626,-4.2673955,3.5993018,0.2695652,-1.7514429,-2.8668516
-0.0014377036131918,-2.531011,1.1336449,-0.20694195,-2.9975922,3.1750734,-1.3813035,-2.0750875,-3.611917
0.05359548330307,-0.59506285,1.440297,4.611881,-2.7257235,1.1484178,-4.2646875,0.26106286,-1.4090829
0.096943013370037,-0.42222783,1.1166247,4.9199758,-3.31253,1.212161,-4.2491355,-0.26148847,-0.96958435
-0.0666148662567138,-2.1457343,2.9843054,1.0900419,-1.440834,0.31206834,-2.4597816,-4.5661297,-2.071541
-0.0412538796663284,-2.589486,2.9564567,1.9501882,-1.1664453,0.06902458,-1.2511656,-4.1077185,-1.9713136
-0.0018222529906779,-2.545174,0.73550403,-0.3227508,-3.3294952,3.0710683,-1.5940661,-2.2474527,-3.868571
-0.0026640524156391,-2.57088,1.4082621,1.5710565,-4.0365796,3.585805,0.038045842,-1.6381608,-3.0455463
0.0,-4.435125,2.8267286,2.5109105,-4.317716,1.9381117,0.5382617,1.1685269,-2.6732821
0.0,-4.0843883,3.0239458,2.2603889,-3.9073308,2.212161,0.6386006,1.4055449,-2.7525141
-0.2168793827295303,-2.056104,3.3890667,-0.48143345,-4.2756844,1.401385,-4.1254478,-1.1120304,0.5772932
-0.122536227107048,-2.2732356,3.2543042,1.313842,-0.7701386,0.35285124,-2.3204956,-4.331794,-1.8014805
-0.0041584777645766,-2.5385482,1.4498458,0.66031456,-4.2993507,2.8500159,-0.012170374,-0.7286411,-2.6097882
0.0677396059036254,-0.6704488,0.61298615,2.6510448,-1.7910966,1.9200975,-4.272915,-0.47778857,-2.8673363
-0.0894305706024169,-2.4155397,3.0525475,1.2064635,-1.2464633,0.361627,-2.6531541,-4.573896,-1.675747
0.0748280808329582,-1.9629132,-0.21128811,1.4286562,-0.7592517,3.7860117,-3.8732016,-0.873115,-4.0763373
0.1014747321605682,-2.242969,0.03984014,1.3108848,-0.9809716,3.5577326,-3.8280373,-0.46174544,-3.565277
-0.0772796645760536,-2.5773716,4.509703,-0.68092304,-0.113704614,3.0873446,-2.802307,-0.58556646,-0.68732804
-0.0089219808578491,-2.49361,4.142268,-0.20079166,-0.9216668,2.2583725,-2.345724,-1.1403153,-0.78091574
0.0516672804951667,-0.7821814,1.4034183,4.294705,-2.248802,1.1465256,-4.1872926,-0.13071853,-1.7437668
-0.05134928971529,-4.126809,3.4654658,3.626454,0.13573758,0.37291512,-0.15963614,-2.1429892,-2.3007872
0.0,-4.1817474,2.9390068,2.256129,-3.855503,2.2471204,0.7419992,1.6738144,-2.9420962
-0.213034987449646,-2.8220162,3.460215,0.25194427,-2.9415402,1.9043478,-3.6557834,-2.1069705,0.4588858
-0.1413125991821289,-3.2196524,3.1052175,2.6221325,-0.3028081,0.28248978,-0.7814811,-3.8889604,-2.1189342
-0.0232670959085226,-2.983942,3.2664337,2.51091,-0.43477255,0.18881461,-1.3084264,-3.8043897,-1.8882774
-0.1385559439659118,-2.2477493,3.5664053,-0.2762696,-3.5584724,1.5147339,-3.5040421,-1.6831008,0.04686328
0.0590528026223182,-0.6396512,1.3099396,4.5738964,-2.7412026,1.3453138,-4.2566895,-0.20026767,-1.4724494
-0.0039025940932333,-2.1376991,1.2516816,1.3315148,-4.50696,3.2172408,-0.1045876,-1.8798233,-2.8830853
-0.0979407727718353,-2.7271373,3.8612292,1.7365404,0.49140745,0.69175833,-2.0195415,-3.8915832,-1.459812
0.0434205159544944,-2.27751,-0.30993015,1.2324667,-0.99912184,3.5459273,-4.1927958,-0.9665063,-3.6243746
0.0006155604496598,-3.0281234,1.4467158,-0.6472658,-2.9368968,2.6733918,-1.5364745,-1.7007952,-3.4259434
-0.0469251573085784,-4.2012362,3.8099442,3.7601948,0.033358447,0.24343349,-0.38052464,-2.2542334,-2.55122
-0.0393743850290775,-3.1321206,2.6321034,2.8862092,-1.7223904,0.4465766,-0.085118994,-2.7523131,-2.1636515
0.0947635173797607,-0.40645623,1.0228329,5.3249083,-3.211343,1.1887869,-3.6615148,0.21241742,-0.9203092
0.1016322001814842,-1.4593116,0.030007392,2.2694504,-0.4498524,3.4723313,-4.279572,-0.76328635,-3.4921074
-0.0478890277445316,-2.5707314,2.5364907,0.7018833,-1.1677321,0.7126294,-2.479779,-3.973287,-2.1475399
-0.0958122089505195,-2.4510515,2.9077747,1.3548394,-1.0508126,0.20716482,-2.3519905,-4.603875,-1.7935866
0.0001757331192493,-2.5826285,0.88238025,-0.38170138,-3.3133051,2.9709513,-1.5333449,-2.4853218,-4.0627017
-0.0942554622888565,-3.153079,3.4753814,2.3587914,-0.11645137,0.08060032,-0.95605254,-3.518277,-2.1897392
-0.1968665122985839,-1.1407604,5.104581,-0.8175858,-3.445281,3.1759105,-3.81442,-0.940449,0.8616507
0.0,-2.415308,1.2547297,1.4789324,-4.130308,3.327219,-0.008537628,-1.7138999,-3.3302684
-0.0009520922321826,-2.1376624,1.3033724,1.6117105,-4.3095512,3.621195,-0.20922284,-1.9214855,-2.850534
-0.135946586728096,-2.5153823,3.5381012,-0.35953596,-4.3866057,1.3411201,-3.9122844,-1.6783199,0.66823715
-0.0460313931107521,-4.219085,3.5940628,3.6147256,0.18302193,0.58679986,-0.17521496,-2.372491,-2.44752
-0.015347528271377,-2.5205777,1.326631,0.7497333,-4.265086,2.6507838,-0.07364334,-1.0489899,-2.8315268
-0.0006155604496598,-2.5883574,0.79443544,-0.36692512,-3.4269185,3.0567474,-1.35792,-2.4595695,-4.0370994
-0.0572987906634807,-2.6043932,3.4408312,2.2329822,0.19095384,0.09008552,-1.8552371,-4.063704,-1.790133
0.0002485241857357,-2.4461231,1.4189364,0.85156703,-4.285934,2.6572855,-0.066245005,-1.0580622,-2.8869312
-0.1033968403935432,-2.5110419,1.5287255,-0.09797691,-3.0716393,2.4515593,-1.672708,-3.4288325,-2.9065335
0.0610791705548763,-1.05043,0.3059023,1.9016031,-1.8709071,2.3187015,-3.5610735,-0.46750015,-3.2089493
-0.0091748060658574,-2.6003413,1.4789319,1.5123208,-3.985804,2.8237157,-0.21315436,-1.7305907,-3.013683
-0.003817246761173,-2.364637,1.2142286,1.4137479,-4.5316415,3.5550969,-0.15592282,-1.5693599,-3.2220018
-0.1749098300933838,-2.4124753,3.5046296,-0.13577192,-3.569898,1.5843247,-3.9917157,-1.3313066,0.19673347
0.1593197584152221,-1.7939513,2.1664457,1.618192,-0.42731908,1.7889991,-4.412699,-0.16852976,-3.4918394
-0.1288984268903732,-0.87090003,5.5838623,-1.4752874,-2.4145236,3.6603372,-3.8649347,0.08734757,-0.0763911
-0.0583354607224464,-3.297237,2.8002994,2.8256512,-1.4948872,0.3890637,-0.34595025,-2.0194967,-2.584937
-0.053116850554943,-2.7437038,3.0123258,2.043648,-1.4987226,0.28861874,-1.6195552,-3.976366,-1.4127873
0.0808097422122955,-0.5595323,0.3226436,2.1972973,-1.8320924,2.395164,-4.3888483,-0.37959003,-3.1375244
0.0576946474611759,-1.6502339,-0.4320566,1.845491,-0.62901026,3.4871995,-3.8014677,-0.43214938,-3.8877535
-0.0758493244647979,-2.6025972,3.2640936,0.4971525,-2.8108077,1.8784995,-3.3473747,-2.0770073,-0.14022699
-0.1217539310455322,-2.5196815,3.027057,2.2141137,-1.2515317,0.04338813,-1.6567085,-4.0322633,-1.1332929
-0.0715832710266113,-3.1620183,3.0673711,3.0433939,-1.2889172,0.3044801,-0.33607936,-2.301021,-2.1901531
-0.0864364206790924,-3.0292525,3.4492958,2.468018,-0.4705857,0.64391917,-0.8030792,-3.2549129,-1.588055
-0.0853315964341163,-4.136592,3.9912531,3.6817224,1.3833164,0.5481316,-0.39541173,-2.3061604,-2.305365
0.1244041621685028,-1.2172935,0.104753174,3.3155608,-2.285581,2.4899178,-3.1611893,-0.33815384,-2.3770137
0.0542863234877586,-2.1814375,1.2937864,1.1672049,-4.6127787,3.0809886,-0.27052885,-1.844147,-3.0231607
-0.0384524390101432,-3.9219582,3.540652,3.5859907,-0.14560746,0.5172711,0.017070413,-2.3875463,-2.1411772
0.0615826174616813,-2.0242236,0.13250911,1.4266901,-0.8065556,3.560773,-3.3514247,-0.8793514,-3.1025746
-0.1222749650478363,-2.35183,3.2235367,1.0004162,-1.0602344,0.34291458,-2.5520847,-4.6067653,-1.6711694
-0.0429246872663497,-2.6113467,2.9748087,1.3149961,-1.521791,0.8839923,-2.5845373,-4.1161084,-1.1166329
-0.0066459053196012,-2.2538204,5.144758,-0.7226448,-0.23718952,3.0376837,-3.1446404,-0.2985469,-0.31753683
-0.1790390163660049,-0.8772426,4.971623,-0.4622891,-3.6399493,4.0743804,-3.9742866,-1.1216313,1.3259919
-0.0833402872085571,-3.2313113,2.7579205,2.877232,-1.3538955,0.57662505,-0.4427466,-2.7933362,-1.8987038
0.0914571583271026,-0.38893768,0.8348932,2.6487343,-2.1167128,1.9550802,-4.4277368,-0.09979606,-2.5672789
0.0013867917004972,-4.0376916,2.9693084,2.2349443,-4.14066,2.2407815,0.569599,1.394226,-2.7295444
-0.084519475698471,-2.6330273,3.3662689,1.7881805,-1.5125247,0.4937623,-2.631523,-4.2486305,-1.1510013
-0.0357837155461311,-3.5659564,3.0744617,2.7255511,-1.111032,0.2812803,-0.43720976,-2.493879,-2.5344372
-0.0402441062033176,-2.9608793,2.9227107,2.9894316,-0.4988953,0.4901745,-0.88354474,-3.3527224,-2.1015062
-0.070084735751152,-2.4651697,3.0917532,1.3157904,-1.4320693,0.6319452,-2.7036421,-4.6055145,-1.398536
0.0,-3.9539027,3.0568218,2.256363,-4.0983295,2.0929708,0.8572495,1.235722,-2.8529742
-0.0031323514413088,-2.1836414,1.1065978,1.3036287,-4.3845606,3.0253944,-0.07673101,-1.8671262,-2.9213498
0.1270460039377212,-1.8792437,0.088023946,1.4792583,-0.57615054,4.1227264,-3.764769,-1.1477965,-3.273812
-0.050850510597229,-4.236074,3.5559614,3.7959769,-0.091734126,0.50059557,-0.19951135,-2.1626525,-2.226693
0.0,-2.407521,1.2113037,1.591865,-4.4034104,3.5094624,-0.11936812,-1.8942165,-3.0885806
0.0744482949376106,-1.8427203,-0.030177236,1.3478211,-0.6791947,3.8264089,-3.8822083,-0.8002596,-3.889939
0.0979515612125396,-0.404975,1.50503,2.9398074,-2.0652297,1.7683085,-4.656411,-0.25079113,-2.1684558
-0.0319510549306869,-4.348868,3.0981972,3.1912007,-1.171825,0.3497954,0.09920795,-0.6878715,-2.1163392
-0.096379280090332,-3.4260516,3.0983868,2.7956698,-0.6992952,0.38396993,-0.30113512,-2.2680256,-2.318696
-0.0443580038845539,-2.8147469,3.2651136,2.2167408,-1.4844961,0.6440488,-1.4027625,-4.0609274,-1.0270582
0.069943718612194,-2.1890554,-0.17130432,0.8760462,-0.35310078,3.4228313,-3.8375378,-0.4971549,-4.0443325
0.0564776845276355,-2.1602263,-0.23335531,1.2057276,-0.5690082,4.2996063,-3.5683975,-0.9114899,-4.070997
0.0004400774778332,-3.9803522,3.0331082,2.4054356,-4.093973,2.0976994,0.64375067,1.2236739,-2.8016624
-0.1224359050393104,-2.6733758,3.1590106,1.604656,-1.6572653,0.25607625,-2.5164533,-4.12448,-1.1064521
0.046449638903141,-2.0497906,0.08957461,1.3098031,-1.1745161,3.4716854,-3.732831,-0.98898387,-3.2143862
-0.1757017225027084,-1.7229627,5.1436443,-1.0970389,-0.7582219,3.4139314,-3.459398,0.11251345,-0.39369336
-0.0275981165468692,-2.4974182,0.7522766,-0.08893979,-2.9058728,3.1564398,-1.6961253,-2.1937683,-4.079642
0.0288360193371772,-1.6429886,0.83702016,1.125922,-0.6571381,2.1579618,-4.2976904,0.078995764,-3.509673
0.1010341569781303,-1.9036728,0.032960657,1.4647243,-0.32479414,3.625508,-4.0102324,-0.82356757,-3.2863538
-0.0618742071092128,-4.331855,3.5903203,3.8378031,0.36436483,0.35838833,-0.1882399,-2.2009172,-2.361585
-0.0142468195408582,-3.278579,3.6347713,2.0848649,0.54227626,0.49807185,-1.7626572,-3.694376,-1.8152755
0.0926373749971389,-0.68974936,1.6580899,4.799792,-2.514045,1.34078,-4.6858954,-0.06903206,-1.2622293
-0.0004398273595143,-2.6665194,1.0331404,0.11949809,-3.1378374,3.612624,-1.3696582,-2.512675,-3.704407
-0.0974525511264801,-4.09917,3.7681248,3.3708696,0.02696219,0.43098554,-0.3713801,-2.6839607,-1.9090316
-0.0781392231583595,-2.4015467,3.0251648,1.749895,-1.0173485,0.3167866,-2.234517,-4.516029,-1.5985396
0.0921809673309326,-1.0142568,1.1226097,2.7151294,-2.0306828,1.6098758,-4.4216332,-0.09621779,-2.433369
-0.2288969457149505,-2.7122788,3.2167866,-0.37771362,-4.420023,1.3124284,-3.7720368,-1.415032,0.41327786
-0.0879220962524414,-3.769578,3.6143196,3.1763613,0.0830712,0.46018735,-0.673809,-3.186647,-1.9118539
-0.0048021739348769,-4.593508,2.9004922,2.0014532,-3.6283367,1.9637933,0.7285387,1.0886586,-2.7419286
0.0,-2.3459225,1.3010396,1.4815989,-4.1785517,3.4600666,-0.11471342,-1.6447518,-3.1110303
-0.002132304245606,-3.8413172,3.0405107,2.313481,-4.074155,2.0306768,0.4673273,1.0518899,-2.8807662
-0.0439176447689533,-2.909324,1.9675252,0.7183196,-3.6116872,1.6833382,-0.16728312,-1.277375,-2.7340987
-0.0522559694945812,-4.237979,4.320514,3.1782992,1.6235375,1.0396918,-0.7713552,-2.2063625,-2.1801963
0.0,-2.331243,0.95769525,1.4038739,-4.37472,3.4795156,0.03639112,-1.8958541,-3.1085143
-0.0006155604496598,-2.2421634,1.0530888,1.5514642,-4.175012,3.5499017,-0.08414261,-1.596585,-3.1369908
0.0528792478144168,-0.5585371,1.5139067,4.3925853,-2.351824,1.065224,-4.0947547,-0.2829423,-1.2671225
-0.0420565642416477,-2.5205734,2.8694031,1.429265,-1.3247806,0.23833703,-2.7298028,-4.7414775,-2.1682022
0.0552997700870037,-0.85497516,0.839808,4.930759,-3.0981598,1.3609887,-3.861324,-0.120985135,-1.1616435
0.0008006644784472,-4.1077237,2.9312823,2.2810798,-4.010141,2.040377,0.68886775,1.4577332,-2.8690429
-0.1548283249139785,-1.388987,4.56557,0.03922516,-2.8552518,3.1249,-3.453611,-2.6371,0.80792236
0.0980544537305831,-2.0236056,-0.25726986,1.4350309,-0.1751333,3.3500082,-4.1365848,-0.6517109,-4.202201
0.2586686611175537,-0.97413296,3.9140284,1.4600936,-1.491343,-0.6341991,-4.1769686,-0.60477185,-2.3891017
-0.0449262596666812,-4.1864166,3.1739562,3.8833182,0.35950702,0.5506134,-0.018895544,-2.033626,-2.2173705
0.0786567330360412,-1.2579896,-0.20833614,1.8104424,-0.63105863,2.9119167,-3.7749114,-0.53481674,-3.5773385
-0.0966569930315017,-2.6347785,3.203483,1.9129151,-1.0700114,0.32510558,-2.588631,-4.1048727,-0.8554002
-0.1297647356986999,-1.6454592,5.2915664,0.0023113973,-0.7596346,4.1499443,-2.9226658,-0.9594953,-0.11223434
-0.3402040600776672,-2.7135532,3.2252297,0.35928792,-4.0569687,1.5609736,-4.06648,-1.9898915,0.81564146
0.0672196224331855,-1.0431347,0.49596417,3.36466,-2.6743407,2.7524633,-2.8734252,-0.48613027,-2.5506282
-0.0001757331192493,-2.880414,1.3447335,-0.6140603,-2.84444,2.931836,-1.2087181,-1.4848353,-3.7719684
-0.0915328860282898,-2.3563643,1.7029656,0.08391036,-2.9834235,2.7352722,-1.7989353,-3.2555015,-3.097144
0.0427322164177894,-2.1320417,-0.21324503,1.247024,-0.5747884,3.8448775,-3.9903357,-0.6908086,-4.1061425
-0.0014527320163324,-2.5200467,1.0421242,-0.14524357,-3.4863029,3.0397964,-1.3127614,-2.3670428,-3.6743927
-0.0825632438063621,-2.652359,3.3888347,0.31772903,-2.8376026,1.5411526,-3.6994274,-1.9394432,-0.09485634
0.0616065002977848,-0.48272508,1.2540195,5.2022333,-2.8986638,1.5721705,-3.754056,0.18083861,-1.1103783
-0.1388988494873047,-0.95325816,5.5100026,-0.9081231,-1.6932608,4.327602,-4.129869,-0.31915128,0.050862953
0.0694093108177185,-1.9039786,-0.023473509,1.4353576,-0.9101284,3.8727481,-3.61871,-1.1139514,-3.5251987
0.077019952237606,-1.1371542,1.2149224,5.146834,-3.0802355,1.4206052,-2.8615272,0.31106094,-1.1816703
0.0547535046935081,-0.48522076,0.8044816,5.0711308,-2.808605,1.8658944,-3.8192673,-0.1439126,-0.9158657
0.0772671848535537,-0.8416892,0.3425885,2.0966825,-1.9224865,2.4898052,-3.7761219,-0.60111046,-3.3661203
0.0589780211448669,-0.8913636,1.4161236,4.831864,-2.6832702,1.3575249,-4.2179036,0.26981762,-1.1323819
-0.0854390636086463,-4.1455603,3.6278543,3.6362896,0.62445164,0.5168701,-0.41089955,-2.4076319,-2.0988753
0.1296790242195129,-0.41765487,0.5508866,4.0774713,-1.5979018,2.4089265,-4.365581,-0.16001154,-1.7420436
0.0492860414087772,-1.2306974,-0.40542185,1.6572928,-0.50356215,3.2251863,-4.1547027,-0.55434525,-3.637933
-0.1474730372428894,-2.5343673,3.97437,0.8944877,-0.13873929,1.5852162,-2.3643923,-2.5473132,-0.51058084
0.1024531722068786,-1.5033036,-0.46424967,2.015775,-0.497927,3.2385035,-4.0181756,-0.55350965,-3.7408977
0.1018294170498848,-1.6424017,-0.20940524,1.5667466,-1.1106443,3.6649406,-3.9878345,-0.6588385,-3.3527265
-0.0026026896666735,-4.2067204,3.0738258,2.388227,-4.11912,1.976925,0.7903509,1.3421538,-2.8353794
0.1273127049207687,-0.44349527,1.0964504,5.3052,-2.3732285,1.6366328,-4.184513,-0.23154211,-0.94964874
0.0318353027105331,-1.7058531,0.5659154,1.1744047,-0.58128166,2.3532164,-3.9779177,0.23345068,-3.678306
0.0603974647819995,-2.329775,0.18038939,0.9469565,-1.5383422,3.5718172,-3.4335413,-0.89231837,-4.219316
0.0534468851983547,-2.162107,0.13416982,1.3073211,-0.77340245,3.7427685,-3.4394138,-0.7388369,-3.3196962
-0.05858751013875,-4.2609406,3.7602382,3.903016,0.15814038,0.6029108,-0.1818912,-1.9587032,-2.231759
0.1013695076107978,-1.6747026,-0.18671064,1.5718323,-0.091601074,3.7246912,-4.239873,-0.86529994,-3.9052582
0.0432915799319744,-1.8817245,-0.08050291,1.8170688,-0.3275564,3.5689838,-3.8571057,-0.6364981,-3.7341018
-0.0595910474658012,-3.0039325,2.7830098,2.7341661,-1.9638684,0.49517733,-0.41115505,-2.4703853,-2.0047984
0.0977690294384956,-1.2100834,-0.12629607,1.945625,-0.45748547,3.2360415,-4.4135213,-0.6516483,-3.8076994
0.0758757889270782,-1.7118305,-0.29334724,1.5177974,-1.0689452,3.510446,-3.6591675,-0.9070127,-3.6878555
0.0907047614455223,-2.043903,-0.14200911,0.8948606,-0.5420792,3.6853266,-4.0215073,-0.5257127,-3.9450505
0.0,-2.2428098,1.3758048,1.438818,-4.1469793,3.4422197,-0.0912475,-1.8431112,-3.374117
0.0517128519713878,-1.3859556,-0.11218646,2.3210409,-1.2827628,2.9648786,-3.9276192,-0.5940485,-3.1425037
-0.2722185850143432,-1.0221008,4.43881,0.07372698,-4.267366,3.427395,-4.0696063,-2.3111432,1.6007724
-0.158327579498291,-2.3904378,3.6830337,0.09200172,-4.091251,2.5970416,-3.7250042,-1.4250839,1.0722213
0.0,-4.006799,2.80634,2.3445973,-4.2511063,1.912705,0.78218937,1.0951816,-2.7068565
-0.0084961066022515,-2.509623,2.8244822,1.1205313,-2.150661,1.4213648,-2.849768,-2.6258833,-0.5923235
0.0727807432413101,-1.3176471,-0.07685136,1.9701684,-0.8513762,3.0224812,-4.017593,-0.5975477,-3.7008426
-0.1953278183937072,-2.0080433,3.7879755,-0.025959462,-4.020004,2.2297542,-3.9261632,-1.0437684,0.6199415
-0.0051934737712144,-2.003573,1.2461667,1.3334837,-4.445822,3.308727,-0.20478818,-1.5917418,-2.8958628
-0.0003670363512355,-2.4485009,1.1037563,0.037865564,-3.469036,3.2029338,-1.3516564,-2.4606137,-4.031903
0.1012852862477302,-2.0333972,-0.24026634,1.1617894,-0.8299771,3.6977675,-4.2096887,-0.63479376,-4.0791683
0.0615525729954242,-2.0353835,-0.14613904,1.4084897,-0.99896234,3.732605,-3.9526412,-0.8934944,-3.736891
-0.0668292343616485,-3.3020008,1.7192407,0.52242225,-4.0834513,2.4521751,0.052819822,-1.4877859,-2.7326336
-0.0480709299445152,-4.118809,3.6586823,3.4841003,0.25489676,0.44842255,-0.14660127,-1.93519,-2.4873009
0.0869275331497192,-0.7702204,0.274316,2.0637817,-1.8385513,2.4720757,-3.6261551,-0.8265674,-3.378859
-0.0138544179499149,-2.1680582,1.0308651,1.1654624,-4.3134155,3.5553358,0.13201258,-1.6682112,-2.884507
0.0001757331192493,-2.7261868,2.3404496,2.393383,-3.044477,1.1251137,-0.8188362,-1.4014425,-1.9911958
-0.1284268200397491,-3.0486093,3.6926281,-0.147779,-3.0070608,1.49662,-3.48113,-1.5385113,0.26364836
0.0509088411927223,-0.41540354,1.4634879,4.714093,-2.8531678,1.0780641,-4.2544694,0.059442237,-1.3990327
0.0967186242341995,-2.2989361,0.12839296,1.1069452,-0.62119263,3.5487795,-4.292831,-0.7976094,-3.8669467
0.0470455959439277,-0.72572243,1.3176349,3.690341,-1.9906825,1.9548665,-4.167285,-0.111406416,-1.7870274
-0.0097834141924977,-2.6574256,1.209067,0.6123257,-4.5253325,2.72229,-0.087014884,-0.5140141,-2.9061573
0.0467479899525642,-0.53800184,0.7594161,5.1988153,-2.9234164,1.3964074,-4.157905,0.124655135,-0.8998987
0.0501145012676715,-1.5389678,-0.19103381,1.4458277,-0.8834166,3.2839837,-3.8017592,-0.69096804,-3.962013
-0.0426634289324283,-4.280498,3.4010122,3.4151256,-0.009534178,0.66861004,-0.28214166,-2.492354,-1.7299082
0.0421834997832775,-0.9854535,-0.18889533,2.4380348,-0.47508815,3.576049,-4.168323,-0.35897738,-3.406192
-0.0601081773638725,-3.676233,3.0755217,3.3889058,-0.7090353,0.6314236,0.01922232,-3.1304994,-2.2539127
-0.0752118080854415,-3.052106,2.9030542,2.641085,-0.7355103,-0.071923524,-0.67392164,-3.513918,-1.9663992
0.0831015482544899,-2.220466,-0.28332004,1.3082393,-0.291051,3.9344654,-3.7845464,-0.91365606,-3.8130865
-0.0490374974906444,-2.6092937,2.786065,1.9495282,-1.0798818,0.40473592,-1.9844625,-4.3683424,-1.9838736
-0.0408828780055046,-2.6364517,3.115685,2.1822672,-0.8474399,-0.0079708155,-1.5455813,-4.1078176,-2.1298516
0.0808494016528129,-0.5909059,1.0622321,5.3780875,-2.5098467,1.2868507,-4.028442,0.2618137,-1.0236732
-0.0124882822856307,-2.884432,1.2421719,-0.39753953,-3.2315125,3.2731543,-1.5586679,-2.3367422,-3.8957577
0.0989258214831352,-0.49682394,1.0479233,4.653208,-2.4338176,1.7304528,-4.2894874,-0.41762474,-1.4344143
0.0001757331192493,-4.1575384,2.8095396,2.1973388,-3.6491823,2.2320065,0.78341407,1.3422915,-2.7423441
-0.005220993887633,-2.3833232,1.1153193,1.6733648,-4.4127893,3.6476026,-0.057644878,-1.7543948,-3.17312
0.1262017339468002,-0.5309342,0.6795924,2.4874966,-1.6927551,1.9847529,-4.3660145,-0.6112205,-2.7985048
-0.0404209271073341,-2.6772277,2.9538784,1.7007703,-1.1962959,0.1939387,-2.058788,-3.9701724,-1.1960039
-0.0001757331192493,-2.832516,1.5434868,-0.7150454,-2.6450222,2.8172588,-1.3726869,-1.6666634,-3.764485
0.0,-2.3799949,1.4904513,1.4562949,-4.074184,3.8738809,-0.004952956,-1.7436448,-3.1834054
-0.0037443086039274,-2.5051591,1.5724804,0.8701804,-4.432433,2.8983786,-0.12332437,-0.7531284,-3.2274468
-0.002035538200289,-2.7806795,0.98215127,-0.40339142,-3.341514,3.2782223,-1.4701215,-2.0771105,-3.866338
-0.0799629762768745,-2.2680047,2.906962,1.1682898,-0.99783766,0.14861983,-2.8886237,-4.3287654,-1.9112058
-0.078639231622219,-4.0905895,3.4482193,3.4317136,0.32647076,0.54761124,-0.2710694,-2.8761837,-2.1992428
-0.0006155604496598,-2.442818,1.4177688,1.5294037,-4.2483983,3.3991108,0.13451809,-1.5811284,-2.8940127
-0.247600108385086,-0.915818,4.6676497,-0.44115472,-3.848387,4.0058503,-4.0375004,-1.2736669,1.2159309
-0.161837637424469,-3.0764756,3.8237987,0.5592858,-2.6476204,1.5284085,-3.1863384,-1.9651723,-0.10069262
0.0775454193353653,-1.5869192,-0.1177247,2.0358412,-0.5069394,3.721171,-4.186447,-0.5631055,-3.6931908
-0.0006155604496598,-4.3168178,2.9217973,2.364888,-4.3528943,2.315084,0.78421766,1.3164239,-2.6526017
-0.1484259068965912,-2.1766593,2.6634016,0.25163937,-2.313447,1.6491408,-2.31543,-4.212711,-1.8651003
-0.0482078492641449,-4.078949,3.4588077,3.4719157,0.11589861,0.6032656,-0.1659442,-1.9439615,-2.094931
-0.2317726910114288,-0.93545663,4.713707,-0.12487282,-3.2170947,3.5033507,-4.0869966,-1.6199306,1.0178769
0.1820973306894302,-1.0092349,3.655242,1.52905,-1.5694596,-0.12322488,-4.1617856,-0.42276663,-2.7140853
0.1297019720077514,-0.42011207,1.4698725,4.894048,-2.7627323,0.97444826,-4.477777,0.20905232,-1.1419656
-0.1837118566036224,-1.5714722,3.7984464,0.33433738,-2.7878652,1.2092266,-3.7096217,-3.5203514,-0.3245483
0.0500062443315982,-0.56121385,1.2017549,5.2220716,-2.50421,1.5880898,-4.1162853,-0.0366275,-1.0090091
0.0,-4.155071,2.6670935,2.3410177,-4.1199074,2.088576,0.83423513,1.2102911,-2.806397
0.0499006323516368,-0.80482334,1.3934219,5.0547123,-2.8014982,1.7860713,-3.9767637,0.3244288,-0.8349168
0.0493483394384384,-1.9463938,0.3785448,1.261461,-0.24778178,3.6861544,-3.543522,-0.7313116,-3.1051764
-0.0716057196259498,-2.846272,3.6962526,0.42793125,-3.4299853,2.0514493,-3.597246,-1.84407,0.50940657
-0.0929592996835708,-1.9197699,3.3868625,1.8573337,-0.38643533,-0.023956358,-2.281653,-4.252447,-1.8224895
0.0158581230789423,-2.8937085,1.5755829,-0.7161091,-2.5388327,2.5169425,-1.2484018,-1.6725619,-3.6666174
0.0523652471601963,-1.9776229,-0.26512137,1.3696121,-0.26833805,3.458272,-3.5845242,-0.7961328,-4.0486417
0.0,-2.6637318,1.253081,1.3256072,-4.517922,3.3932183,-0.14249213,-1.63217,-3.082212
-0.0724592134356498,-3.97184,3.1803734,3.5959535,0.23333442,0.80172896,-0.2799214,-2.7970102,-2.0386107
-0.122832678258419,-2.5722132,4.205559,1.2322128,0.23360491,0.44148237,-2.281046,-3.566057,-1.4763861
0.0500272288918495,-0.569052,1.0400009,5.1570907,-2.9393885,1.2790222,-3.961058,-0.08509286,-1.0652133
-0.0966924503445625,-4.292299,4.05324,3.3564034,0.8545959,0.52614677,-0.3086808,-2.3585656,-2.5040367
0.0010428630048409,-4.239192,2.8524382,2.3348188,-4.053573,1.9450932,0.6375088,1.4377391,-2.850424
-0.0016817097784951,-2.5985954,1.0677818,-0.3648872,-3.1960437,2.9071212,-1.5534767,-2.188087,-4.0700502
-0.0908518657088279,-4.623005,3.3112006,2.9191546,-1.1800874,0.2486396,0.14729862,-0.8335691,-2.3270931
-0.1198099255561828,-3.3913038,3.3841622,-0.12814623,-2.6179247,1.5316845,-3.440815,-1.4101573,-0.37892678
0.0428073816001415,-2.114901,-0.3249402,1.1334957,-0.38632566,3.957162,-4.1610203,-0.9050764,-4.0111413
-0.0040508261881768,-4.0504327,3.153388,2.295214,-3.9990556,1.8195391,1.0152735,1.4602025,-2.9872649
0.0001757331192493,-2.345469,1.3430033,-0.3145222,-2.8991275,2.726273,-1.3037719,-2.51939,-3.7767937
0.0820271670818328,-2.1740038,0.4943303,1.2743304,-0.46048707,3.4409413,-3.6545157,-0.71042573,-3.0436997
-0.092651255428791,-2.8004234,3.175039,2.0816872,-0.1355973,0.17590919,-1.9001111,-3.8211613,-2.0558863
-0.0001757331192493,-4.2145386,2.8196402,2.283674,-4.091265,2.2018325,0.76465935,1.2764881,-2.6449661
0.0976571217179298,-0.54033965,1.0321392,5.258256,-2.7969174,1.346223,-4.553186,0.13171211,-0.6887004
0.0967112705111503,-1.199506,-0.28125578,2.5277152,-0.9082353,2.9625978,-4.1952276,-0.22126476,-3.2626884
0.1006218492984771,-1.986844,-0.2033776,1.6765995,-0.423347,3.7587423,-4.2647905,-0.7075262,-3.7801652
-0.0621841140091419,-2.8064272,3.4051626,2.1946652,0.16195382,-0.031031102,-1.8451582,-4.078311,-1.9923432
0.0530179627239704,-2.2711852,0.063553095,0.91202503,-1.446194,3.597978,-3.0922725,-0.9726108,-4.2987623
-0.0782946795225143,-4.445898,3.5412145,3.882336,0.82097405,0.44525614,-0.5983584,-2.0497856,-2.184397
0.0537847988307476,-0.8067048,1.2150097,5.0887594,-2.4853702,1.6573083,-3.7458723,-0.24970761,-1.1579568
0.0993683412671089,-0.7327261,0.6167677,2.420749,-1.5434142,2.2495728,-4.302777,-0.32361567,-2.826881
-0.1035055369138717,-3.15679,3.2516766,0.79494184,-2.9308405,1.6255962,-2.9333198,-2.3916361,-0.20537925
-0.1222139373421669,-2.445016,3.3602133,1.5981569,-0.84846216,0.23438497,-2.1340384,-4.1973166,-1.5395824
0.0868265107274055,-1.7238756,-0.53898704,1.2983029,-0.5362663,3.996728,-4.1133933,-0.5669612,-3.9066758
0.0803926587104797,-2.1764922,0.032494757,0.71744585,-1.0978447,3.5844944,-3.1394353,-1.0025942,-4.2778234
-0.0420878529548645,-4.171913,3.3290663,3.7368388,-0.34212404,0.67543906,-0.11978109,-2.1291919,-2.2626178
0.1282804012298584,-0.7912115,0.5519586,3.793818,-1.5091004,2.2015445,-4.1822095,-0.43117452,-1.9150434
0.1005217507481575,-2.0647728,0.029046606,1.3551434,-0.56839764,3.8364713,-4.1021304,-0.6921631,-3.0121417
-0.043401226401329,-4.3745365,3.7210543,3.6540916,0.49002233,0.38346577,-0.20580977,-2.1322365,-2.291048
-0.0576519593596458,-2.3476524,2.8982644,1.4974434,-1.3406013,0.3849752,-2.3609784,-4.4356647,-2.0556104
-0.0001757331192493,-2.8053281,1.3144574,-0.43601978,-2.7529926,2.7079012,-1.5228826,-1.5078348,-3.7963998
-0.0522331781685352,-3.9909303,3.2862835,3.7460628,0.10960019,0.390621,-0.074782774,-1.9804649,-2.474957
0.0699905157089233,-0.557663,0.9845082,4.9202332,-3.0449688,1.3581504,-3.8701384,0.00619537,-0.9108965
0.0917515903711319,-0.2850891,0.95363295,5.5845466,-3.064422,1.3426963,-3.9756305,0.3411646,-0.6985874
0.1235857605934143,-0.9627873,-0.17897515,1.9402006,-1.9639581,2.6580732,-3.3681927,-0.39636168,-3.7400515
-0.0002485241857357,-4.154431,3.0815432,2.2276602,-3.8448236,2.1931694,0.72962177,1.5898198,-3.0081124
0.0006155604496598,-2.26824,1.5591075,1.610624,-4.4824815,3.4519773,-0.051936425,-1.9911722,-3.1653118
-0.0746356546878814,-4.2434335,3.855083,3.7540464,0.62656754,0.5813166,-0.46989936,-2.4066863,-2.237911
-0.0008990517817437,-2.6682022,1.5344392,0.7524545,-4.0879235,2.9734724,-0.1090595,-1.0441226,-2.938427
0.0648536533117294,-2.3825245,-0.12618536,1.076467,-0.42695227,3.9175098,-3.682938,-0.92633677,-4.0949426
-0.0924082398414611,-2.6107657,3.0123637,1.8668914,-0.93605,-0.09941941,-1.8304197,-4.655113,-1.7313688
-0.091718815267086,-2.1413822,3.202197,1.4647796,-0.87889594,0.08635701,-2.6168892,-4.782996,-1.6195565
0.0803317576646804,-0.5916193,1.331562,5.5890584,-3.0277529,1.3670049,-3.571324,0.3069791,-0.8719712
0.1008781045675277,-0.47963825,1.1985242,4.5800204,-2.0763993,1.5744739,-4.5859704,-0.27097532,-1.5004822
-0.0718023926019668,-3.4167175,3.5302477,0.14206487,-2.482015,1.6752707,-3.4729738,-1.0478609,0.009437464
-0.0408319607377052,-2.535884,2.9757245,2.1392713,-1.4080994,0.23362961,-1.4705198,-4.007634,-1.3914216
-0.0832950696349144,-2.6915855,3.7815328,-0.049585648,-2.9451404,2.3212976,-3.8153284,-1.192391,0.016862933
-0.0501726828515529,-3.5938025,3.1435566,3.630788,-0.8482549,0.4428649,-0.11777497,-2.6410131,-2.357173
-0.1689140051603317,-2.5141008,3.91203,0.3532512,-3.5132864,1.7453549,-3.474702,-2.0550115,0.3287315
-0.0373816564679145,-2.5517628,3.211548,1.4679022,-1.4468307,0.70557344,-2.7488725,-4.313242,-1.2145003
-0.0782796368002891,-2.4903772,3.1015546,1.4403955,-1.146707,0.42041668,-2.7049294,-4.5201974,-1.6171813
0.1004455089569091,-1.7734145,-0.21664931,1.4199196,-0.6742435,3.6965916,-3.953724,-0.70194197,-3.5188775
-0.0014789550332352,-2.551569,1.245217,0.69305825,-4.4086266,2.958283,-0.26869535,-1.1262821,-3.024195
-0.0361520312726497,-2.2400725,2.7452888,1.8448901,-1.4161031,0.009365983,-1.9290494,-3.95342,-1.8018768
-0.0334574058651924,-2.4428837,2.8513014,1.5280521,-1.1660078,-0.0049056187,-2.2440598,-4.647904,-2.2723336
0.0,-2.277127,1.3737578,1.4324838,-4.5359097,3.608088,0.02869352,-1.8969069,-2.8153598
-0.0946048125624656,-3.153271,3.3678334,2.662021,-0.30510637,0.05067809,-0.85860866,-3.3100247,-2.1456962
-0.0785179063677787,-4.004528,3.5625544,3.322899,0.036663324,0.49294913,-0.40155664,-2.0950527,-2.2053022
0.058797538280487,-0.74218255,0.7733388,4.829165,-3.322791,1.7384328,-3.3999152,0.13449758,-1.3092592
0.0957216545939445,-1.5129216,-0.40151942,1.6180028,-0.55540454,3.3539188,-3.980242,-0.75475484,-3.3962727
0.0600447542965412,-0.4157082,1.3563209,4.8633595,-2.9972336,1.104129,-4.348477,0.22251183,-1.1595392
0.0646161511540412,-0.5924675,1.0953008,5.4052024,-3.1474717,1.4298501,-3.461427,0.2023554,-0.60928357
-0.0961009413003921,-4.201323,3.6739612,3.2507896,0.069258414,0.28331232,-0.55291504,-2.0771668,-2.2279549
-0.0086078578606247,-2.6679685,1.4990392,0.37701744,-4.2287602,2.5513117,0.011858149,-1.0525309,-2.7705362
-0.0447195172309875,-3.355977,2.9886718,2.6150055,-1.0865505,0.17120972,-0.5691732,-2.055113,-2.432848
0.0,-2.734748,1.2562225,-0.16249745,-3.4290752,2.867779,-1.4831223,-2.1872058,-3.7158046
-0.1073415428400039,-2.3248744,3.3650262,0.97297436,-1.2010752,0.40866023,-2.923835,-4.2110157,-1.0281535
-0.0915565863251686,-4.312402,4.1069884,3.954555,0.31858605,0.57156885,-0.08484921,-2.4078267,-2.0917664
0.0,-3.1152742,1.5685779,-0.6735605,-2.6059663,2.8985717,-1.6341054,-1.729492,-3.8700368
0.084092728793621,-1.0174732,1.1448002,4.91692,-3.7419562,1.3963484,-3.0068707,0.5079003,-1.0442668
-0.1272596567869186,-2.4301312,3.8580775,1.2288305,0.22650412,1.337416,-2.4729042,-3.265571,-1.094299
0.0810157880187034,-0.6055933,1.059127,3.3242722,-1.9371793,1.7387143,-4.3673496,0.084269434,-1.8133605
0.054419919848442,-2.0866318,-0.095056444,1.3274326,-0.5026702,3.7539382,-3.7301903,-1.0258955,-3.8834412
-0.0401609130203723,-2.5707834,2.9341073,2.1478994,-1.6124091,0.48033804,-1.6452982,-3.8251178,-1.3355111
0.0852500796318054,-0.3782969,1.5006156,4.8762584,-2.135398,1.4868559,-4.3620396,0.10246362,-1.3324451
-0.2211257219314575,-1.9438376,2.4248927,0.7060254,-3.8051012,1.9033672,-3.735203,-1.913607,0.12106227
0.0961494296789169,-1.1486926,-0.33107734,2.3675385,-0.97872674,3.209322,-4.2865005,-0.5742761,-3.5126734
0.0,-2.816886,2.1096418,0.35156244,-1.9673946,1.047877,-2.086834,-2.957177,-2.802831
-0.0021524017211049,-2.8028276,1.5613757,0.61367625,-4.279415,2.8641915,-0.1463911,-0.7860569,-2.9761293
0.0415147878229618,-0.27987713,0.77704734,5.1756105,-3.2162442,1.7742736,-3.931025,0.07848075,-1.0841737
0.0002485241857357,-3.9994552,3.0022283,2.3724356,-3.7137291,1.9122772,0.694306,1.3925391,-2.7826426
0.0,-2.3132436,1.0899807,1.4075814,-4.01839,3.438942,0.01851774,-1.7514634,-3.5009768
0.1005833372473716,-2.1138606,-0.06077572,1.1363225,-0.091949806,3.778539,-4.0439467,-0.57362443,-3.8760736
-0.0770444124937057,-2.4979439,3.2914598,1.1130117,-1.2194054,0.25985163,-2.8059995,-4.3766885,-1.1704395
-0.0008793866727501,-2.2545576,1.1938928,1.4999866,-4.497353,3.4009778,-0.2938629,-1.8670594,-3.0644157
0.0967812314629554,-0.45576152,0.94652134,5.0349417,-2.1309679,1.6497374,-4.628992,-0.29945186,-0.856949
-0.0935676842927932,-2.2945735,2.97152,1.0621485,-1.6131124,0.24996495,-2.5504959,-4.435246,-1.6718701
-0.0951388403773307,-2.6064408,3.517273,1.4612322,-1.6387407,0.46797544,-2.6783588,-4.4666057,-0.93864226
-0.0743124783039093,-3.0659177,2.1423976,-0.30756915,-2.31184,1.6676419,-1.851307,-2.076233,-2.756854
-0.0005975061794742,-2.512266,1.1476125,0.81754065,-4.358607,3.0236895,-0.16031739,-1.0323035,-2.8111427
0.0,-2.4624832,1.4134418,1.7469437,-3.9345596,3.7021189,-0.008042332,-1.5290884,-3.3386328
-0.0481649339199066,-2.4947948,2.989367,1.3398931,-0.961419,0.31492865,-2.1920464,-4.4353743,-2.2070787
0.0,-4.2800865,2.9358666,2.2571962,-3.8527384,1.990989,0.7738303,1.2460424,-2.7387714
0.0630577281117439,-0.542432,1.2416021,4.5182095,-2.6011724,1.320796,-4.432463,0.06561229,-1.2380546
0.1001380756497383,-0.5426324,0.59776604,4.540221,-2.2916987,1.3356873,-4.4757743,-0.32321826,-1.513639
-0.0323470532894134,-2.4840822,3.0878935,2.6182134,-0.9514333,0.27264985,-1.0325518,-3.3773518,-1.9714131
0.040163192898035,-1.2220256,-0.22532922,1.7927598,-0.7252863,3.1911685,-4.1431456,-0.6653034,-3.7866347
-0.0069289235398173,-2.6348195,1.0282826,-0.06809838,-3.16818,3.1345665,-1.429067,-2.307315,-3.7490606
0.043185044080019,-0.57495046,0.45881763,4.421061,-2.1606443,1.6635687,-4.188098,0.122503646,-1.3615
-0.0747690051794052,-2.1911542,2.870053,1.1925567,-1.4971175,0.42264593,-2.5225294,-4.3758826,-1.867864
-0.0876488611102104,-3.5306785,2.8078518,2.9021525,-1.2587852,0.42974257,-0.56584555,-2.354906,-2.058621
-0.0929420515894889,-3.604031,3.3253174,2.7888048,-0.45751607,0.17629881,-0.57188463,-2.368682,-2.432477
-0.2492861449718475,-1.5221995,4.227731,-0.66230786,-4.0178566,2.4881666,-3.8945034,-1.173104,1.0589834
0.1020809859037399,-0.44048417,1.1026707,4.9443836,-2.6409252,1.0461308,-4.6137004,0.1021903,-1.3212192
-0.0411701686680316,-2.3716104,3.3561678,1.4435296,-1.5957198,0.44199455,-2.2443042,-4.4002104,-1.2250729
-0.0918505564332008,-4.2059817,4.1292095,3.5116165,1.5635808,0.96350443,-0.58566034,-2.2902253,-2.2555828
-0.0231764987111091,-2.4452536,3.5341933,1.1147308,-1.1459968,0.14064997,-2.914177,-4.2217917,-1.5124315
-0.0483356453478336,-3.5762355,3.0246964,3.1872182,-0.78295517,0.39573085,-0.4047102,-2.207456,-2.5678127
0.1002135947346687,-0.44157746,1.239235,4.5569563,-2.7499251,1.2443978,-4.672525,-0.00212606,-1.4258841
-0.081957072019577,-3.2375524,3.3334618,2.5855641,-1.2483052,0.33023167,-0.45447052,-2.4991555,-2.262819
-0.0032068872824311,-2.6420553,1.426158,0.74722975,-4.3485894,2.9343848,-0.026501186,-0.92173874,-3.0189443
0.0508033446967601,-0.4624008,0.7975078,5.105982,-2.396987,1.4894282,-4.247563,0.06295427,-1.1128951
0.0074378512799739,-3.982003,2.701114,2.322205,-4.02437,2.037432,0.47593912,1.1549324,-2.806436
-0.3174270391464233,-1.5794208,2.92258,0.72172004,-3.226196,1.7863563,-4.0919023,-1.8848935,-0.07663014
-0.0783815905451774,-2.907364,3.1216943,2.0861118,-0.1560787,-0.12908277,-1.614504,-4.0082774,-2.3626738
-0.0271944310516119,-4.1010156,3.45057,3.1552167,-0.48785323,0.012558818,-0.20279042,-0.7829362,-1.9776752
-0.1227218359708786,-3.9053948,3.5683987,3.5870142,0.45977932,0.20998678,-0.41741094,-2.4541,-2.256591
-0.0883558765053749,-2.2621477,3.161606,1.513383,-1.1763607,0.003283903,-2.3311574,-4.6675167,-1.9169205
0.0625131875276565,-0.7625562,0.25774884,2.230495,-2.091633,2.2677402,-4.0727954,-0.23610327,-3.0977376
0.1283478736877441,-0.2504383,1.1710865,5.430855,-2.9637928,1.5360751,-4.0196214,-0.04010658,-0.688589
0.08722685277462,-2.038281,-0.24361882,1.2389597,-0.77865,3.38712,-3.8120687,-0.73355764,-3.0383596
0.0014681455213576,-3.2112937,1.2369044,-0.7378318,-3.0030394,2.824669,-1.2270528,-1.6803848,-3.4664073
0.0754824504256248,-1.946089,0.0353726,1.1579839,-0.36016023,3.844319,-4.0884433,-0.5814576,-4.2165775
-0.0890630632638931,-3.9467583,3.4941604,3.036729,-0.13178958,0.23825422,-0.25303978,-2.0732188,-2.5252035
-0.0953347980976104,-2.1863477,3.4711752,1.2644882,-0.9599728,0.213873,-2.6842856,-4.50406,-1.6224388
-0.1225963458418846,-4.140881,3.6257644,3.5762637,0.47884244,0.5743263,-0.5862689,-2.23415,-2.33664
-0.0006155604496598,-2.4814835,0.86382973,0.09092457,-2.7177312,2.4740043,-1.4973141,-2.5433817,-4.1173086
0.1259918063879013,-1.1606119,0.0013167411,2.4107268,-0.6545967,3.1645877,-4.322055,-0.5356567,-3.3310957
-0.0346592329442501,-3.2641923,3.3931,2.2993147,-0.72467726,0.77702177,-0.83063656,-3.0681207,-2.26185
-0.0550859943032264,-2.2520201,2.7646828,1.777531,-1.1689932,0.46494114,-2.0617187,-4.4636507,-2.0037537
-0.1605333089828491,-0.7770897,5.990047,-1.5925715,-2.891224,3.6102173,-4.0460353,0.25421733,-0.06501079
-0.0686400979757309,-4.273971,3.8603442,3.5033636,0.22642794,0.62241817,-0.1541789,-1.951743,-2.5122316
0.0809707269072532,-0.4967128,1.1043653,3.6408906,-2.170056,1.5484713,-4.2184987,0.107737795,-1.6956717
-0.0001757331192493,-2.3673282,1.3641629,1.3902992,-4.230417,3.3080623,-0.00594892,-2.0698419,-3.2068877
-0.096091091632843,-2.5080993,3.4547157,1.6151505,-1.1666582,0.47696668,-2.6690469,-4.341319,-1.0200517
-0.006882179994136,-4.1562757,2.5918841,2.130202,-4.1040306,2.0611422,0.85238075,1.2050916,-3.002513
0.0863724797964096,-0.7158214,1.6180077,4.1478124,-2.4974713,1.321741,-4.5985103,-0.3789571,-1.4568512
-0.0884168148040771,-2.8387954,3.2099319,1.9238409,-0.98875207,0.21485856,-2.1060514,-3.688226,-1.0320563
-0.0318419784307479,-2.6325119,1.3651447,1.3248272,-3.70142,2.9198039,-0.031786375,-1.9180337,-2.7849917
0.0,-2.6345985,1.4033836,1.2915888,-4.125716,3.4720917,0.05754024,-1.6150484,-3.231772
-0.053878303617239,-2.4494708,2.8303113,0.95233595,-1.2587248,0.5609382,-2.4024713,-4.0789776,-2.065226
0.047194730490446,-0.57559454,1.1852707,5.0003304,-3.2279818,1.6070002,-3.9481556,-0.14364886,-1.0010406
-0.0006155604496598,-2.4957252,1.1381979,-0.15520269,-3.5286627,3.3343272,-1.315567,-2.6535025,-3.8075144
0.0002485241857357,-2.5750275,1.2594228,-0.20334947,-3.8291311,3.0028276,-1.3675523,-2.5745864,-3.471337
-0.0355904884636402,-2.5829027,2.9989512,2.084511,-0.6333227,0.09519521,-1.6596957,-4.081037,-2.074235
-0.0726096257567405,-2.503653,3.2088819,1.7773846,-1.349451,0.6951449,-2.3907316,-4.34754,-1.1595087
0.0,-2.5022607,1.359436,1.692892,-3.9506795,2.9072285,-0.30507436,-1.73453,-2.891472
0.1014720201492309,-0.50170666,0.83597136,4.5522647,-2.4781837,1.8983947,-4.533416,-0.16090032,-1.5568118
-0.1238197237253189,-2.8280914,3.0994372,1.7804263,-1.534812,0.72739244,-2.6343617,-4.0256324,-0.9201187
0.0434580147266387,-0.6518191,1.4072467,4.4312057,-2.5089805,1.2439929,-4.5680256,0.064062946,-1.3581591
-0.0008176579140126,-2.498838,0.761473,-0.49215648,-3.2919853,3.0153956,-1.3835475,-2.2054198,-3.9436002
0.0600907318294048,-0.48069966,0.91672343,5.1666865,-2.3659012,1.9571316,-3.675348,-0.04666397,-1.3238624
0.0486798882484436,-0.3552006,1.3684268,4.309984,-2.6365967,1.3389912,-4.678447,-0.029063426,-1.5155135
-0.0623586922883987,-4.049123,3.363153,3.1951818,-0.83048856,-0.059340686,-0.01387015,-0.76001334,-2.108921
0.0675053894519805,-0.61533266,1.078979,4.9675837,-2.7179372,1.8414154,-4.1468353,0.31306738,-1.2815789
-0.0446415841579437,-2.5304499,2.5156586,2.0804977,-1.4142712,0.037290208,-1.3450645,-3.957298,-2.2154808
0.081822320818901,-0.60137206,0.7518691,4.86372,-2.8237255,2.070992,-4.268668,-0.0447362,-1.0910641
-0.0932027772068977,-3.5394952,3.6203778,3.0244017,-0.18550454,0.33463812,-0.4842185,-3.0773628,-2.2961626
-0.050121746957302,-2.7079644,2.8961043,1.2109172,-1.4317561,0.6813305,-2.7496421,-4.214617,-1.0560846
0.0428102426230907,-2.2273285,0.2534615,1.2384275,-1.1204177,3.682574,-3.5490751,-0.8012266,-3.161051
0.0434942878782749,-0.40979582,0.9408836,4.921321,-2.2687552,1.897524,-3.9419954,-0.110645555,-1.1734525
0.09512909501791,-1.0369488,-0.24276699,2.4918525,-0.6772567,3.0344296,-4.4177895,-0.60022116,-3.3705695
-0.0401091277599334,-2.4388366,2.9344642,1.7955426,-1.2182403,-0.08130767,-1.8046726,-4.1516457,-1.9359918
0.0518950149416923,-0.5213492,1.4015715,4.833139,-2.994193,1.2709042,-4.128988,0.36745337,-1.2114586
-0.040270771831274,-2.7360883,3.2596364,1.2694772,-1.445195,0.54683685,-2.4652445,-4.45114,-1.3947935
-0.1574487388134002,-2.4844348,4.095595,1.1492833,0.10567485,1.7450284,-2.5902808,-2.9076254,-0.84030205
-0.0533827543258667,-3.0476465,2.9339802,2.3356164,-1.1756288,0.3733353,-1.2201297,-3.5619273,-1.278841
0.0815369933843612,-0.6511057,1.1713226,4.931244,-2.6500626,1.1713965,-4.4714003,-0.11717923,-0.967433
-0.0399408712983131,-3.037886,2.4929767,2.9966383,-2.1685364,0.49053684,-0.34797633,-2.607145,-1.9365782
-0.230895385146141,-0.8691192,5.2720394,-0.3376341,-3.2778468,4.2037053,-4.3600464,-0.66962725,1.2202234
0.0515596307814121,-2.0411642,0.54854536,1.0949332,-0.41868097,3.426761,-3.5997849,-0.85564667,-3.321605
-0.104679062962532,-0.7448929,5.620261,-1.487035,-2.2275848,3.3487954,-4.024098,0.24681106,-0.090907
0.0048979809507727,-2.9954562,1.7056365,-0.7938092,-2.9263518,2.5167384,-1.2218294,-2.0225775,-3.5694978
0.0920829251408577,-0.2854925,1.1841438,5.450515,-2.6176758,1.395952,-4.264507,-0.01527467,-0.80340016
-0.0490255281329155,-4.2128377,3.8496416,4.0045056,0.23372544,0.5326745,-0.32941157,-2.1284473,-2.2308233
-0.007262862753123,-4.201489,3.052036,2.1700644,-4.2202253,1.9557319,0.61420107,1.3607422,-2.899672
-0.0723628252744674,-2.8005865,2.95804,2.2940724,-1.0764859,0.65940917,-1.7101445,-4.07744,-1.2590609
-0.0954324081540107,-4.0417366,3.6733327,3.3494256,0.32441285,0.29828343,-0.44115543,-2.832944,-2.4455268
-0.2049466669559478,-2.7717104,3.481885,-0.4474338,-3.82929,1.8160055,-3.7568438,-1.1991835,0.32013777
-0.0723195075988769,-2.7799902,2.9960594,1.8278408,-1.3374099,0.3292014,-2.368101,-3.582044,-1.1754842
0.0,-2.3943083,1.2596948,1.31255,-4.0827565,3.6895418,0.19310197,-1.6095552,-3.266674
0.0888478383421897,-1.7425218,-0.057094835,1.3386067,-0.763353,3.217618,-3.6109724,-1.0633476,-3.6765893
0.0740593075752258,-0.57351536,1.566081,3.5406587,-2.2282436,1.6089913,-4.3696003,-0.32342145,-2.0248158
0.0601288937032222,-2.38619,0.10950734,0.9546157,-0.8102554,3.4082525,-3.5353816,-0.748765,-4.047345
0.0327546335756778,-0.90607786,0.30833098,3.5677247,-2.006101,2.566926,-3.5523612,-0.29393253,-2.2225623
-0.1215959936380386,-2.7495992,3.052175,1.9449822,-1.2931279,0.33358416,-1.7936226,-4.1353307,-1.0684026
0.0001757331192493,-2.5480673,0.9904964,-0.03375745,-3.638437,3.0247765,-1.4194834,-2.484909,-3.6597807
-0.0527962297201156,-4.3066344,3.5799935,3.7963068,0.083938405,0.5937176,-0.07609503,-2.0078385,-2.5073383
0.2207581251859665,-1.3306779,2.518676,1.4920583,-0.6682986,1.5380038,-4.327589,0.06938738,-3.442423
0.0552650727331638,-2.3350465,0.07572459,0.9718941,-1.0072329,3.6666944,-3.1973448,-0.9251134,-4.161749
-0.0007618034142069,-2.621795,0.8309774,-0.24481598,-3.5300593,3.0970833,-1.586444,-2.2760577,-3.70805
-0.1207085326313972,-1.9965042,2.8873997,0.0561795,-4.0008354,1.6467718,-3.6373777,-1.3957796,0.095938794
-0.0721102878451347,-4.3416305,3.8400204,3.6018004,0.29966906,0.53325737,-0.12890923,-1.8162203,-2.3526118
-0.032767005264759,-2.3233473,1.3906615,1.2291063,-4.468152,3.0036583,0.06785692,-1.984351,-2.7081423
-0.2923915088176727,-1.590763,4.936066,-1.3749554,-3.426706,2.7715979,-3.9215052,-0.27355906,0.48157018
0.0873900204896926,-1.2700819,-0.19623652,2.2163467,-0.7778155,3.4691505,-4.007629,-0.52493536,-3.3329751
0.0,-2.2775528,0.99120855,1.5633694,-4.164935,3.3284183,0.010378495,-1.7046025,-3.023581
0.0669779777526855,-0.57841873,1.5068372,5.041638,-3.1178946,1.2878313,-3.9829483,0.18249202,-1.1909659
0.0003670363512355,-4.080109,3.0455153,2.2023287,-4.0816383,2.0848608,0.7814276,1.021005,-2.8361464
0.0537022873759269,-1.732963,-0.07063862,1.4074667,-0.4040995,4.0290556,-4.112777,-0.8975342,-3.9314322
0.0543939359486103,-2.0560446,-0.22538811,1.1649643,-0.69932145,3.671069,-3.5915341,-0.79946494,-3.629586
0.0977340415120124,-0.2771075,1.0709422,5.2939744,-2.855002,1.2583445,-3.836126,0.04937706,-0.7767446
-0.1273086369037628,-3.2440774,3.3096542,2.251987,-0.17136237,0.43550056,-0.996253,-3.3915207,-2.096384
0.0651983469724655,-0.60079825,0.5062682,4.992367,-2.7591825,1.8634753,-3.831083,-0.3686219,-1.2551684
0.0,-2.2684405,1.0091031,1.7704693,-4.7912426,3.5740314,0.03034491,-1.939505,-2.8384476
-0.0031475010327994,-4.2125444,2.8798065,2.1144469,-3.8692665,1.9561856,0.56203973,1.2705104,-2.828916
0.0,-2.4521697,1.3128344,-0.23961192,-3.3376157,3.0605807,-1.6035961,-2.2128499,-3.942078
-0.0624254457652568,-4.0744753,3.7068272,3.7227006,0.2179198,0.50147295,-0.33871466,-1.9325727,-2.4462748
-0.0152639001607894,-2.7637026,2.6319106,0.7716402,-2.3304753,0.84299546,-2.4328334,-3.1023326,-1.2989558
0.0987879782915115,-0.63014257,1.4861069,4.0780935,-2.3541763,1.1936611,-4.676515,-0.14030795,-1.2622001
-0.1082279309630394,-2.3655002,3.5332146,0.5948075,-3.219913,1.8557531,-3.674351,-2.5017054,0.13263059
0.0427233539521694,-1.6931545,-0.19389695,1.6861147,-1.0058206,3.3874435,-4.1184473,-0.75598574,-4.1245127
0.0567534603178501,-1.5370917,-0.24458253,1.6307613,-1.4080548,3.4718442,-3.8849618,-0.99983263,-3.7029803
-0.0695620402693748,-4.0336213,3.5904055,3.7612479,0.21575193,0.25190887,-0.091824055,-2.2878003,-2.5685575
0.066303826868534,-0.66030854,0.8600468,4.99744,-2.7884448,1.7679957,-3.6014636,-0.0910042,-0.9966474
0.1002496033906936,-0.81784856,0.8185251,2.9436843,-1.8915317,1.6162963,-4.5008473,-0.20729595,-2.4764261
-0.0778380036354065,-3.4253612,3.0113156,2.6745095,-1.0964477,0.3345499,-0.47988763,-2.1461658,-2.3901715
-0.0842426195740699,-4.0586877,3.7627788,3.3797495,0.79287547,0.24469285,-0.670666,-1.9149394,-2.3219607
-0.0008741942583583,-2.137215,1.2309753,1.2084588,-4.5172415,3.2818534,-0.012928762,-1.9930267,-3.0202181
0.053441897034645,-1.9904134,-0.21591571,1.8557253,-1.0566602,3.327061,-3.740679,-0.8569825,-4.099985
0.0990286394953727,-1.7574465,-0.17867145,1.3533354,-0.5529322,3.774022,-4.3896313,-0.7573786,-4.171341
-0.0666543245315551,-2.308311,2.7595677,1.4480927,-1.2302766,0.47814047,-2.2286303,-4.4623847,-2.0857875
0.0,-3.1559677,1.2225517,-0.7896038,-2.7021844,2.6744137,-1.3872396,-1.3523152,-3.821398
-0.0414281152188777,-4.1777844,3.4911363,3.819367,0.46711016,0.6445034,-0.3133562,-1.9884793,-2.5687087
0.0,-2.610411,0.53360146,-0.12594762,-3.0498595,3.110861,-1.4519663,-2.3106682,-3.8623774
-0.1320947408676147,-1.3103745,5.731249,-0.85784495,-1.030791,4.13512,-3.8462741,-0.34148127,-0.21269172
0.0973543524742126,-0.43761176,1.0499805,4.4961133,-2.3927822,1.5666789,-4.1046224,-0.3617865,-1.3371419
0.0492470897734165,-1.8894581,0.0018486232,1.3040928,-0.62670255,3.7102082,-3.8325422,-0.8992324,-4.0179243
0.1340092122554779,-2.831076,0.57091177,-0.01775678,-1.3583422,3.2660007,-2.940123,-0.7455934,-4.1072917
0.0,-4.116612,3.0043423,2.1996005,-4.001469,1.9940809,0.7296357,1.2865433,-2.8474803
-0.0287870857864618,-4.6493173,3.873742,3.5936928,0.77825284,0.6102216,-0.13365941,-1.9452599,-1.890247
-0.041142351925373,-2.532806,2.7733238,1.0046494,-1.3499249,0.5613316,-2.3378358,-4.1172895,-2.0075238
0.0878601744771003,-0.5505389,0.6227942,4.200181,-1.9720306,1.7272186,-4.379883,-0.24730891,-1.6427554
-0.040378350764513,-3.1139126,3.0975451,3.1909258,-0.45491046,0.4409442,-0.5784079,-3.2777634,-2.1493618
0.0999944061040878,-0.40412498,0.9823632,4.2861376,-2.3437712,1.9158638,-4.406752,-0.5159977,-1.3879766
-0.0375418290495872,-3.7362647,3.6884446,3.6236737,0.1900627,0.71053416,-0.25127938,-2.6603098,-2.2508757
-0.0550203882157802,-3.3754873,2.979216,3.10676,-1.0712093,0.60671616,-0.42017156,-2.0065482,-2.6226041
0.0503346286714077,-0.5483015,1.1748104,4.873143,-2.4966173,1.7715046,-3.9535048,-0.25797778,-1.0676075
-0.0475940033793449,-2.3545353,3.1152523,1.5968877,-1.1660312,0.35248703,-2.4361308,-4.608314,-2.1928527
-0.0159700755029916,-3.2405987,3.5505948,2.425835,-0.07514619,0.74306285,-1.4953938,-3.3084211,-1.250389
-0.0019669679459184,-2.2018533,1.2848752,1.4844269,-4.538159,3.7333086,0.09307338,-1.9048448,-3.1245823
0.0934475883841514,-0.469096,0.93033266,5.3391075,-2.919095,1.3144865,-3.6474676,0.3691519,-1.0572178
0.0434227436780929,-2.1235757,0.07107534,1.2015246,-0.70432806,3.5279262,-3.7850082,-0.9448013,-3.7003403
0.0,-2.301969,1.6217245,1.4061024,-4.830474,3.5007164,0.14098507,-1.7481521,-3.0046263
-0.0795639157295227,-2.293726,5.163377,-0.9051141,-1.0758889,3.7416918,-3.101688,-0.23524849,0.14559847
-0.1359725445508957,-2.4496284,3.577815,-0.32935125,-4.1454244,1.4167215,-4.054794,-1.5068235,0.91712976
-0.0925604850053787,-2.5569177,3.084342,1.9593039,-1.210769,0.24230698,-2.3322506,-3.823713,-1.0493398
0.0,-2.2422512,1.3343945,1.5202577,-4.569433,3.5016391,-0.07372463,-1.6625841,-2.8019528
0.0473334453999996,-0.54240215,1.1779263,3.3818555,-2.2899258,1.4385486,-4.412562,0.010163933,-2.16782
-0.127734437584877,-2.5844758,4.9387913,-0.67510295,-0.44671556,3.1524158,-2.8292344,-0.7891398,-0.27838466
0.0,-2.6571605,1.3013355,1.376922,-4.2089577,3.358273,-0.040838163,-1.6258451,-2.8778133
0.0009825967717915,-3.0271907,1.211148,-0.67480785,-2.3886611,2.7374504,-1.3659902,-1.6309321,-3.5473495
-0.1507492959499359,-2.381147,3.462616,-0.0039699525,-3.1481698,1.7883562,-3.6405864,-1.6711237,0.1095712
-0.1990799903869629,-2.0953436,3.3537676,0.44641638,-4.1154537,1.9691548,-3.911465,-1.9974813,0.7985916
0.1276009529829025,-1.3935084,-0.030025648,1.7742385,-0.27736896,3.2021196,-4.1040196,-0.32976443,-3.6354065
0.0,-4.1366725,2.7981727,2.3964894,-3.7910197,2.022548,0.7416354,1.4260651,-2.7667038
0.0974854752421379,-0.3521728,1.100778,5.0166616,-2.5762563,1.5774891,-4.2943406,-0.1960386,-0.8727541
0.0990472286939621,-2.1629448,-0.16415845,1.5925583,-0.62417394,3.7435532,-3.896951,-0.61056036,-3.3030972
-0.0475382395088672,-2.3637586,3.025158,1.1249652,-1.4892745,0.26252687,-2.1898596,-4.371268,-1.7552073
-0.0728857740759849,-2.3129966,2.7579296,1.5336467,-0.93242574,-0.12836279,-2.3410378,-4.340076,-2.3679287
-0.0006155604496598,-3.9682112,2.584657,2.3969877,-4.0001445,2.0497875,0.7835307,1.153463,-2.5963206
-0.0541198588907718,-3.3776617,2.9468775,3.4408767,-0.84252816,0.37862504,-0.3414747,-2.9034765,-1.8007339
0.0655754879117012,-2.2653916,0.048478186,1.1099358,-0.7340313,3.4689906,-4.0636835,-0.5904459,-3.7198217
-0.1658982038497924,-1.0596311,5.702287,-0.6334671,-3.1785343,3.7406464,-4.2187877,-0.56132656,1.0357704
-0.0286787897348403,-4.4063807,3.616971,3.7950132,0.3586713,0.36026436,-0.28570583,-1.6403326,-2.2157125
-0.0766186639666557,-3.6030033,3.0762885,3.015478,-0.99806947,0.66596234,-0.59737587,-2.0486484,-2.392771
-0.0007676775567233,-2.0531247,1.4252856,1.4668937,-4.6543565,3.3510315,-0.03935761,-1.9720684,-2.8950093
-0.00134076946415,-2.4869378,1.4087119,0.8693641,-4.338945,2.9091973,-0.44487852,-0.93905246,-3.0713308
0.0404071025550365,-2.1217346,-0.022303117,1.0688257,-0.8833712,3.8772867,-4.1545277,-1.007527,-3.6636364
-0.0169096104800701,-2.4296086,0.7200577,-0.2604726,-3.6078877,3.2557213,-1.6482036,-2.4549704,-3.8997483
-0.0380638316273689,-2.7022018,3.275462,1.6965256,-1.1039896,0.28268138,-2.2245207,-4.397367,-1.7175915
0.0703238323330879,-0.64391196,0.8006975,2.681252,-1.9635074,2.090098,-4.551769,-0.4771781,-2.8574274
-0.0559768863022327,-3.9358897,2.9912083,3.4450204,-1.1048937,-0.056051627,-0.123414375,-0.9855875,-2.092631
-0.0221793167293071,-2.873552,0.75529486,-0.067461915,-3.1186483,3.491214,-1.716125,-2.1234472,-3.9483242
0.0,-2.373461,1.0699278,-0.16086912,-3.2636225,2.972427,-1.4686786,-2.470034,-3.952099
0.0022140424698591,-2.5291605,0.5173415,0.36248687,-2.9998808,3.0064328,-0.9276013,-0.9061147,-3.284046
0.0458739474415779,-1.0436158,1.3366807,5.0557632,-3.5364223,1.5374827,-2.6041183,0.26619023,-1.7051495
0.0621636137366294,-0.5095424,1.0796258,3.2773087,-2.365968,1.4540204,-4.139896,-0.0050083175,-2.0176902
0.0,-4.107276,2.7195606,2.3759983,-4.1244836,2.202652,0.39545906,1.4773127,-2.902391
0.0006155604496598,-4.1764097,2.6184056,2.2562213,-4.267045,2.165543,0.7813367,1.1681726,-2.893046
0.0406519398093223,-1.1699127,-0.33833694,2.3323996,-0.8353056,3.592747,-4.0985236,-0.6834269,-3.548112
-0.0213954728096723,-4.518742,4.331047,3.5077648,1.4082606,0.64308864,-0.42361352,-2.170146,-2.0108774
-0.0856853500008583,-2.6126158,3.24048,1.772432,-1.0783253,0.1444009,-1.8239506,-3.7898703,-1.0842739
-0.0388155616819858,-2.7547448,3.0028815,1.9966114,-0.44785386,0.07244372,-1.3714006,-4.3862815,-1.9049993
-0.0228092949837446,-4.375964,2.8409507,1.987193,-3.215303,1.841216,0.98600256,1.0310649,-2.6886997
0.0605765916407108,-2.2182155,-0.04257952,0.76721513,-0.9558326,3.6868591,-3.4674761,-0.94703704,-4.214383
-0.0894752070307731,-2.186799,2.718492,1.6245493,-1.1737299,0.34991378,-2.2862685,-4.2006755,-1.5695089
0.0771368965506553,-0.6679365,1.393842,3.576547,-2.2215629,1.5286803,-4.474125,-0.30144978,-1.9079585
0.0780532136559486,-0.648424,0.9745047,5.3493567,-2.8809953,1.4632136,-4.061937,-0.020262029,-0.8564278
-0.0379790663719177,-2.3855376,3.2733006,1.5081447,-1.2166611,0.4451301,-2.6772828,-4.445734,-1.5419672
-0.0504870750010013,-2.4582903,3.2386465,1.5283077,-1.5778704,0.690127,-2.373007,-4.3971477,-1.1797464
-0.1142484247684478,-2.3297944,5.0556183,-0.83224696,-0.867078,3.7542682,-2.9150121,-0.39780986,-0.33627984
0.0981883853673935,-0.4238817,0.489393,4.194471,-2.0858512,1.4647447,-4.377855,-0.32336843,-1.7545768
-0.0107653765007853,-2.6651256,0.7109277,-0.36542788,-3.2554533,3.3092484,-1.5804136,-2.0696115,-3.9701385
-0.0617576576769351,-4.0332584,3.2163198,3.5936668,-0.0857576,0.72347844,-0.32888782,-2.454509,-2.1695113
-0.1563694179058075,-2.2981596,3.3877919,0.10896118,-2.918659,1.3492881,-4.0626383,-1.6931287,0.11385723
-0.0367900505661964,-2.5888886,3.1613197,1.6802577,-1.0468204,0.6384082,-2.1496942,-3.9108908,-1.1496494
0.0801452472805976,-1.8463297,-0.029282201,1.4395328,-0.4626774,3.7367396,-3.349417,-0.8713696,-3.2007904
-0.0839833244681358,-3.2385423,4.069694,1.5740926,0.5317649,0.8055194,-1.639754,-3.221286,-1.5719208
0.0003043786855414,-2.9779353,3.1309965,1.6042042,-1.5493238,0.7873352,-1.6549499,-2.4159324,-1.2555592
0.0,-4.319748,2.725568,2.197155,-4.2201552,2.196432,0.8283737,1.3753124,-3.1166363
-0.2586213946342468,-2.452154,3.5827,0.22201192,-3.8499315,1.9171093,-4.316203,-1.948494,0.53851974
-0.0038191981147974,-4.424639,2.8887167,2.1879861,-4.2865157,1.9972082,1.2360193,1.2025572,-2.9069214
0.0,-2.3235533,1.4970675,1.5862042,-4.4400477,3.5116746,0.09285322,-1.6449363,-3.1678236
0.051544364541769,-0.5942435,1.4309156,4.3088107,-2.5080585,1.6222606,-4.4254036,-0.07625442,-1.3734691
-0.0698347017168998,-4.3438435,3.4239151,3.4614363,-0.3342684,0.61939627,-0.4082756,-1.8601089,-2.6365788
-0.0795600786805152,-2.590268,2.9416459,2.1273243,-1.3711388,0.3094485,-1.6783797,-4.097981,-1.258061
-0.0012356688966974,-4.1881323,2.7354493,2.566951,-4.1092496,2.0618029,0.71541995,1.3023742,-2.847693
0.1446143537759781,-1.4898138,4.3727717,1.3537451,-1.2311263,-0.6308186,-3.9107027,0.22608803,-2.4265263
0.0799966156482696,-0.3973158,0.95476043,4.814602,-2.6456597,1.7099888,-4.0412064,-0.39858127,-1.1844602
0.227464273571968,-1.1653571,3.5728917,1.5198768,-1.178804,-0.24420789,-4.156155,-0.30819404,-3.1576667
0.0454860478639602,-0.42741627,1.2668165,5.1631093,-2.6571436,1.143051,-4.228188,0.35937458,-1.2053646
-0.0960879176855087,-2.6441588,3.3306482,1.7362412,-1.4472603,0.43027276,-2.481628,-4.0775256,-1.0131819
0.0002485241857357,-4.065815,3.0648952,2.2969532,-4.2786727,2.2387903,0.9584746,1.1864333,-2.74882
-0.218687817454338,-0.74300647,5.2711306,-1.5230808,-3.1341546,3.1312232,-4.21213,0.41822046,0.09919569
0.2426217645406723,-1.1143864,3.865903,1.449875,-1.2971424,-0.022554912,-3.9098718,-0.44730735,-2.6990013
-0.0882835164666175,-4.531762,3.8955286,3.4921043,0.8823612,0.85753983,-0.21449575,-2.4257135,-2.293033
0.0,-2.3219986,1.3177454,1.5750529,-3.9774406,3.582753,0.064181834,-1.8168316,-2.879486
-0.0291373003274202,-3.0994267,2.569538,0.14369325,-2.1806736,1.343262,-2.2321558,-2.9833796,-1.658626
-0.0508292987942695,-2.9251795,2.7525463,-0.021160595,-1.7960908,0.92814523,-1.9626384,-2.659815,-1.9393959
-0.0960622802376747,-4.225834,3.8804855,3.2132082,0.6623827,0.28715026,-0.5260607,-2.6799176,-2.1155012
-0.0006155604496598,-4.0848565,2.8620322,2.3315563,-4.2515087,2.1445017,0.88242656,1.3191218,-2.5704775
-0.0113012092188,-2.6753294,3.8341868,1.4623793,0.36671132,0.88178575,-2.2468672,-3.3130689,-1.3496717
-0.042418073862791,-2.9461083,3.0173764,2.206708,-1.6101539,0.39348426,-1.3057494,-3.9181752,-1.2653918
-0.0022328542545437,-2.7722743,2.3878858,1.8507164,-2.351193,0.94056827,-1.2481186,-2.8774116,-2.3312583
-0.2741031050682068,-2.2500396,3.6704226,-0.670364,-4.0069036,1.0457749,-3.7148213,-1.2111627,0.4257793
0.0647317841649055,-0.7582793,1.0404996,3.3952482,-2.055782,1.7136685,-4.6112766,-0.36653057,-2.0272663
0.0988590791821479,-1.234238,-0.2453509,2.4986234,-0.7138438,3.110418,-4.3101444,-0.5321016,-3.445254
0.0518501959741115,-0.73787296,1.0877129,5.357907,-3.5068955,1.4881468,-3.7768133,0.16859382,-1.0421797
0.0754207447171211,-2.244005,-0.13690431,1.1022847,-0.9805045,3.7306287,-3.7562957,-0.83347374,-3.523629
-0.0642954632639885,-3.904274,3.671319,3.6417282,-0.117215045,0.70552164,-0.24817103,-1.9110461,-2.0538132
-0.0847713053226471,-2.402208,2.9527533,1.386781,-0.77113724,0.2639813,-2.9442635,-4.4446263,-1.7610625
-0.1171563863754272,-3.0612853,3.566588,-0.14183447,-3.1381824,1.6298599,-3.2966952,-1.2008663,0.05890809
-0.0740994662046432,-2.9620328,2.3986974,2.4819655,-2.467936,0.743814,-0.7412745,-1.0728513,-1.5412552
-0.0718550086021423,-3.2678194,3.1344385,2.9449408,-0.6836703,0.29796535,-0.54183364,-2.2292454,-2.2912261
-0.0657502263784408,-3.893451,3.3453503,3.4322083,0.32307923,0.38386753,-0.38735878,-2.445763,-2.4146307
-0.0511670410633087,-2.4837255,3.285944,1.913199,-1.2627939,0.5667845,-1.6185372,-4.262729,-1.8678406
0.0,-4.035013,2.861511,2.0934076,-4.334287,2.2888894,0.86790866,1.5668443,-2.9592557
-0.0044307010248303,-4.2973456,2.9857478,2.1300156,-4.111417,2.1527576,0.9343243,1.1333904,-3.1220112
-0.0042863534763455,-2.3662245,1.6934545,1.6351104,-4.0634036,3.6663356,0.029045638,-1.5827587,-2.8805547
0.0997061058878898,-2.0967903,0.062254827,1.1254288,-0.75544596,3.8094692,-4.326422,-0.81048715,-3.6409404
0.0483755022287368,-1.895633,-0.16580003,1.3315175,-0.6591237,3.785532,-4.136207,-0.51398903,-4.2390513
0.0,-2.4923108,0.8773944,0.057510834,-3.3869796,3.244348,-1.3298206,-2.4300654,-3.6543205
0.0,-2.912244,1.2492886,-0.5624237,-2.581297,3.052915,-1.328926,-1.5751303,-3.8698325
-0.1287034749984741,-2.2978897,3.6017978,0.04107435,-3.164667,1.6383128,-3.7282572,-1.9489099,0.06915595
0.0,-2.7088556,1.0263861,-0.17149039,-3.5203512,2.854343,-1.5000033,-2.7362795,-4.037797
-0.0768733024597168,-2.5659773,2.9108348,2.0401118,-1.1947948,0.18770371,-2.2568645,-3.8805623,-1.4489384
0.0,-4.1253133,2.9219208,2.3545592,-3.9694297,2.339681,0.9449536,1.3084068,-2.6664577
-0.146909475326538,-1.9400635,5.0785804,-1.0838356,-0.15550548,3.1552646,-2.988338,-0.5897482,-0.8474498
0.0,-2.1881058,1.1251934,1.6810855,-4.4187765,3.5952256,-0.013815495,-2.0727525,-3.0088196
-0.1604032963514328,-2.4599252,3.4222112,-0.42119926,-4.3976517,1.0737557,-3.7916124,-1.6344498,0.8693868
-0.0937706679105758,-2.786514,3.1646273,1.6840831,-1.3008825,0.5084349,-2.4409049,-3.7266135,-1.1380275
-0.1265352517366409,-0.80265814,5.5584497,-1.4205809,-2.1778579,4.524177,-3.976321,0.016059574,0.2899358
0.0643913522362709,-1.7490721,0.05539208,1.8271468,-0.59383774,3.4887657,-3.87873,-0.6074791,-3.8269625
-0.0926480665802955,-4.302658,4.2280116,3.45429,1.0124055,0.599149,-0.2796069,-2.2899618,-2.2866375
-0.005054323002696,-2.6952548,1.6713345,1.6539071,-3.1104753,1.9751486,-0.7232131,-2.3209832,-2.7886467
0.0519894585013389,-0.62997544,0.86579186,4.8320513,-2.7241173,1.8726509,-3.6787975,-0.2259327,-1.6280951
-0.0187219735234975,-4.5626717,2.9791973,2.0415833,-3.5517938,1.7978871,0.9541883,0.9154199,-2.791134
-0.1224156394600868,-4.0719457,3.8036296,3.6179428,0.5841194,0.31080443,-0.7104735,-2.1769094,-2.3477538
-0.279569149017334,-0.8456879,5.051597,-0.8717903,-3.8113701,3.5234401,-4.296508,-0.7688161,0.6734752
0.0010107608977705,-3.0059512,1.5351,-0.88548535,-2.9620252,3.042168,-1.7329252,-1.4259803,-3.7547805
-0.0041749351657927,-4.121657,3.0176167,2.139517,-3.8952937,2.1456134,0.8101447,1.1997275,-2.7423959
-0.0961755290627479,-2.7001066,3.3645172,1.3250003,-1.6159867,-0.0493,-2.8991385,-4.5538735,-1.2392623
-0.177208811044693,-1.0210418,4.628265,-0.3186902,-3.547498,3.5358155,-4.2630014,-1.2282498,1.1193272
-0.0368091352283954,-3.0436587,3.1652348,3.094985,-0.7415108,0.34744883,-0.5325789,-3.2911134,-2.0457983
0.0848708897829055,-1.3509214,0.24817674,3.3988755,-1.8164314,2.6467988,-3.4808464,-0.48738635,-2.6832447
0.1019970849156379,-1.7888597,-0.395228,1.4313275,-0.39365783,3.7484279,-4.4114065,-0.6830591,-4.0451264
-0.008585856296122,-2.6261823,1.6543076,0.5384347,-4.4302993,2.8180766,-0.14137584,-0.75355417,-3.082352
0.1012307703495025,-0.67376333,0.98980695,4.9916434,-3.1094067,1.3600839,-3.2268877,0.47762355,-1.3037785
-0.0360656306147575,-2.9216492,3.150584,2.1708105,-1.1186774,0.074870765,-1.2337649,-3.6250448,-1.2804657
0.0454971939325332,-0.80844676,0.9331447,4.9402566,-2.5110295,1.7236671,-3.7642312,-0.0075922385,-1.0770373
-0.0730594992637634,-4.4100504,3.5308797,3.7740736,0.25091136,0.6115152,-0.09199613,-2.5232158,-2.287007
-0.0621598809957504,-3.1426184,3.2883418,3.2478328,-0.42445204,0.37295204,-0.40090197,-2.964564,-2.2895627
0.0522825345396995,-0.5048479,0.9268617,5.1158495,-2.9688368,1.9013281,-3.9184358,0.09533851,-0.8281032
0.0784626081585884,-0.5391032,0.85687256,2.6534266,-1.7792528,1.817035,-4.520215,-0.49413133,-2.359746
-0.0434401258826255,-3.6257448,3.1228502,3.2115493,-0.8260009,0.44554165,-0.4908387,-2.002081,-2.5074568
-0.0922509282827377,-2.6609151,3.355218,1.5082227,-1.6027427,0.6150816,-2.4689593,-4.0838933,-1.060133
-0.0841641649603843,-2.3564186,3.013069,1.350597,-1.5388002,0.15367973,-2.6915276,-4.5212064,-1.6201763
-0.0809047520160675,-3.9100006,3.5122495,3.065764,0.16076556,0.21896198,-0.29902017,-3.1053693,-2.1762488
-0.0359467044472694,-2.4198256,3.188733,1.3999636,-0.99531335,0.36799467,-2.703814,-4.5060916,-1.773318
-0.0004398273595143,-2.2998152,1.2809073,1.6242869,-4.1466656,3.547973,-0.010759566,-1.6983877,-2.747415
0.0881455913186073,-1.6309454,-0.044479072,1.7607461,0.034415364,3.5481312,-3.8668206,-0.47810456,-3.8492558
0.0,-2.5670571,0.8391891,-0.22496323,-3.4809985,3.0373583,-1.4804785,-2.3890553,-3.9439878
-0.0006155604496598,-2.3322117,1.4745255,1.3777297,-4.1838775,3.4603372,0.07829435,-1.7026472,-3.3179302
-0.1833687573671341,-0.7482268,4.878453,-0.8915255,-3.5944166,3.5120335,-4.1651382,-0.73872936,0.7140109
-0.0452666990458965,-3.3591027,3.0590897,3.4137518,-0.6122512,0.6295253,-0.3807223,-2.740518,-2.1462226
0.0001757331192493,-2.3731692,1.1477103,1.5891229,-4.274702,3.29737,-0.120213196,-2.0953043,-3.1699386
-0.0679952576756477,-3.9075038,3.8045294,3.728907,0.0040566474,0.6210288,-0.16529775,-2.5355368,-2.3672712
-0.053301353007555,-2.5130475,2.4264112,0.97515047,-1.5005062,0.7429155,-2.3064437,-3.9067628,-2.006105
-0.0003111817932222,-4.1999073,2.8180819,2.2248893,-4.270267,1.948233,0.7729813,1.2622086,-3.019089
0.04258793592453,-1.7384459,-0.14425732,1.512535,-0.56213546,4.0032787,-3.7303534,-0.63672274,-4.1237226
-0.0009834838565438,-2.6504173,1.0811244,-0.24034524,-2.8238392,3.055076,-1.373326,-2.4662588,-3.85782
-0.2097901552915573,-0.776852,4.6655784,-0.49467665,-3.7579935,3.7920067,-3.923942,-1.4057703,1.2731584
-0.0548358000814914,-2.4142282,2.5273092,0.9069991,-1.7920363,0.565595,-2.2957358,-4.268917,-2.0129442
0.0483434796333313,-2.0253375,0.06640704,1.6569133,-0.3786323,3.737522,-3.740783,-0.9041497,-4.2053714
-0.0008006644784472,-4.2533946,3.0872219,2.3882391,-4.1330266,2.328682,0.8047604,1.5008405,-2.9400735
-0.0185535699129104,-2.2509012,1.393605,1.1546227,-4.6456804,3.140921,-0.02454079,-1.4898418,-2.8952627
0.1021729931235313,-2.049251,-0.13055404,1.166756,-0.44891295,3.8344548,-4.2558517,-0.89177084,-4.3661737
0.0007340727024711,-4.1285357,2.9126184,2.3334472,-3.900744,2.0804026,0.5712071,1.5973034,-3.089888
0.0926216542720794,-0.46645385,1.4079734,4.0926805,-2.3095045,1.3102747,-4.47931,-0.1611223,-1.4686292
-0.0406452864408493,-3.0335102,2.7189195,2.5248604,-1.553712,0.5864651,-0.39896595,-3.0161233,-2.020263
-0.0614003539085388,-3.3554645,3.0561597,3.1433969,-0.64667356,0.42799428,0.0061948895,-2.3431153,-2.367091
-0.0894564017653465,-3.0612068,3.180138,2.89869,-0.98134565,0.30859667,-0.48366773,-2.948797,-2.1739166
-0.1487174779176712,-0.77837944,6.120537,-1.5890752,-2.7360086,3.6223173,-4.054966,0.24713166,-0.11825575
0.0882932618260383,-2.063167,0.008163556,1.1066343,-1.0509207,3.8729765,-4.4233017,-1.1251873,-3.428957
0.049979779869318,-1.8510836,-0.12787431,1.551825,-1.0707805,3.3768868,-3.5868416,-0.9250039,-3.6192565
-0.0767637118697166,-4.289771,3.8045282,3.5552888,0.67755604,0.7088,-0.14734767,-2.3039563,-2.1943977
-0.0555146299302578,-2.582906,2.7055173,0.9899052,-1.4029889,0.5932364,-2.5942512,-4.506402,-1.7757459
0.1270736157894134,-0.49585542,1.7400376,4.696298,-2.3607001,1.2099484,-4.427572,0.20070574,-0.8335806
-0.0609982684254646,-2.104082,3.0665636,1.0568619,-1.489325,0.48501712,-2.5637245,-4.6587586,-1.9407748
0.0,-4.3073034,2.9584744,2.1477048,-4.210655,2.2303429,0.9144263,1.2093548,-2.608986
-0.0379521511495113,-3.2077937,2.5410988,2.2785683,-1.6511985,1.3153706,-0.6952976,-2.6915307,-1.6670613
0.0835799574851989,-0.31770086,1.5905089,4.5023913,-2.4306653,1.3332676,-4.8036537,0.12818763,-1.5819137
-0.0051598092541098,-2.4616902,1.4162433,1.6345624,-3.5070195,2.5227568,-0.7325235,-2.026103,-3.2567987
0.1070376336574554,-0.9808368,1.0400381,2.2032225,-1.1241604,2.1046803,-4.037416,0.013286259,-2.6387606
0.0,-2.4405267,1.3880494,1.3825123,-4.4128013,3.4787443,0.08460799,-1.722001,-2.9409
0.0451685227453708,-1.9880193,-0.07174022,1.4162196,-0.85273755,3.8451056,-3.6257012,-0.85226834,-3.1939619
0.0488432571291923,-1.9334106,-0.3255806,1.5528358,-0.7030883,4.251542,-4.028614,-0.87578833,-3.9673073
-0.0876011028885841,-4.452482,3.6782699,3.681172,0.8756311,0.47335422,-0.41102767,-2.4141948,-2.387054
0.0,-2.1900795,1.0369656,1.4045202,-4.5054097,3.3649914,0.08436409,-1.6524903,-3.2305942
-0.1642529815435409,-2.270349,4.151408,0.7534244,0.24732032,1.6702408,-2.70167,-3.8364053,-1.0682887
-0.052972063422203,-3.0418315,2.9647021,2.9557245,-0.9172203,0.6477984,-0.4064231,-3.3712575,-1.9607493
-0.0692125856876373,-4.44993,3.7919288,3.7952576,0.089425735,0.4071132,-0.13305862,-1.5089071,-2.4894655
-0.0035176305100321,-2.3385432,1.6882155,0.61156505,-4.513077,3.016967,-0.109442584,-0.8306349,-2.788506
-0.0918067172169685,-3.7395272,2.7709303,2.9762664,-0.7953289,0.44960928,-0.621214,-2.2897189,-2.462029
0.0497634187340736,-0.8998597,1.2412415,2.9517438,-2.112781,1.9325595,-4.4135833,-0.048845068,-2.4511497
-0.1970103085041046,-2.443648,3.5231755,-0.19824845,-3.909148,1.558439,-4.057144,-1.3229812,0.7890549
0.0536980591714382,-0.49865767,1.0251541,5.2967167,-3.2515485,1.3548197,-3.794411,-0.029125914,-0.81246126
-0.2727757692337036,-2.1522634,4.116508,-0.30560738,-1.5172501,1.8835118,-3.0902638,-2.0817087,-0.3610804
0.094050295650959,-0.60559994,1.099914,4.6568913,-2.4113305,1.6916751,-4.3973546,-0.40541404,-1.2450047
-0.0360996201634407,-4.0359874,3.4846842,3.6839595,-0.16046375,0.55455935,-0.056988984,-2.4302351,-2.6425128
-0.089617483317852,-3.0174267,3.353314,2.7630026,-0.4549828,0.19330196,-0.96408796,-3.6198378,-2.0798452
-0.1028922423720359,-0.9796865,5.561891,-1.1404208,-1.3573354,4.7194753,-4.0393157,-0.1446158,0.28610808
0.0,-2.5237398,1.3107566,1.3923265,-4.0343423,3.3381467,-0.09964885,-1.7529022,-3.0513496
0.0978422164916992,-0.63681585,1.3588389,2.7430472,-1.3792291,1.9009534,-4.511396,-0.4675668,-2.5555565
0.0,-3.9210374,2.6724935,2.4014013,-4.1218038,2.2109778,0.8961838,1.0533223,-2.8113823
-0.0838163644075393,-2.0969877,3.3883877,1.2606834,-1.2954912,0.5413338,-2.886487,-4.827928,-1.5272055
-0.0676997974514961,-4.3312345,3.876405,3.7209196,0.44581068,0.748355,-0.24745703,-2.1398127,-2.1641269
-0.0009950052481144,-4.29869,2.9276745,2.256509,-4.3002863,2.192455,0.61965305,1.1819456,-2.6298087
0.05643080919981,-0.827556,1.4149262,5.137395,-2.9639113,1.2458551,-3.7441616,0.24596135,-1.0348468
-0.0284121874719858,-2.85322,0.73935777,-0.13969189,-3.1214142,3.4413471,-1.5181135,-2.121833,-3.8161674
0.0407821349799633,-0.6741871,0.4564484,3.972036,-1.5521519,2.1800885,-4.332599,-0.37836266,-1.9867717
-0.0405120477080345,-2.4426246,2.7335951,1.3638608,-1.5197719,0.67735934,-2.860786,-4.6382937,-1.258838
-0.0005661552422679,-2.4378397,0.9964518,-0.4381029,-3.22094,3.2471662,-1.4154763,-2.311513,-3.7902458
0.0,-2.4391432,1.4133952,1.4409063,-4.064876,3.561378,-0.19647153,-1.4506822,-3.0878541
-0.1314324587583542,-0.81908834,5.451476,-1.5994592,-3.069401,3.8593333,-4.019582,-0.0021404922,0.61567986
0.0701097100973129,-1.9092327,-0.08639372,1.3285592,-0.5909632,4.0283227,-3.524739,-0.99799293,-3.306783
-0.0837659910321235,-2.4957306,2.9195313,1.5407149,-1.3061762,0.6212595,-2.6802173,-4.2071357,-1.5073373
0.0001757331192493,-4.304829,2.6793137,1.9569465,-4.0911803,2.1030064,1.0252652,0.9682126,-3.057031
-0.0733714029192924,-3.918995,3.5656598,3.3999164,0.02854085,0.3931547,-0.4229116,-2.716352,-2.3793788
-0.1568384915590286,-2.0934396,3.9838395,0.8290651,0.086850055,2.0368142,-3.0721598,-3.0226414,-0.6460886
-0.0497462749481201,-3.1201675,1.9024975,0.5246648,-4.0903683,2.1571949,0.15024501,-1.2360003,-2.8742924
-0.0580066554248333,-2.5557024,3.201271,1.359111,-1.4731743,0.47881618,-2.4816563,-4.174768,-1.0436594
-0.0614433772861957,-3.4734254,2.999148,3.2059906,-0.53421515,0.40559378,-0.45217714,-3.1046443,-2.0165288
0.0749752447009086,-1.1876875,0.055664286,2.7754762,-1.7772627,2.5704916,-3.5773046,-0.6772168,-3.108913
-0.2878696024417877,-1.6671072,4.296475,-0.57066464,-1.9209292,2.482096,-3.4461174,-1.8667948,-0.095869005
-0.0456832982599735,-2.6356943,2.831134,1.9135983,-1.4712203,0.5013329,-1.9454365,-4.171815,-1.4139243
0.194999098777771,-1.4707882,3.6682248,1.4831991,-0.27748325,0.50602746,-4.0164213,0.1078192,-2.765555
0.0869607180356979,-1.5598081,-0.096606135,1.7935158,-0.4289653,3.3458047,-4.375164,-0.37402254,-3.6962082
-0.0097102280706167,-4.1020412,2.8087726,2.324558,-4.0517383,1.9889793,0.8627403,1.3682239,-2.9625058
0.0828040540218353,-0.65334994,1.1897851,4.969854,-2.6473627,1.5967906,-4.1488833,-0.16421331,-0.9000395
0.0923199877142906,-1.8707571,-0.31798816,1.3830166,-0.680192,3.904842,-3.8754451,-0.75071186,-3.9275453
-0.0929267331957817,-4.070166,4.1439514,3.647661,1.1360291,0.20059088,-0.5393945,-2.3800883,-2.4378982
-0.0880930349230766,-3.341652,3.3107135,2.9995594,-0.5120642,0.24106802,-0.44156528,-2.3919597,-2.5748634
0.1295811533927917,-0.53134906,1.1400895,5.212695,-2.7066379,1.1633945,-4.349017,0.21794526,-1.2686937
-0.0451997555792331,-2.2438319,2.7475498,1.6480253,-1.2311109,0.23403504,-2.4697547,-4.647022,-1.9373323
0.0418463684618473,-0.52651423,1.404149,4.9939027,-2.7727182,1.3399807,-3.667054,0.05173945,-1.08891
0.1012137904763221,-1.8621935,-0.10401028,1.1455325,-0.977368,3.4813774,-3.9236398,-0.56041086,-3.7524924
0.0717500671744346,-1.5968207,0.18507215,1.603486,-0.5463968,3.2691588,-3.9062443,-0.6153343,-3.9435482
-0.005095247644931,-2.413795,1.501863,1.4846678,-4.049122,3.704877,-0.3117851,-1.7525631,-3.0941935
-0.1205383986234664,-2.2515697,4.89491,-0.61423576,-0.13067596,3.1385128,-3.005087,-0.42416078,-0.69193643
-0.0491581410169601,-4.0173616,3.4510624,3.7171395,0.09065605,0.67399436,-0.005264759,-2.5079093,-2.1998105
-0.0904340595006942,-1.2477341,5.118475,-1.2956046,-3.0704534,3.431482,-3.604447,-0.58336246,0.65992177
-0.0759693831205368,-4.2107077,4.2518454,3.7847154,0.55255735,0.7105557,-0.40611786,-2.1933494,-2.028979
-0.0093445954844355,-2.7123086,1.8026965,1.5339838,-3.867977,3.0666683,-0.020509228,-1.6867144,-3.0504854
-0.0671578422188758,-2.9337864,2.6377056,2.7667494,-1.8220072,0.5944027,-0.2848105,-2.2777746,-1.8865997
-0.1751937419176101,-1.9890392,3.9635437,0.8414534,-0.25323853,2.0517154,-2.5262897,-3.749058,-0.877471
0.0778091624379158,-2.3434951,0.11124247,1.1236485,-1.2046692,3.6063998,-3.812869,-0.78961855,-3.9076393
-0.0003734856727533,-3.9076364,2.8338778,2.092921,-4.3144574,2.290554,0.6642327,1.390351,-3.0303857
-0.0802929475903511,-2.439924,3.0625062,1.4126911,-1.4888005,0.49295965,-2.6322556,-4.3160634,-0.95120656
0.1004474163055419,-2.114684,0.11250881,1.1921085,0.22108641,3.6858485,-3.964953,-0.42753857,-4.2015023
0.0971279665827751,-0.57880545,0.712881,3.2146368,-1.533841,1.8188939,-4.596417,-0.32201365,-2.1809182
-0.055620688945055,-3.0052185,3.0438492,2.582713,-1.5950675,0.60657614,-0.56693214,-2.7307174,-1.9682631
-0.0676800236105918,-3.7553973,3.1657374,3.313574,-0.60421956,0.7023971,-0.34926707,-3.132896,-2.2980828
-0.0859310030937194,-4.2292066,3.9146996,3.4119377,1.2134819,0.77845925,-0.3675187,-2.549217,-2.1642854
0.0558960512280464,-0.5343107,1.5321276,5.434793,-2.8484426,1.4317544,-3.9063478,0.4344036,-0.895998
0.0006754040368832,-4.13875,2.9366431,2.4056456,-4.459429,2.3378801,0.3643293,1.2269481,-2.8200805
-0.0819989740848541,-2.4704254,3.414784,1.3320745,-1.428797,0.7066198,-2.7379982,-4.521443,-0.9706514
0.0963293090462684,-2.0110407,0.20443267,1.52838,-0.35193518,3.9433997,-4.0739837,-0.79507154,-3.3840559
0.0472410768270492,-2.3743021,0.23745452,1.043309,-0.94406164,3.742782,-3.4268084,-0.90136796,-4.234533
-0.0504300221800804,-3.4323409,3.143941,3.2632973,-1.0510314,0.4623025,-0.34866837,-2.220097,-2.4925375
-0.3298682570457458,-1.7852461,3.212188,0.7969465,-3.261947,1.9617885,-4.2623906,-1.9156687,-0.12418211
-0.0343624912202358,-4.022783,3.7375162,3.6834433,-0.03475043,-0.04240191,-0.34507233,-2.5986922,-2.2558398
0.1250627636909485,-0.39201167,0.9753253,5.381753,-3.0944781,1.4389484,-3.9152918,-0.03276384,-0.56398976
0.0517502874135971,-2.0159755,0.14740546,1.0395104,-0.4730372,3.640302,-3.8623085,-0.75073427,-4.1863813
0.0469973683357238,-0.49081385,0.508945,4.095459,-2.075481,1.844635,-4.5033,-0.16259608,-1.6776017
0.0722803995013237,-0.46384826,1.2314022,4.788205,-2.7251418,1.1904825,-4.3118105,0.22910468,-1.368657
-0.0716785043478012,-2.3640642,2.867906,1.0670172,-0.87375927,0.5833276,-2.5575752,-4.5994153,-1.739122
0.1263158172369003,-0.5438568,1.3149581,3.1785657,-1.9315841,1.4042503,-4.322306,-0.060355492,-2.1377773
0.0493715032935142,-0.87016815,1.2742448,3.4554384,-2.267711,1.2899193,-4.281772,-0.085354105,-1.9973762
0.0484808236360549,-0.4379226,0.8153928,5.0502324,-2.846979,1.3310494,-3.8223703,0.07634376,-0.98729104
0.0,-2.6168988,1.0950282,-0.31749398,-3.2868512,3.1827638,-1.5693567,-2.3966491,-3.7469435
0.096115730702877,-1.9926126,0.12477403,1.3307002,-0.17363921,3.916565,-4.4058785,-0.72422326,-4.0335937
-0.0008705339860171,-4.1220846,2.8578386,2.1820529,-4.3157177,2.2344909,0.8183956,1.1649806,-2.7440305
-0.1104266494512558,-2.8236752,3.26574,0.30835634,-2.6676464,1.7407823,-3.1023057,-1.9072504,0.193419
0.0442938953638076,-2.0474145,-0.047882337,1.3529624,-0.4308194,3.811883,-3.5985506,-0.8280392,-3.2115896
-0.0517813265323638,-3.9721382,3.2251747,3.2715478,-0.24936092,0.45661235,-0.25374728,-1.899871,-2.266157
-0.0456098392605781,-2.4424078,2.742219,1.7325741,-1.2675376,0.35378626,-1.930882,-4.369637,-1.9323207
0.0006155604496598,-2.9601364,1.1976129,-0.7962471,-2.8286347,3.284173,-1.4193854,-1.6487817,-3.692394
0.0,-2.3478618,1.2795311,1.5632687,-4.0538883,2.9648929,-0.04860415,-1.8699899,-3.248557
-0.1211433559656143,-4.18419,3.8713052,3.4717262,0.52032626,0.49687952,-0.0053699166,-2.4369771,-2.2361069
0.2232851237058639,-1.4485976,3.420838,1.9481044,-0.6268014,0.6607721,-3.9670224,-0.35061705,-2.9804173
0.0006155604496598,-2.2085652,1.2010713,1.5227774,-4.0162024,3.552542,-0.10505651,-2.1060567,-3.1315277
-0.0877484679222107,-2.7201626,2.8382049,1.3907077,-1.5622089,0.54833823,-2.7315936,-4.6337886,-0.9842246
-0.1609055995941162,-1.9425229,3.3799868,0.27484632,-4.0774446,1.6632059,-3.586783,-1.9220924,0.12709951
0.0825621858239173,-2.329961,-0.0365311,0.72092724,-0.7180737,3.4370842,-3.683361,-0.7766389,-4.4748755
-0.0745748728513717,-4.264248,4.352298,3.0348063,1.9759576,1.1872103,-0.9738239,-2.568808,-2.033748
0.0,-2.3940666,1.3653483,1.3421744,-4.3846736,3.3554165,0.04278528,-1.53774,-3.2232752
-0.0565401352941989,-2.587672,2.510611,0.80566764,-1.1547961,0.87866366,-2.4422033,-4.0857882,-2.046459
0.0873847007751464,-0.42003646,0.8586279,5.0607023,-2.5085456,1.4818232,-4.0092516,0.02309718,-0.8305943
0.0002485241857357,-4.183209,2.880482,2.1978414,-4.0944133,2.0721643,0.60132754,1.0695084,-2.8627772
-0.0577498078346252,-2.7368162,3.9022791,-0.14664572,-3.1068022,2.1084309,-3.6503742,-0.9325086,0.24117994
0.0715356916189193,-2.1099803,-0.20248032,1.0430532,-1.1725739,3.8341246,-3.6561737,-0.85947865,-3.6238217
-0.0394145399332046,-3.5949905,3.2600372,3.1575687,-0.42102802,0.2899523,-0.33880723,-2.0499783,-2.3849268
-0.0490690656006336,-2.3057346,2.6693192,1.8273374,-1.2267493,0.16732083,-1.6759793,-4.17154,-1.6272851
0.0791178867220878,-1.1310301,0.061484195,1.9033334,-1.7264217,2.8058197,-3.0305355,-0.5173055,-3.796807
0.0617190338671207,-2.1059623,0.03132754,1.1414974,-0.6389669,3.8036587,-3.4157825,-1.0166761,-3.310659
-0.1584711968898773,-2.0771844,3.5158424,0.7359257,-1.371467,0.9374658,-3.561267,-3.2086651,-0.45044357
-0.0588227324187755,-2.4835582,3.106443,1.1252043,-1.0012865,0.21348183,-3.0048075,-4.5827737,-1.5766222
-0.1243686452507972,-1.7873462,5.2658367,-0.7841757,-1.5632758,4.118617,-3.6305525,-0.29382136,0.60956794
0.0826167464256286,-2.0911276,-0.051412374,1.1015471,-0.33952376,3.7291834,-4.109507,-0.74473035,-3.9319062
-0.0296747144311666,-2.7970839,3.119205,2.5490355,-0.9496326,0.5627804,-1.0500021,-3.5634758,-2.0844684
-0.1218205019831657,-2.528517,3.342128,1.6488329,-1.2899035,0.43223777,-2.587928,-4.160693,-1.6106682
0.1046277284622192,-0.7702368,0.15579554,2.0511537,-1.7334045,2.2908728,-4.1752443,-0.3210039,-3.3847344
-0.07542435079813,-2.5863254,3.115861,1.8834062,-0.6015836,0.19953036,-1.809757,-4.171037,-1.4979084
-0.1417111158370971,-3.222613,2.9736233,2.7949092,0.062025666,0.050359353,-0.86637205,-3.5134513,-1.9657613
0.1011473834514617,-0.54675484,0.78854847,2.3248858,-1.6704465,2.1737118,-4.360711,-0.3266989,-2.898926
-0.1882093846797943,-1.0297749,5.299717,-1.6457722,-3.3506024,3.3391845,-3.8516319,-0.14600681,0.50440776
-0.0526570305228233,-3.4991927,2.9798982,3.2501469,-0.8208181,0.68275106,-0.411974,-3.169952,-2.09636
0.0679888054728508,-0.7189306,1.1945803,4.0096607,-2.334924,1.4346595,-4.611696,-0.27600002,-1.3671062
0.0,-2.2412474,1.3210633,1.2742407,-4.363836,3.306101,-0.025530338,-1.7477986,-3.0151672
0.0006155604496598,-4.2632403,2.6125596,2.3261724,-4.16416,2.1935327,0.8424604,1.2146311,-2.7609713
-0.0676620006561279,-2.6736846,2.8792844,1.0734899,-1.6373307,0.4384812,-2.178109,-4.3239903,-1.7956674
-0.0566553361713886,-3.99591,3.4085124,3.898252,-0.0005078912,0.5139028,-0.14286304,-2.4208221,-2.5953972
0.0500397160649299,-0.5210772,1.1063505,5.2694902,-3.293075,1.6782217,-3.6945567,0.17068958,-0.93864113
-0.0846104249358177,-2.6178362,3.065921,1.7773844,-1.3382752,0.2623886,-2.074576,-3.9604843,-1.0984516
-0.1541188806295395,-2.3002422,3.356772,0.5456087,-3.0575252,2.168271,-3.9155347,-1.7829369,0.1944896
-0.0585783943533897,-3.9678092,3.1688464,3.3734736,-0.024533808,0.6380538,-0.13326818,-2.5250676,-2.1199996
0.0471247322857379,-1.6230292,-0.2671476,1.6859912,-0.5471386,3.580779,-4.003346,-0.62343407,-3.9179227
0.0541444048285484,-2.2203543,0.024258683,1.2187134,-0.5402697,3.8259401,-3.8710084,-1.0408192,-3.8390393
0.0633952394127845,-0.49245322,0.9285912,5.5382376,-3.5700836,1.3134135,-3.9048078,0.057360243,-0.7908415
0.0006155604496598,-3.9826307,2.9389253,2.367682,-4.0253,2.0839696,0.46357477,1.4972632,-3.0311036
0.1818462610244751,-0.6589385,3.5344207,1.421245,-1.5490102,-0.31266552,-4.2228446,-0.40148383,-2.648448
0.0718385428190231,-2.092091,-0.15124024,1.2318332,-0.53807044,3.6211693,-3.8469083,-0.74490464,-4.1679077
0.0473822988569736,-1.9196368,0.09202471,1.3557682,-0.24530104,3.4897373,-3.9244819,-0.6208562,-3.7412481
-0.1300638318061828,-4.4862213,4.3149133,3.3698218,1.7099992,0.88480884,-0.8667568,-2.1971574,-2.1609983
0.0656207129359245,-0.54917413,0.9808049,4.3717813,-2.454343,1.7071391,-4.2488875,-0.20043683,-1.3162214
-0.0022804823238402,-2.1991723,1.1874747,1.197337,-4.3791695,3.0770779,-0.019297926,-2.010249,-2.9428365
-0.0545759610831737,-2.2944195,2.6888554,1.9929293,-1.1713982,0.47862712,-2.0272908,-4.157269,-2.1587613
0.0671501085162162,-1.7870363,-0.17561005,1.419072,-0.9210273,3.7246864,-3.8655093,-0.6603455,-4.2657213
-0.0959972813725471,-2.1611068,3.4240966,1.1837491,-1.4947649,0.20250824,-2.70839,-4.776531,-1.8370724
-0.0868644267320633,-4.3122416,3.9117281,3.875067,1.0939155,0.7249821,-0.3637824,-2.1868877,-2.4380314
-0.192065879702568,-2.036484,3.6515987,0.7298343,-0.7974102,1.980473,-2.366599,-3.8541062,-0.5407561
-0.0006155604496598,-2.384912,1.28648,1.5769622,-4.052017,3.6067326,-0.09778143,-1.9858878,-3.3288434
-0.0929793044924736,-2.7938411,3.3234284,1.8505448,-1.3568435,0.29358566,-1.9328896,-3.982286,-0.8671251
-0.0500786714255809,-2.4357219,1.7862977,1.3323157,-3.732786,3.173815,0.27193916,-2.1145105,-2.740981
-0.1211784034967422,-3.4729602,3.3907347,2.7255955,-1.1487137,0.07272211,-0.493734,-2.4546845,-2.5589797
-0.0400668606162071,-2.4030426,2.9315913,1.5094332,-1.0971081,0.3725363,-2.4937477,-4.448503,-1.9033036
0.0750158056616783,-0.6134995,1.2373182,4.3761153,-2.884931,1.5584006,-4.292185,-0.27132016,-1.6872052
-0.0926253348588943,-4.1429305,4.1085825,3.1210032,0.4858477,0.57974255,-0.37323248,-1.990536,-2.2024755
0.1029911488294601,-1.2283895,-0.19543618,1.7356789,-1.0039338,3.542468,-4.340003,-0.5960146,-3.6037602
-0.1185351908206939,-1.938619,3.4846344,-0.13541453,-4.003382,1.6664761,-3.570188,-1.3783474,0.14448819
-0.0964546129107475,-4.1317544,3.9348865,3.4497867,1.8512564,0.8146376,-0.64153874,-2.3264375,-2.176715
-0.0563220754265785,-2.9639776,2.8594286,2.3194184,-1.0749689,0.39770955,-1.3606544,-4.0399265,-1.182747
0.0827023163437843,-2.1075826,-0.044529606,1.0098403,-0.49509555,3.8780239,-3.6008363,-0.82114166,-3.5055988
-0.1574869006872177,-0.8445308,5.315407,-1.7471952,-2.7543604,3.289919,-3.829486,0.22763646,0.19491425
-0.0397727563977241,-3.9936876,3.5975423,3.6029925,0.20016451,0.27234343,-0.16369908,-2.0116696,-2.3518674
0.0572327226400375,-0.96783334,0.17550275,2.338912,-1.965095,1.8768154,-4.147195,-0.08421104,-2.9783695
-0.1665367931127548,-2.531207,3.3491151,-0.14180598,-4.2944765,1.6411374,-3.9598088,-1.3116466,0.5658309
0.0819433778524398,-0.6599513,0.93905455,5.0765967,-2.8603392,1.4445131,-3.7617059,-0.06613898,-1.1285334
0.1222615763545036,-1.4007007,0.10083835,1.5521654,-0.6935579,3.7010696,-3.8586285,-0.9489372,-3.376498
-0.2742655277252197,-2.0139885,3.9011474,-0.39854088,-3.545074,2.1294203,-4.029068,-1.076998,0.9213715
-0.172516331076622,-1.79128,5.3830724,-1.12871,-1.1017451,3.7594059,-3.2945735,-0.16383329,-0.26796126
0.084412008523941,-1.8856572,-0.26318207,1.323015,-0.75721025,3.531426,-4.354427,-0.7127617,-3.9862573
0.1290415376424789,-0.59302753,0.51300806,4.1274085,-1.9093943,2.2111242,-4.580925,-0.28395736,-1.9747508
-0.1750629246234893,-1.2426851,4.8400126,0.18801521,-1.9030505,3.1812994,-3.6360862,-2.4159098,0.1344721
-0.0004398273595143,-2.1157265,1.3673638,1.2823112,-4.5561643,3.4365604,0.08636293,-1.9776404,-2.9403524
0.0550483912229537,-1.5818702,0.052320316,1.6774018,-0.9459639,3.7319117,-3.9484816,-0.9435795,-3.4038596
0.0538513474166393,-1.3284705,1.1378126,4.863982,-3.2599833,1.8736919,-2.6661117,0.13236183,-1.4282175
-0.0025146068073809,-3.6895654,2.5701895,2.2647927,-4.2763267,2.101446,0.60437566,1.076185,-2.2001307
0.1024073511362075,-2.0062625,0.009156033,1.318026,-0.29965782,3.7496223,-4.2279735,-0.7010343,-3.8685513
-0.0677996203303337,-4.214723,3.6349523,3.6754425,0.46549782,0.46622565,-0.2863425,-2.2647507,-2.114726
-0.0718694925308227,-4.1063895,3.8087401,3.4746668,0.07164485,0.57625616,-0.17705268,-2.6365128,-2.5242343
-0.0514691583812236,-4.0432067,3.6782181,3.6072042,0.17914811,0.6269535,-0.08729662,-2.3874252,-2.3583636
-0.3218151926994324,-1.8230406,3.6037817,0.6221698,-3.5590236,1.9725401,-4.05369,-2.0053394,0.027252782
-0.2147295475006103,-2.425724,3.6124446,-0.32046103,-3.7016788,1.4787686,-4.0098968,-1.6930906,0.8829383
0.054089605808258,-1.3633499,1.2227846,4.838149,-3.4314394,1.3026612,-2.7119756,0.43527478,-1.4171892
-0.0924095511436462,-2.6353765,3.2814155,1.9369389,-1.3348763,0.57986426,-2.2649388,-3.8130867,-0.9040232
0.0844036638736724,-0.7852269,1.1158881,5.2787066,-3.100279,1.0013087,-3.4319315,0.25635302,-1.066477
0.0,-4.2126374,2.888319,2.2666364,-3.9582586,2.0088615,0.8370415,1.3313622,-2.6225386
0.0986812189221382,-0.4874038,1.3113136,3.0788171,-1.6644641,1.4360492,-4.803821,-0.27535823,-2.0063508
0.1273344755172729,-2.0465806,-0.043088384,1.1876678,-0.8749205,3.4237893,-3.711247,-0.6833008,-3.7089684
-0.0688937455415725,-3.5051258,3.2720299,2.93974,-0.3523476,0.48043048,-0.4719357,-2.8919656,-2.3088646
-0.0739728882908821,-2.4803774,3.7986927,-0.005409575,-2.7208295,1.9925156,-3.5180902,-1.3612851,0.092441685
-0.0263833217322826,-3.06946,2.425803,-0.0021366477,-2.179243,1.4455776,-2.3079677,-2.8033674,-1.5509772
-0.0732369571924209,-3.5180004,2.8542562,3.0360184,-0.8561497,0.3142807,-0.4358786,-1.9602268,-2.549869
-0.0927694886922836,-2.4089768,3.2466059,1.3259853,-0.9502012,0.17375496,-2.3286865,-4.345478,-1.6790934
-0.1465833485126495,-1.1709492,4.9186306,-1.1210061,-3.9905837,3.220851,-3.616806,-0.5499306,0.94623804
-0.0944127142429351,-3.3287737,3.0448618,2.8563812,-0.03466717,0.23473254,-0.72280955,-3.353474,-1.9306346
0.0001757331192493,-2.3017716,1.1249275,1.6827856,-4.251976,3.3926287,-0.24911386,-1.9399381,-2.9839168
-0.0007935941684991,-2.004405,1.5767539,1.1674491,-4.7986426,3.4129603,-0.023249947,-1.6940322,-3.0097938
0.0918345004320144,-2.1250458,-0.057308365,1.1483046,-0.2524921,3.9499202,-4.147027,-0.8267527,-3.931036
-0.0010661820415407,-2.2101214,1.1121768,-0.17319107,-3.4487936,2.99345,-1.5900776,-2.5384161,-3.6549072
-0.0546687878668308,-3.5955505,2.9485357,3.5653408,-0.4523143,0.6182159,-0.17875136,-2.7040994,-2.221985
-0.0572867952287197,-3.159069,1.9798298,0.621742,-3.6824713,1.8712604,-0.13787797,-1.4873672,-2.5913408
0.0593397505581378,-0.20862818,0.8292835,4.9195085,-3.3531482,1.3165703,-4.075095,-0.012001902,-1.007422
0.0715456679463386,-0.5206808,1.1411865,3.57478,-2.3808756,1.3471408,-4.316841,-0.09349212,-2.1433887
-0.0265442691743373,-2.8813112,2.97874,2.510345,-0.77016324,-0.020647466,-1.1677147,-3.7308505,-1.8522637
0.0,-4.2439127,2.7817411,2.3287067,-4.1104465,2.0835335,0.8359089,1.2481849,-2.8908775
0.0746217668056488,-1.7393129,0.0048005134,1.4688201,-1.0520544,3.435565,-3.6000826,-0.8685034,-3.4816267
-0.0014423034153878,-3.8152955,2.8305795,2.891045,-4.385701,1.701913,0.3219172,0.6796012,-2.1820128
-0.0012362975394353,-2.525478,1.2783494,1.5802125,-4.2269783,3.599835,0.17580639,-1.7558451,-2.9381785
-0.0771942511200904,-2.7480764,2.4053237,0.62151086,-1.5606538,0.8061513,-2.6064723,-3.160285,-2.4023323
-0.052697516977787,-3.5915513,3.2923665,3.4161203,-0.40733975,0.23859075,-0.2504837,-2.8557277,-2.4401526
0.1005225479602813,-0.564635,0.7489384,4.472365,-2.3920846,1.5793424,-4.5874367,-0.32944834,-1.3955642
-0.0390340834856033,-2.9150155,2.5622036,2.9081593,-1.8439938,0.59983253,-0.2117386,-2.5474567,-2.257403
-0.0659206137061119,-4.192791,3.7239778,3.7582252,0.030390428,0.49976575,-0.39811087,-2.0492105,-2.1403782
0.0547827519476413,-0.587118,0.7378293,2.7880254,-2.1874657,1.7180123,-4.6473145,-0.2056439,-2.3616714
0.0751389637589454,-1.8571703,0.05189666,1.3357121,-1.0749087,3.9139774,-3.724229,-0.9223124,-3.3367827
-0.1706096231937408,-0.65586793,5.5016527,-1.7118144,-2.8530352,3.361827,-3.837066,0.29108277,0.117474504
0.0461838021874427,-2.3389368,-0.37681532,0.97544265,-0.29939765,3.7527912,-3.8242087,-0.33598927,-4.35245
-0.0892077013850212,-2.7605147,3.234291,1.9323382,-0.89774317,-0.04785015,-1.750864,-4.5795813,-1.6391054
0.0644448548555374,-0.3589276,0.8269548,5.4738398,-3.5793881,1.4367071,-3.6684635,0.11231586,-0.774126
-0.0010413710260763,-2.6292558,1.0550095,-0.24746692,-3.6251583,3.1227942,-1.5283065,-2.3981192,-3.7434692
0.0751333609223365,-0.4055843,0.7504693,5.371822,-2.819675,1.280369,-4.2288194,-0.003610935,-0.977537
-0.0529122799634933,-2.37832,3.0660741,1.8237385,-0.82928157,0.70072275,-1.6707066,-4.3912063,-1.8937826
-0.0873244479298591,-4.1145163,3.6856399,3.149695,-0.016307801,0.23090148,-0.5760195,-2.1158996,-2.2922459
-0.017154136672616,-2.38043,1.3912024,1.5415155,-4.0818725,3.6390157,-0.1365718,-1.4175295,-3.136172
-0.0755148977041244,-2.6620362,2.9230964,2.1435046,-1.0214123,-0.09196721,-1.930904,-4.4270353,-1.7222774
-0.0366227515041828,-3.2214544,2.7674117,2.822434,-1.4175873,0.294434,-0.19643068,-2.0987062,-1.8879834
0.0,-4.2669883,3.096534,1.9076929,-3.8037632,2.200335,0.6777928,1.564861,-2.735683
-0.0393748432397842,-4.30387,3.3334022,3.7661557,-0.05193504,0.85685587,-0.25662166,-2.4669049,-2.1338754
0.1707509756088256,-1.5275793,3.5264494,1.7687305,-0.6632515,0.46403572,-4.1740355,-0.14462864,-3.000734
-0.1982074528932571,-2.2641358,4.053781,-0.15516937,-1.5890651,1.7497113,-3.0376525,-2.2917235,-0.29954445
0.075696162879467,-0.46084544,0.8747122,5.4936295,-3.4910688,1.6632358,-3.583732,0.14456809,-0.96403927
-0.0004398273595143,-2.453054,0.9486566,-0.25081605,-3.3295188,3.1224225,-1.499393,-2.2018135,-3.8766632
-0.0008176579140126,-4.1784625,2.775027,2.4541588,-4.362689,2.1896377,0.6753378,1.305625,-2.7310307
0.0,-2.4214122,1.2214473,1.420097,-4.5121775,3.4595964,0.052395336,-1.897005,-3.0612164
0.0924079567193985,-2.2522562,-0.3341484,1.4370627,-0.53723854,3.5118065,-4.0789504,-0.7013615,-4.272676
-0.123741291463375,-4.298287,3.8996017,3.8646362,0.91195947,0.5171352,-0.19212903,-2.041048,-2.215165
-0.0661394149065017,-3.71461,3.221086,3.0558362,-0.72925544,0.11738777,-0.48798075,-2.4092803,-2.6744869
-0.0898070707917213,-3.4248147,3.2981243,2.8499427,-1.0559751,0.17318225,-0.38821107,-2.1050782,-2.1473615
0.0865529850125312,-0.58860004,1.2065336,5.3396587,-3.131967,1.6190597,-3.9086244,0.06086991,-0.94018316
-0.0083091128617525,-2.603478,1.0262483,-0.044191398,-3.5470128,3.1128664,-1.3506085,-2.3896205,-3.8276732
0.0572611019015312,-0.6055438,1.0654756,5.1581755,-2.9851031,1.5674314,-3.323316,0.3315367,-1.0650487
0.0006155604496598,-4.218256,2.9300582,2.3215873,-3.8491867,2.2114694,0.749621,1.3624868,-2.559245
-0.0361320190131664,-3.2603781,2.9720774,2.6325765,-0.9961823,0.34876353,-0.49680793,-2.4468987,-2.3949223
-0.0436476208269596,-2.9479828,2.4145708,0.24606247,-2.3297985,1.3042592,-1.8936923,-2.7103148,-2.0420399
0.0534343458712101,-0.6598768,0.9883487,5.5306287,-2.5921507,1.5403243,-3.8880086,0.46406323,-1.0069405
-0.0657287091016769,-2.667646,3.011233,2.420763,-1.8368393,0.97331417,-0.6806247,-3.2240598,-1.6177971
0.0,-4.08957,2.9765177,2.4127002,-4.0468936,2.1805623,0.75584024,1.1439823,-2.7348263
-0.0373524315655231,-3.1114414,2.6295714,2.7401423,-1.1215321,0.56317115,-0.27147493,-2.5722873,-1.9935548
0.0995959267020225,-2.177465,-0.12641566,1.2829082,-0.47730047,3.76851,-3.9418314,-0.8528386,-3.960168
-0.0773495286703109,-2.4606113,3.253596,1.3704093,-1.012448,0.022114992,-2.4133534,-4.4692726,-1.8358761
0.0511242449283599,-0.6136235,1.3828936,5.3386793,-2.9722636,1.5592818,-3.9644814,-0.016845345,-0.98645604
-0.0669374093413353,-3.9215004,3.698428,3.587763,-0.06465356,0.7104415,-0.07594086,-2.7909515,-2.3413088
0.0475782081484794,-1.9139403,0.09010792,1.6955817,-0.603912,3.5963552,-3.5705066,-0.82219344,-3.4254723
0.075279526412487,-0.5124631,1.0718502,4.964501,-3.1329396,1.1969801,-4.0661197,0.008484963,-1.063497
-0.058105893433094,-2.405387,2.5620363,0.95933336,-1.6930609,0.7620246,-2.6344683,-4.444965,-1.8545425
0.0798444300889968,-2.3680077,-0.192708,1.0530531,-0.58784,4.1500936,-4.3523903,-0.66082704,-3.8641455
0.0891414284706115,-1.2419313,-0.39094257,2.5421317,-1.2538129,3.0189388,-4.203602,-0.2195054,-3.4136913
0.1060541719198226,-2.1958113,-0.100833446,1.0078822,-0.5833063,3.681024,-4.2073636,-0.17145744,-4.3079057
0.0,-4.174973,2.7046995,2.3103075,-4.245471,2.2326424,0.8379624,1.1684563,-2.758482
0.048388548195362,-0.31139088,0.6136843,4.318738,-2.5154126,1.9371713,-3.9299567,-0.16008528,-1.5495831
-0.1732550710439682,-0.9866284,4.683472,0.012011853,-2.7651699,3.3433704,-3.7769752,-1.9390565,0.7254451
-0.0825145617127418,-4.15036,3.249081,3.5027254,0.17668045,0.08932948,-0.33980787,-2.106435,-2.3853922
0.0,-2.2960842,1.3975145,1.4399757,-4.018788,3.7234876,-0.26125768,-1.6152315,-2.9952471
0.0588817186653614,-2.1202698,-0.0748464,1.4088769,-0.36490265,3.6867056,-3.6024597,-0.9828839,-4.2981763
0.0099848732352256,-2.553351,1.403944,0.41152763,-3.6319742,2.6174967,-0.11079775,-1.0954157,-3.0406733
0.0,-2.9604194,1.5318615,-0.7212133,-2.6524673,2.612982,-1.4474887,-1.6922503,-3.5571694
-0.1810899972915649,-1.788526,2.578761,0.75927925,-3.922246,1.9058194,-3.83347,-1.8655818,0.075947285
-0.051137801259756,-2.3073077,3.1892762,1.2894738,-0.9540093,0.40728384,-2.8102052,-4.439411,-1.743748
0.0,-2.4340684,1.566678,1.3615068,-4.207975,3.4188979,0.009539053,-1.7415819,-2.9953084
-0.0445251017808914,-2.9077456,2.5978513,2.8665106,-1.573717,0.5395429,-0.39465818,-2.7099793,-2.0830173
0.0,-2.411753,1.3023483,1.5496553,-4.602248,3.485287,-0.007947532,-1.575491,-3.1836874
-0.0688520669937133,-2.542604,3.1226308,1.5047938,-1.4043967,0.4842424,-2.4976835,-4.436146,-1.1807908
0.0980521440505981,-0.21223414,0.91143394,5.179925,-2.6162765,1.3529617,-4.1690755,0.21682805,-0.98580194
0.0634600669145584,-1.9858859,-0.30719158,1.3919469,-0.8458824,3.536528,-3.6874223,-0.68617386,-4.0172076
0.0867577865719795,-0.46254867,1.0035506,4.823283,-2.6542866,1.5451864,-4.234364,-0.22615653,-1.2915572
0.0813301429152488,-1.6967676,0.058496673,1.692959,-0.09260109,3.777245,-3.9185147,-0.5424524,-3.9303715
-0.0814967155456543,-2.4968739,3.3284118,1.9026487,-0.007211864,-0.017301742,-1.4051608,-4.043957,-1.8971044
-0.0009114888962358,-4.2478642,2.8385243,2.3763413,-3.0721185,0.9792504,0.5086731,0.10174904,-2.4396672
-0.0233120881021022,-4.385475,4.086433,3.4563658,0.7657816,0.5484213,-0.116045445,-2.1150212,-2.0367546
0.0430533774197101,-0.5186649,0.8332617,5.0757356,-3.0324264,1.5055902,-3.8993268,0.009589877,-1.2096543
-0.0478488095104694,-2.6698627,3.183885,1.6079268,-1.3810829,0.5796283,-2.2730966,-4.017512,-1.1581634
0.0735834911465644,-0.4617216,0.85835916,3.2100625,-2.0790787,1.782055,-4.220747,-0.10622464,-2.4088383
-0.073632039129734,-2.5825136,3.4506667,1.4662552,-1.7913442,0.78963906,-2.7475553,-4.6571345,-1.2695072
0.0001757331192493,-2.7254744,1.0939388,-0.1636133,-3.1614225,3.0221293,-1.5101644,-2.5748696,-3.7501097
-0.0026831659488379,-2.6351128,1.174611,-0.3761095,-3.6444023,3.042375,-1.3853061,-2.0238583,-3.8006496
0.0,-2.630901,0.98643947,-0.38097823,-3.3554916,3.147125,-1.4546586,-2.4762716,-3.8895748
-0.0473500750958919,-2.5058746,2.7909803,1.996552,-1.4065886,0.33080995,-1.5860789,-4.0210238,-1.3807883
-0.0565575584769248,-2.2901418,3.015097,1.0630745,-1.1538991,0.86976147,-2.5851963,-4.467501,-1.6725551
0.1452733725309372,-2.4535234,0.7198179,0.68888557,0.10166842,2.6759243,-4.026071,0.5252755,-3.9086568
0.0353544577956199,-2.373928,0.086335786,1.1221439,-0.60389936,3.994673,-3.926032,-0.82604676,-4.5431166
-0.0413818545639514,-2.570245,3.3497603,1.4989481,-1.6120299,0.40185708,-2.587804,-4.320261,-1.4221512
-0.0755062103271484,-2.0316203,3.560054,1.2811494,-0.87154895,0.3031874,-2.9203787,-4.508736,-1.5246862
0.0877663567662239,-0.4681408,0.9265678,4.4768906,-2.544997,1.3434814,-4.7978125,-0.43142712,-1.461797
-0.0730525702238082,-2.4321113,2.6736636,0.9534439,-1.1891408,0.6064802,-2.7700644,-4.3330555,-1.781684
0.0705302879214286,-1.4224849,-0.27825406,1.6310992,-0.86709857,3.0673754,-3.7262824,-0.7793719,-4.086451
-0.086193598806858,-2.6706386,3.1525676,1.4846089,-1.3393387,0.46680182,-2.900441,-4.629868,-0.81038743
-0.0418513938784599,-2.4464664,3.1741493,1.4941889,-1.350719,0.43295747,-2.689112,-4.3865643,-1.2130829
-0.0046470523811876,-2.6182208,2.0913444,1.7948892,-2.707842,1.9595617,-0.7870477,-2.6703904,-2.8176377
0.0969680026173591,-0.5017157,1.1829852,5.0340247,-2.5883832,1.343277,-4.5404897,-0.18673994,-1.1632398
-0.0645062699913978,-3.5824726,3.3937135,3.0846045,-0.5265229,0.47074777,-0.43037632,-2.3755984,-2.5441647
0.0904979556798935,-2.003536,-0.3139125,1.151362,-0.12045804,3.3624141,-4.1049376,-0.6991657,-4.3191175
-0.046194665133953,-4.3796406,3.2123091,2.010465,-2.028551,1.4544108,0.8545782,0.15920492,-2.9414644
0.0467174090445041,-1.313036,1.0892522,4.726644,-3.4603066,1.508362,-2.5315032,0.20202237,-1.4776236
0.0,-4.0369673,2.816819,2.360153,-4.057517,2.4043584,0.833441,1.2058482,-2.8707616
-0.0600217208266258,-2.2816043,3.2104902,1.4870402,-0.9050079,0.3455782,-2.7355022,-4.393067,-1.8258013
0.0806750431656837,-0.36031085,1.1195138,4.971313,-2.9695318,1.2369611,-3.9699233,-0.04112327,-1.2290318
-0.0965250506997108,-1.3612309,5.0139294,-0.32513827,-1.257558,4.386751,-3.5193708,-0.6537984,0.14070126
-0.0039224405772984,-1.958279,1.0937387,1.4606018,-4.4619756,3.24294,-0.15429854,-1.7667056,-2.939942
-0.0930458307266235,-4.245654,4.1077867,3.3908904,0.6054312,0.24521968,-0.63461787,-2.2634046,-2.1315024
0.0001757331192493,-3.8222492,2.9206367,2.2181764,-4.3950906,2.344412,0.43740457,1.401041,-2.8552694
0.0636066272854805,-1.413955,-0.16414118,1.5074131,-0.69989985,3.7157207,-3.4293144,-0.7968633,-3.6033788
0.0,-2.4403012,1.3359845,1.572964,-4.26391,3.4184864,0.11013112,-1.7375562,-2.754232
-0.0038025474641472,-2.1400034,1.1645458,1.3569584,-3.8717585,3.4804034,-0.40533933,-1.8344203,-2.5222821
-0.0002485241857357,-2.985128,1.8893238,-0.4377985,-2.18383,2.041444,-1.6805203,-1.7864577,-3.164619
-0.0938232913613319,-2.080428,3.3288608,1.3498689,-1.3055599,0.06112372,-2.717212,-4.573647,-1.529364
-0.1577629894018173,-2.6174345,4.0539584,0.82488465,0.28232113,1.955504,-2.5664597,-2.7761614,-0.38581043
-0.0404912009835243,-2.8269691,3.068151,2.6706061,-1.2586753,0.3284607,-0.8693548,-3.482596,-2.441316
0.0627953857183456,-0.56199664,1.226437,4.663388,-2.1830413,1.2572242,-4.011651,0.06727544,-1.357081
0.0610480681061744,-0.63518023,0.50973815,4.1820984,-2.6169355,1.8136767,-4.5617228,-0.33594856,-1.8797536
0.0603349395096302,-2.4733217,0.011730183,1.0471739,-0.69515944,4.3101425,-3.963724,-1.0995238,-3.7044032
0.0276538897305727,-2.849277,1.466803,-0.51875716,-2.8762112,2.7704558,-1.5525819,-1.9537241,-3.6000082
0.068757988512516,-2.1236365,-0.1137056,1.2501948,-0.8885082,3.9410338,-3.648034,-0.49988544,-4.1642957
-0.0512362495064735,-3.0869856,3.1895072,2.229926,-1.1956964,0.488688,-1.2755601,-3.6712937,-1.2192751
-0.0928119495511055,-2.3658752,2.911289,1.3113389,-1.2825018,0.121167295,-2.781305,-4.5629597,-1.9308739
0.0001757331192493,-2.4720266,1.0201354,-0.28201866,-3.5993507,3.4244523,-1.4691727,-2.1654177,-3.778778
-0.0520937480032444,-3.4760396,2.9900918,2.9604793,-0.7255774,0.42800927,-0.48243335,-1.8816514,-2.4927354
-0.2077668458223343,-0.5624586,5.519862,-1.7066393,-2.9202719,3.8253515,-4.0851984,0.3659177,0.24656896
0.0015323497354984,-3.9102557,2.6106932,2.4194944,-3.9390872,2.469779,0.55102515,1.1708026,-2.6842244
0.091425597667694,-0.52010995,1.1290274,3.3714263,-2.1578486,1.9534986,-4.6693053,-0.04816857,-1.9859459
-0.0348513796925544,-2.14435,2.9839914,1.2819327,-1.2281561,0.12891011,-2.5856616,-4.9654384,-1.818425
0.041457787156105,-0.6810623,0.8603851,4.387758,-2.0284915,1.7415088,-4.172547,-0.070963636,-1.4904838
0.0533559434115886,-0.58246934,0.70431286,4.906169,-2.73169,1.7876469,-3.858349,-0.06396779,-1.1369138
-0.1017483845353126,-3.3285434,3.3275054,2.4042864,-0.48704743,0.38299617,-0.8470838,-3.357271,-1.6501172
0.1049085259437561,-1.7943704,0.017919272,1.3762273,-0.21598865,3.951303,-4.4282174,-0.5988037,-3.9088972
-0.0831052958965301,-2.7551005,3.1458654,2.127334,-0.17872742,0.0720091,-1.71072,-3.8407323,-2.0494785
0.0964254364371299,-0.5351238,1.3035058,3.0924194,-1.494248,1.6555125,-5.023783,-0.2009533,-2.0078578
0.1917584389448166,-1.8702362,1.7895352,1.3442117,-0.2137566,1.0378053,-4.158089,0.67010826,-3.1760623
0.0562365874648094,-2.5528727,1.2899271,-0.16049635,-2.5307593,2.733643,-1.718999,-1.7270724,-3.6074824
-0.1242622286081314,-2.4718537,3.1679523,1.4374424,-1.6234038,0.4846641,-2.625825,-4.0359335,-1.526162
-0.1491196900606155,-2.1618278,3.512853,-0.73341966,-4.2241745,1.3164557,-3.8991299,-0.94459486,0.15030828
0.0,-2.667062,0.9235477,-0.20632826,-3.499257,3.2307284,-1.4724528,-2.4891658,-3.6756055
-0.0799182653427124,-3.237647,2.806467,3.0206974,-0.88190675,0.4520192,-0.39547125,-2.3579922,-2.5632694
0.2584843039512634,-1.4956319,4.1436353,0.9519356,-1.1240213,-0.6497139,-4.0594683,0.81153595,-2.7060275
0.0726615414023399,-0.3846208,1.1909252,4.9232845,-3.3259842,1.22263,-4.3090243,0.13619065,-1.1784656
-0.0703881010413169,-4.310553,3.4034164,3.4659243,-0.076334804,0.5244139,-0.39149332,-2.0089884,-2.2091153
0.0001757331192493,-4.060132,2.4384158,2.085278,-3.7753878,2.303822,0.9172915,1.1805,-2.7156014
-0.0005190677475184,-2.6211317,0.6950048,-0.46190405,-3.3478324,2.8739898,-1.3698726,-2.3528848,-3.6682038
0.0001757331192493,-4.145568,2.7213461,2.2772756,-3.8885489,2.068088,0.84434366,1.1459917,-3.0529065
0.0011221152963116,-2.773783,0.95507157,-0.7376244,-2.846002,2.9969952,-1.4788325,-1.7748194,-3.4873056
-0.001766453962773,-3.9616992,2.7013428,2.2329545,-4.0860815,2.0478776,0.7031822,1.1498185,-2.9718316
0.0966624766588211,-1.2462077,-0.090339705,1.8554308,-0.22203398,3.4993258,-4.3647118,-0.63944054,-3.7638097
0.0986456796526908,-0.31616688,1.0817773,4.7199726,-2.577341,1.5395886,-4.356406,-0.15058945,-1.3147314
0.1006195247173309,-2.2775075,-0.26234093,1.706636,-0.50092,3.8703945,-3.5547035,-0.99070895,-3.417793
-0.00923459418118,-2.414818,1.3561456,1.6702342,-4.14475,3.0374804,-0.22784784,-2.0149791,-2.9184923
-0.0883709713816642,-2.2347631,2.7857363,1.722421,-1.0159371,0.28260794,-2.606958,-4.197321,-1.5864757
0.2030294984579086,-1.5311066,3.9164598,1.164655,-0.64841115,-0.75173753,-4.236932,0.61181796,-2.648728
-0.0710167363286018,-3.0232422,3.0126002,1.8795516,-1.1891571,0.37474853,-1.784174,-3.9244556,-1.260972
0.0001757331192493,-4.130324,2.7896233,2.3049893,-4.011214,2.1102505,0.5196658,1.3220745,-2.925567
-0.0057621086016297,-1.9741868,1.2121302,1.2298468,-4.391362,3.3273778,-0.20293668,-1.5407107,-3.0430284
0.0443642176687717,-0.63622373,0.72958875,4.3573694,-2.7336192,1.4148794,-4.045006,-0.30746096,-1.5670029
0.0763404443860054,-0.6547104,0.79848003,5.116388,-2.6709304,1.1828965,-3.9446561,0.08704735,-0.85841596
-0.1223918348550796,-4.119307,3.4583073,3.5559165,-0.0065760016,0.5352905,-0.3013398,-2.755687,-1.8884708
0.0,-2.2263997,1.2019151,1.5273124,-4.3802395,3.2880964,0.18119068,-1.8714089,-3.2351046
0.0,-2.2856512,1.3097996,1.7402036,-3.9600532,3.576622,-0.1492931,-1.8952558,-3.1470559
0.0,-2.4747818,1.4615425,1.5574607,-4.5562544,3.6705081,0.10613027,-1.8460778,-2.932074
-0.20180045068264,-2.3325524,3.1526914,0.62153083,-3.464222,2.0253966,-3.6959383,-2.1839252,0.2160573
0.0982427895069122,-2.2339015,0.009146303,1.1906314,-0.34263858,3.6885836,-4.0182176,-0.30279106,-3.9444845
-0.0712525248527526,-3.34693,2.6730988,2.794635,-1.4651653,0.6942338,-0.45066667,-2.507661,-1.9179503
0.0773066207766532,-0.62748283,0.5533793,2.9353046,-1.7587463,2.036268,-4.392438,-0.48041946,-2.425268
0.0892708972096443,-0.55146176,0.9280491,4.0310917,-2.1100008,1.8262306,-4.41939,-0.51986814,-1.6838286
-0.0668897703289985,-3.1750133,3.7364182,-0.0022387095,-2.6195884,1.421831,-3.0775661,-1.3032466,-0.14324461
0.1307689547538757,-0.5616471,0.64904803,3.6389987,-2.0680776,1.9917201,-4.5381618,-0.28814632,-1.881292
0.05979660525918,-0.691638,1.4917942,4.7299094,-2.5449276,1.4757061,-4.057016,0.08966918,-1.5296524
-0.0472390353679657,-2.6687245,3.0627182,1.1952202,-1.5523759,0.70606565,-2.6168683,-4.0901055,-1.3539548
-0.0951795727014541,-4.1976657,3.6768072,3.4315124,0.4736552,0.20549971,-0.6573838,-2.0936096,-2.1792746
-0.0004398273595143,-2.381195,1.331005,0.45260078,-4.114472,2.8529813,-0.16131777,-0.9404211,-2.9695387
0.0554737485945224,-0.77065957,0.874718,4.077535,-2.4312744,1.086978,-4.3981366,-0.20845027,-1.7221296
-0.0107841258868575,-4.249179,2.5080686,2.1290114,-4.296184,2.2022495,0.86536616,1.2666552,-2.6015494
0.0947732627391815,-0.5711985,1.4805328,5.184724,-2.5425868,1.0756445,-4.4795065,0.11415087,-1.0537754
-0.192491203546524,-0.8214072,4.973602,-1.5542715,-3.671918,3.6614919,-4.0373197,-0.3907504,0.93424535
-0.0674230605363845,-4.23424,3.4855828,4.0242043,0.06360768,0.63229764,-0.1566321,-2.2026863,-2.62042
0.0,-4.1967773,2.8599148,2.3033063,-4.206174,2.0523033,0.6376021,1.2035128,-2.9247904
0.0,-3.9610755,2.6488142,2.2892554,-4.2330394,2.063963,0.7104371,1.1410016,-2.8036916
-0.0369859561324119,-2.5764747,1.4210342,1.5410041,-3.5915618,3.1303177,0.14741191,-1.7564297,-3.2008202
0.0945258066058158,-0.7018685,0.36706695,3.477811,-1.9123776,2.1142776,-3.9527786,-0.35105094,-2.3938909
0.0999572649598121,-2.1270337,-0.37700438,1.4269447,-0.55445373,3.7329156,-4.261096,-0.72386676,-4.1903086
-0.043511152267456,-2.4691412,3.1664226,1.4358915,-1.261889,0.7957933,-2.6732733,-4.3560357,-1.2095774
0.1253159195184707,-0.7042239,0.88488656,5.201228,-2.8473115,1.584471,-3.933534,0.35248303,-0.58305377
0.0871039181947708,-0.42105055,1.0588262,4.561283,-2.6293542,1.1794595,-4.4586706,-0.15945333,-1.4727578
0.2747945487499237,-1.7759972,4.4894648,1.0449473,-1.2148762,-0.46173626,-3.8660212,0.4212052,-1.8657261
-0.0368527546525001,-2.743923,3.343363,1.3287102,-1.3742545,0.6677307,-2.4521227,-4.6950455,-1.0624477
0.0560814067721366,-0.6261993,0.89447653,5.6020784,-3.6889114,1.3146966,-3.6111078,0.3053518,-0.69472045
-0.0960443541407585,-4.4161897,4.2244787,3.745757,1.0290817,0.7388366,-0.54456586,-2.344921,-2.288587
-0.0058875721879303,-3.081825,3.3917098,0.82285595,-3.0481086,1.548808,-2.9286041,-2.0526097,-0.14125545
-0.1302097141742706,-3.010586,3.9486048,1.5431738,0.22254115,1.4637535,-2.1716237,-2.8448386,-0.8929896
-0.001649072044529,-2.4179308,1.2574894,1.5776479,-4.323356,3.5563767,-0.06500657,-1.7102846,-3.161101
-0.0937622338533401,-2.6203997,3.1886022,1.8722862,-1.2608559,0.19537635,-2.2115827,-3.76376,-1.1504903
0.096863254904747,-2.1863997,-0.0336843,1.0997006,-0.83252174,3.7597106,-4.1866193,-0.6857405,-3.5434515
-0.084950566291809,-2.7109544,3.1394966,2.0026793,-1.3326019,0.47012374,-1.5575074,-3.919984,-1.319243
-0.0630918443202972,-2.1699567,2.7622595,1.1458623,-1.308683,-0.05785626,-2.3735223,-4.3174944,-1.9747376
-0.0528522245585918,-2.4893606,2.5595517,1.0434567,-1.7989463,0.60663074,-2.554694,-4.348326,-1.9880165
0.0,-2.650043,0.86143893,-0.21218143,-3.4790533,3.0285938,-1.3381184,-2.4440222,-3.6273236
-0.065163604915142,-2.5215456,3.1412864,1.7577618,-1.5874567,0.49917212,-2.3920958,-4.1113286,-1.1365266
-0.066934123635292,-2.5589652,3.1845067,1.5775287,-1.5665737,0.5833819,-2.4121163,-4.1923575,-1.0121945
0.0822186395525932,-1.8229375,-0.19083372,1.4256661,-0.092336625,3.9779506,-3.957259,-0.8431648,-3.9595978
-0.0878601893782615,-2.8342178,3.0668962,2.2440183,-1.2050927,0.5096647,-1.4620105,-4.1544337,-1.135963
0.0888375341892242,-2.1595426,-0.2658406,1.2700912,-0.3728453,3.5672102,-4.188888,-0.40037048,-4.220492
-0.1357848197221756,-2.7939086,3.726645,1.1459525,0.40857035,1.013924,-2.5266924,-3.4552162,-1.0463804
-0.0430180467665195,-4.283442,3.8430505,3.6861768,0.012440711,0.30847105,-0.20300803,-1.9649842,-2.3526137
0.0,-4.2913857,2.7545488,2.1765468,-4.404384,2.351909,0.6571971,1.140577,-2.7530022
0.0,-2.392482,1.4439518,1.5636824,-4.1950088,3.6307056,-0.078148864,-1.7960327,-3.298429
-0.0007340727024711,-2.1037362,1.4397002,1.17891,-4.3433003,3.167084,-0.23179464,-1.8359756,-2.781948
-0.0773140266537666,-2.362653,3.2878418,2.0121558,-1.3532091,0.45695445,-2.3731942,-4.3390126,-1.1314694
0.1020033955574035,-1.899497,-0.33577868,1.3265203,-0.6098329,3.8428864,-4.023477,-0.98913527,-4.188172
0.0499407052993774,-1.1248035,1.5222812,5.0678196,-3.5242102,1.6151594,-2.7084813,0.42759186,-1.5009042
-0.0447895638644695,-4.1815305,3.5216703,3.6588972,0.07204601,0.66266406,-0.35931593,-2.1495519,-2.2310545
0.0001757331192493,-2.4031148,1.1823176,-0.3186658,-3.271071,3.1462066,-1.3730155,-2.219749,-3.8564315
0.0939482897520065,-2.528776,0.6692146,-0.2806815,-1.5651379,2.8025415,-2.4194176,-1.0839882,-3.9412606
0.1001156121492385,-2.1937542,0.088929184,1.2723496,-0.75260884,3.4066017,-4.0473886,-0.8539597,-3.558861
-0.1203877255320549,-2.381782,3.034089,1.5936898,-1.0570112,-0.06723769,-2.1965454,-4.2808156,-1.864563
-0.0088548967614769,-2.9778335,1.3966473,0.8110103,-4.22703,2.9750352,-0.21103697,-0.93255514,-3.1121457
0.2558635473251343,-1.5323683,4.090507,1.3383119,-0.7034261,-0.65063095,-4.1784635,0.61344695,-2.3098395
-0.0010835347929969,-2.404447,1.5589422,1.692215,-4.0084577,3.7636316,0.102072075,-1.9125221,-3.2927036
-0.0830078199505806,-2.4336069,3.3188093,1.6041206,-1.2467389,0.59543735,-2.442489,-4.518627,-1.1534783
0.0984862372279167,-0.75949454,1.0333719,4.8755846,-2.6978738,1.4255517,-4.372204,-0.024608254,-0.87560767
-0.2330905646085739,-0.8246053,5.637449,-1.4962085,-2.5684986,3.2513084,-3.9249592,0.27384824,-0.20395589
-0.0774817019701004,-4.1480455,3.4853787,3.4797788,0.41775328,0.42809367,-0.5619563,-1.9991938,-2.2369845
-0.0064175305888056,-1.9387225,0.9739391,1.3239634,-4.730588,3.2866492,-0.122001275,-1.6767019,-2.925575
-0.1582923680543899,-0.7596699,5.4023466,-0.519471,-3.6182263,4.0108333,-4.141785,-0.87993217,0.97661227
0.0660872906446456,-1.3552921,-0.005866751,1.6139896,-0.7438062,3.49079,-4.125526,-0.6120009,-3.6078146
0.0923733934760093,-0.58437353,1.1814437,5.362307,-2.671063,1.4281749,-4.210183,-0.11953466,-0.6970274
0.0982006564736366,-0.44637185,1.0992334,5.4067435,-3.0229182,1.323936,-4.326678,0.020710163,-0.6767495
0.0872116312384605,-0.46217817,1.4491115,4.4869404,-2.5008543,1.01794,-4.7117896,-0.06695466,-1.1611371
-0.136300191283226,-2.2757406,5.4309897,-1.1983113,-0.5594528,3.6525137,-2.907584,-0.33044326,0.08514173
-0.0424639880657196,-2.752881,3.1741915,1.6232573,-1.2701633,0.2228907,-2.1884198,-3.919857,-1.3184991
0.0006155604496598,-2.8907874,1.4842875,-0.7141443,-2.7028394,2.8553212,-1.7135695,-1.4907417,-3.6943486
-0.173770010471344,-0.94947773,5.7713447,-1.0982718,-2.3802755,3.0774522,-3.8539598,0.071728036,-0.2167546
-0.0876848548650741,-3.7610898,3.1125278,3.0999484,-0.5020697,0.29217583,-0.56976736,-2.1419551,-2.3412273
0.0,-4.016368,2.7959733,2.1716397,-3.7991414,1.9065006,0.84553146,1.1804018,-2.835248
-0.0486175194382667,-2.7290516,2.870613,1.8386047,-1.0843335,0.26911676,-1.3525677,-4.319628,-1.9126503
0.0882363691926002,-0.70320266,0.8606834,2.463176,-1.7143346,1.8761003,-4.5867295,-0.27640903,-2.6416733
-0.0006732309120707,-1.9128879,1.2228763,1.2567823,-4.4559073,3.1749427,-0.3282802,-1.7639003,-2.88285
-0.1549274027347564,-2.3543289,3.5251899,-0.31787452,-4.1747594,1.4991096,-3.8350422,-1.3967308,0.77271324
-0.0071735233068466,-2.7732563,3.9995685,-0.008123592,-1.016079,1.9880883,-2.435125,-1.0568647,-0.6266676
-0.0130930822342634,-2.3948786,1.512171,1.5212822,-3.970361,3.3729897,0.06927958,-1.6961337,-3.329031
0.1004363223910331,-0.96831805,-0.30550635,2.382035,-1.20065,3.0442724,-4.388943,-0.39483368,-3.4921672
-0.0025367084890604,-2.6327229,1.4936128,0.8139425,-4.3819547,2.7468565,-0.32917863,-0.65321577,-2.8520048
-0.0002485241857357,-2.8722653,1.4201416,-0.7947163,-3.193236,2.8987274,-1.3757466,-1.6457952,-3.8076558
0.0124403098598122,-2.646687,1.3211769,0.3549165,-4.073459,2.5859187,0.015049711,-1.1815804,-3.0853708
-0.1827157884836197,-1.3057714,4.8977675,0.13162145,-1.5090721,2.975959,-3.441921,-2.3375423,0.22646517
-0.0904665812849998,-3.4149652,2.992455,2.5479255,-1.3219318,0.49394915,-0.52022934,-2.89707,-1.7720541
0.0479471422731876,-0.6948707,1.3690121,4.652435,-2.4838476,1.2213595,-3.8709455,-0.11491246,-1.3951018
-0.0089902514591813,-3.4914002,4.6618104,0.78897166,0.3645509,1.7489185,-1.8679318,-0.6450796,-1.5406473
-0.004140037111938,-2.5042489,1.4147458,1.3375763,-4.4362626,3.8804882,0.25167668,-1.7352117,-3.2588127
0.0522952266037464,-1.7309778,-0.3462729,1.6767936,-1.1230214,3.2438638,-3.7829978,-0.79661745,-3.8731124
0.0596843510866165,-1.0621269,-0.11323683,2.6421962,-1.453136,2.77941,-3.9323661,-0.546448,-3.185439
-0.1165577620267868,-2.602844,3.105474,1.9954277,-0.6116571,-0.21941532,-1.5211836,-4.2758026,-2.235558
-0.0480679906904697,-3.6865194,3.14467,3.149601,-0.8669253,0.43753633,-0.49999624,-2.206522,-2.516056
-0.0893483757972717,-3.025868,3.7926137,0.068471104,-3.1985304,2.022046,-3.587918,-1.5062164,0.14614958
0.0930048674345016,-2.210733,0.12920633,1.2111603,-0.19525644,3.658232,-4.1087384,-0.47431836,-4.0952425
-0.1854751408100128,-1.0247922,5.3234873,-1.6464555,-3.2241154,3.1382394,-4.18344,0.10313036,0.36597136
-0.0756707936525344,-3.02802,3.2574515,2.2417374,-1.0985388,0.42233998,-1.2912868,-3.7679257,-1.2609495
0.0605749823153018,-1.8772922,-0.05135329,1.2878685,-0.9561599,3.7426355,-3.2750297,-1.0553088,-3.231175
0.055490419268608,-1.5506408,0.2295374,1.614847,-0.7572478,3.5206027,-3.8587599,-0.94964963,-3.508902
0.1994345933198928,-1.4867235,4.160744,1.2905556,-1.3588032,-0.77354276,-3.7069838,0.5335834,-2.2609665
0.0123244216665625,-2.6299915,1.2667608,0.3859884,-4.268011,2.7325368,-0.13757174,-0.98187834,-3.1019113
0.0863394886255264,-0.5534493,1.2437129,5.2909446,-3.0282722,1.0148827,-3.822493,0.37405014,-1.2353894
0.0752099007368087,-1.3892417,-0.21500461,2.2785637,-0.6097958,3.1812863,-4.0869646,-0.7976564,-3.2369308
0.0,-2.3759103,1.1193272,1.7280146,-4.320922,3.5236125,-0.10786814,-1.8443884,-3.061912
-0.1021841913461685,-1.5360587,5.373152,-0.596388,-2.0330756,4.3262043,-3.8594408,-0.18455356,0.9327407
0.0933743938803672,-0.8468918,0.33898598,3.316141,-2.3293977,2.6073675,-3.2871199,-0.1909373,-2.7294946
0.0502265691757202,-0.56286585,0.8707818,5.4495792,-3.287859,1.3178892,-3.8277078,0.2151768,-1.1193942
-0.0026632214430719,-4.2985783,2.9045367,2.1901736,-4.0829453,1.8967274,0.92342746,1.4016677,-2.950329
-0.0026727740187197,-4.1781497,2.8812475,2.158669,-4.194751,2.194354,0.63321626,1.2730213,-2.9221845
-0.0008006644784472,-4.435352,2.7547967,2.3724277,-4.0095897,1.9805768,0.9553096,1.1817557,-2.6242604
-0.0834360569715499,-2.8322117,3.162248,1.7082102,-1.2651589,0.3002222,-2.162752,-4.08525,-1.1595851
-0.0352797135710716,-4.385957,3.7402372,3.7684374,0.5679952,0.5810643,-0.36210668,-2.5121136,-2.2081296
-0.0798640996217727,-3.6397018,4.1982026,1.7097635,0.6340225,1.4739258,-0.8563271,-1.0286483,-2.2938058
-0.0411305055022239,-4.162191,3.3360922,3.6267636,0.19181585,0.55700976,-0.3168233,-2.286102,-2.440576
0.0766030773520469,-2.2436283,0.11543189,0.92793316,-0.9001147,3.4159448,-3.9739199,-0.72769153,-3.591416
-0.0006732309120707,-2.565693,0.9118281,-0.4297443,-3.3211982,3.2213984,-1.2921602,-2.132511,-3.882834
0.0,-4.1217837,2.7970862,2.2129354,-3.9748359,2.22308,0.6902435,1.329321,-2.9676678
-0.0525067672133445,-2.873656,2.492967,2.9295561,-1.8948115,0.90370655,-0.32670355,-2.177563,-2.1940377
-0.0376181453466415,-4.2086043,3.2025094,3.2976406,-0.06658057,0.16383666,-0.44409302,-2.3829129,-2.279453
-0.0015491059748455,-4.185373,3.152153,2.4518661,-4.035273,1.8675195,0.68056005,1.2948121,-2.8177812
-0.1122018545866012,-2.3100812,3.1348433,-0.09210567,-3.914306,1.7958542,-3.640943,-1.3678453,0.33993727
-0.1271158754825592,-2.4083805,3.41333,1.1509442,-1.1417751,0.7866004,-3.3513772,-3.7557888,-0.9416047
-0.0215620193630456,-2.2086172,1.3844734,1.2062092,-4.262048,3.1273236,-0.042514797,-1.7107717,-3.0053718
-0.0419245138764381,-3.1913233,2.7267425,2.9660678,-1.8960394,0.4207608,-0.3648759,-2.3242185,-2.1964164
0.0607489682734012,-0.63334024,1.1805512,5.128096,-2.7474334,1.4758486,-3.796143,-0.01758888,-0.9935281
0.0638504847884178,-2.1250858,-0.028438807,1.2681286,-0.84060323,3.812705,-3.7309725,-0.95464975,-3.9963546
-0.001789781730622,-1.983247,1.2578425,1.2663598,-4.1306205,3.5783815,-0.18973234,-1.9359632,-2.7318974
-0.1397552490234375,-3.4094234,4.789653,0.70636827,0.85124964,2.0564544,-1.709212,-1.3894644,-1.6961818
-0.0368216447532177,-2.3816996,2.8200002,1.4203616,-1.1371081,0.24015969,-2.4964483,-4.3807926,-1.8717694
0.0,-3.1393352,1.607465,-0.75894296,-2.6567001,2.5232563,-1.7021146,-1.4857092,-3.5764391
0.0,-2.847902,1.6762782,-0.5689226,-2.772669,2.932716,-1.2383989,-1.5253175,-3.9576743
-0.1272549778223037,-0.9492776,5.642005,-1.1615493,-1.6404407,4.4505935,-4.1578712,-0.37552747,0.05302897
-0.0348485335707664,-2.6918612,3.2584193,1.9021636,-1.6591591,0.46614605,-2.3208015,-4.219477,-1.1952697
0.0657888278365135,-2.0974376,-0.09949574,1.3704512,-0.7117501,3.8346043,-3.5484462,-1.073836,-3.2902973
0.0623893700540065,-0.8226536,1.1179802,4.9185624,-2.9682221,1.4790038,-3.753349,-0.25581717,-0.843932
0.0,-2.4463549,1.1932397,1.4289904,-4.369679,3.8774362,0.15906605,-1.5007432,-3.2397752
-0.0030599632300436,-4.1900616,2.668604,2.1922638,-4.1547885,2.2202773,0.6094704,1.3542979,-2.829393
0.0008705339860171,-2.9572573,1.3607295,-0.7133865,-3.0300522,3.2084768,-1.3316714,-1.5343105,-3.6640666
-0.0438143834471702,-4.3659024,3.7628098,3.6791418,0.051092066,0.58906335,-0.0019429028,-2.0616288,-2.4473643
0.0,-4.114545,2.6842089,2.3052197,-4.2417097,2.3496003,0.56593275,1.3269625,-2.7842007
-0.1238160729408264,-3.4586678,3.5279102,3.149555,0.036870707,0.19202456,-0.45491683,-2.9120967,-2.1583397
-0.0382178016006946,-2.2748919,3.1127763,1.0174074,-1.4858631,0.49688563,-2.6455257,-4.702269,-1.6196947
0.0,-2.2460198,1.0346998,1.5678291,-4.300408,3.5262964,-0.12909856,-1.8271077,-2.9703002
0.0,-2.7296278,1.7461922,-0.041714128,-2.8501449,2.4878178,-1.726625,-2.3617551,-3.6251223
-0.0647641718387603,-2.9922755,3.836909,-0.17948027,-3.4002554,1.8276758,-3.5401485,-1.2697358,0.60339403
-0.0493619590997695,-4.2376127,3.609658,3.7710786,0.2595654,0.47885722,-0.13280696,-1.9892642,-2.3345056
0.0751510709524154,-1.9196589,-0.12165292,1.4625623,-0.5630819,3.6897,-3.9587548,-0.827037,-4.075863
0.0,-4.0775585,2.7440116,2.6155813,-4.0420156,2.0201404,0.76062274,1.1760103,-2.4988797
0.0447256565093994,-2.0925262,-0.38249454,1.3292572,-0.32230887,3.5705218,-4.0931907,-0.87900794,-4.1159506
0.0528185367584228,-2.0849454,-0.35011086,1.0251485,-0.6856351,3.659877,-3.980656,-0.8212895,-4.0906796
-0.1663353741168975,-3.0797327,3.8787804,-0.29670486,-3.1736736,1.6614816,-3.3275332,-1.253225,-0.13555029
0.002880343934521,-4.1041455,2.9460268,2.1955528,-4.2287965,2.0722764,0.80135846,1.1924955,-2.666444
0.0493862554430961,-0.46478868,1.2238194,4.655692,-2.94647,1.1876919,-4.191544,0.14474797,-1.0619102
-0.1138263493776321,-2.2180753,3.530517,1.1240973,-0.8858997,0.35596797,-2.9944985,-4.0061765,-0.9222348
-0.0675731003284454,-2.4166112,2.9946253,1.7159201,-0.9110475,-0.119772576,-1.2984263,-4.039468,-2.12311
0.0583418048918247,-0.5696904,0.8987108,5.125116,-3.4873497,1.3316709,-4.1275177,0.44435486,-1.3954114
-0.0906391143798828,-3.8176146,3.2027974,3.217422,0.19740593,0.19714399,-0.43554285,-2.1912293,-2.2828534
0.0524044781923294,-0.5465065,1.105762,3.827881,-2.447084,1.0197617,-4.3726754,-0.20216623,-1.6635396
0.0508936457335948,-0.8920688,1.0292273,5.3394856,-3.181944,1.3220382,-3.945652,0.095348135,-0.8810514
0.043605662882328,-1.2032099,0.11497645,1.6612523,-2.08752,2.8610706,-3.266711,-0.73947716,-3.5249512
-0.0518483072519302,-4.1344643,3.6492465,3.6674635,-0.22646654,0.7172134,-0.27819282,-1.9934406,-2.3824534
-0.053041186183691,-2.6181903,2.7301562,0.8300067,-1.3014374,0.61718297,-2.323727,-3.8675032,-1.9451514
0.0,-4.1593657,3.0568302,2.4041853,-3.8499317,2.1949456,0.6820035,1.3285136,-3.009727
0.1263464093208313,-2.0027752,-0.43407947,1.4721569,-0.3551446,3.613245,-4.162846,-0.7897745,-3.6945436
-0.1222195923328399,-2.5532346,3.4343407,1.6948752,-1.3734343,0.6771537,-2.64635,-4.0122952,-0.8909602
0.057849071919918,-1.3169935,-0.23339015,1.3976797,-0.99358135,3.1680572,-3.8954027,-0.74232036,-3.6009557
0.0716915503144264,-1.641415,-0.25102878,1.360826,-0.80488986,3.6955051,-4.0457845,-0.75422835,-3.9455657
-0.0374220572412014,-2.153573,2.7716427,1.1630408,-1.2842479,0.089867964,-2.5569706,-4.5128384,-2.0044217
-0.0011660699965432,-4.2609053,2.6635375,2.191373,-4.2021856,1.9767755,0.7985266,1.3412062,-2.9422014
0.2375050783157348,-0.80344146,4.133121,1.5895333,-1.885048,-0.287838,-3.953495,-0.5169567,-2.637722
0.1032932251691818,-0.63713896,0.7095382,3.7979116,-2.1249921,2.1055481,-4.7675185,-0.26492703,-1.6256489
-0.0608309842646122,-3.1891844,2.8358996,2.9014213,-2.1053767,0.64419144,-0.37436393,-2.1445096,-2.0391622
-0.0617140159010887,-2.3858354,3.1027412,1.7690417,-1.1076233,0.073289335,-1.7296487,-4.0384107,-2.2995346
-0.0711894333362579,-4.3463955,4.136799,3.662852,0.9637637,0.89060634,-0.2991159,-2.118386,-2.5766478
0.088041752576828,-1.9208138,0.0114314435,1.3787059,-0.39977974,3.802391,-3.6485317,-0.87906015,-3.129907
-0.1266311407089233,-2.7660923,4.015162,1.5113486,0.53670704,1.0796578,-2.3289716,-3.5754611,-1.2581638
-0.0931902304291725,-3.8225224,4.047794,3.5093887,0.16301847,0.16566813,-0.39451864,-2.8448908,-2.223539
-0.18671615421772,-2.4092307,4.4155645,0.008523685,-1.0708648,1.3334595,-2.7176104,-2.628985,-0.52014637
-0.05906293541193,-4.325044,3.6695566,3.8758733,0.21318762,0.5689994,-0.20882317,-2.18369,-2.3574104
-0.0492600575089454,-4.2317257,3.8691611,3.7334335,0.241476,0.72019726,-0.15890162,-2.0987659,-2.4926023
0.0001757331192493,-4.0743403,2.916852,2.3116827,-3.9984488,1.8910909,0.6784845,1.239502,-2.7494688
-0.1835504472255706,-1.7244786,5.3308067,-1.0717784,-1.7588719,4.052538,-3.534774,-0.30940747,0.45739603
0.1266496926546096,-0.43972847,1.0342249,5.226423,-3.3698714,1.5582395,-3.7968695,0.26851726,-0.78429693
0.0,-4.123229,2.9167871,2.274096,-4.04252,2.2455852,0.73836726,1.4285412,-3.0284233
-0.062721386551857,-2.53442,3.3292165,1.3069175,-1.5341165,0.6718446,-2.6241527,-4.701325,-1.1241945
-0.0792659670114517,-2.999921,4.611536,1.3658602,0.6758005,1.0458666,-2.0858927,-3.0229058,-1.2052071
-0.0833185762166976,-3.6556041,3.2431517,3.316501,0.018306676,-0.1620423,-0.6068698,-3.1180892,-2.3678243
-0.0120418379083275,-3.8329644,5.0031886,1.8680161,1.9926534,1.5995613,-1.6116283,-2.1759858,-1.4650084
-0.1497704088687896,-2.995446,4.88623,0.99990344,1.7393292,2.5345838,-2.4638822,-1.8130649,-0.9777827
0.0190526582300663,-2.2338977,1.3085141,0.22705671,-4.254359,2.6229157,0.020877942,-1.1041253,-2.649095
-0.000714715803042,-4.001864,2.774055,2.5122797,-3.634253,1.2373189,0.74275804,0.367354,-2.3935506
-0.0787810087203979,-4.0382433,3.412294,3.4337206,0.10720178,0.46212882,-0.45589378,-2.6927042,-1.9000415
-0.0326354131102561,-2.5215669,1.5853181,1.6059117,-3.7427285,3.5162165,0.17042328,-1.5094565,-3.0592048
-0.082530565559864,-2.0144756,3.1422117,1.0258571,-1.3674589,0.2289227,-2.868915,-4.629566,-1.8199369
-0.0742232576012611,-4.3143272,4.078916,3.7088194,0.47244298,0.5463273,-0.4862436,-2.1697497,-2.2457855
-0.0820335894823074,-2.370601,3.2617724,0.583712,-3.1542304,1.9072412,-3.5976145,-2.2367876,0.068791315
0.0,-3.911682,2.8355095,2.2310462,-3.8598888,2.363804,0.51334906,1.2514055,-2.889802
0.055510725826025,-1.9746289,0.06544013,1.3246967,-0.13095191,3.5881283,-3.6636887,-0.6635859,-3.323076
0.0,-4.0574493,2.9864311,2.377301,-3.9282546,1.9974716,0.773369,1.3452411,-2.9977112
-0.0813447088003158,-2.9462707,2.3013837,0.89551055,-2.0753186,1.30678,-0.2585554,-2.1117394,-2.6625595
0.1257362216711044,-1.5595174,-0.2743391,1.6839004,-0.7743319,3.2859285,-3.9967961,-0.74925554,-3.9985573
-0.0739091634750366,-2.5368311,3.060187,2.2619224,-1.0932955,0.0014388561,-1.6988444,-4.3915167,-2.0244944
0.0553823113441467,-0.5423098,1.3722919,4.6437473,-2.7486744,1.3636441,-4.085947,-0.015606716,-1.2741483
0.0753905400633812,-0.47976923,1.4157906,5.2123747,-2.4683573,1.5278944,-4.199927,0.16861004,-1.0676003
-0.0006155604496598,-2.2716205,1.0121106,1.5915322,-4.4233017,3.7724388,0.19851583,-1.9858409,-3.0415542
0.180116519331932,-0.9106052,3.9118965,1.4788358,-1.4160292,-0.29588467,-3.888535,-0.23776807,-2.3758202
0.0557432360947132,-0.5720632,0.9546392,5.495262,-2.5327525,1.4509507,-4.01329,0.02799052,-1.2464033
-0.095899723470211,-3.7894404,3.2996197,3.3223321,-0.23075053,0.16562718,-0.30580425,-3.112989,-2.0473893
-0.0164748951792716,-2.9768157,3.5437346,2.2322793,0.23864353,0.0070416033,-1.7160842,-3.8998492,-1.6182668
0.0,-2.350306,0.83188635,1.52303,-4.35024,3.2473197,0.02516773,-1.8276393,-3.0617137
-0.0114606749266386,-3.6706522,5.0415454,2.295121,2.2060409,1.6624185,-1.6646907,-2.180087,-1.3973511
-0.1316674053668975,-4.193734,4.4378166,3.1125853,1.7852982,0.8812173,-1.0176638,-2.4256585,-2.1815872
-0.0003670363512355,-2.6231487,1.0451219,-0.12970053,-3.4966633,3.1774929,-1.6164296,-2.4084222,-4.0070114
-0.0937967449426651,-4.4516854,4.221631,3.4454951,1.273342,0.41791576,-0.5046048,-2.2556682,-2.2033267
0.0808694660663604,-1.4714062,-0.1257731,1.9014935,-0.8704421,3.3484814,-4.023177,-0.7153698,-3.7453747
0.0,-3.984549,2.815416,2.3103185,-3.8780456,2.4439673,0.5864305,1.3029687,-2.741591
-0.0929193422198295,-2.6526122,3.0247035,1.8133608,-1.3932157,0.4006689,-2.3018079,-3.8221803,-0.8966607
0.0580372586846351,-1.5200413,0.050454944,1.8691963,-0.9900768,3.1409516,-3.8821335,-0.6557588,-3.7058358
0.0006220098002813,-3.9630504,2.7464056,2.2167075,-4.143926,2.1912951,0.6140815,1.3013238,-2.8552368
0.0733006373047828,-1.3700715,0.16291103,1.6717253,-1.6024156,2.8686373,-3.144949,-0.84457695,-3.6959586
-0.1004041209816932,-3.0411828,3.4841068,2.12231,-0.8392648,0.40897197,-1.3767221,-3.2558393,-1.0269129
-0.053880725055933,-4.2771206,3.645058,3.7864025,-0.09560484,0.41855597,-0.11295789,-1.6681489,-2.1368408
-0.0358630344271659,-4.070186,3.5908802,3.7292304,-0.19503382,0.37491858,-0.19155061,-1.5754696,-2.1295152
-0.0833588168025016,-2.5723531,3.3664498,1.5800611,-1.1442872,0.10239196,-2.049821,-4.3069954,-1.8412473
0.0694556534290313,-2.5323417,0.00073394924,1.0018793,-0.6076714,3.896647,-4.2934313,-0.7955541,-3.7074769
-0.06794273853302,-2.555784,3.0472896,1.721627,-1.1359541,0.6136635,-1.8340108,-4.210029,-1.6517506
-0.1178114861249923,-2.4649184,2.9310403,1.2885115,-1.4006921,0.41147402,-2.7463367,-4.58799,-1.3742073
-0.0588569343090057,-2.645459,0.9143249,-0.002781421,-2.988246,2.9802296,-1.5441054,-2.4481122,-3.7787921
-0.1099022701382637,-3.8832228,4.7361813,2.132989,2.126558,1.4525272,-1.625518,-2.3734899,-1.8727584
0.0468664802610874,-0.7193244,1.0158967,5.0985217,-3.0942178,1.6194082,-3.850569,0.34120265,-1.2449856
0.0008982814615592,-2.757558,1.453131,-0.39878005,-2.9336305,2.60924,-1.3554592,-1.975691,-3.5032685
0.1020780429244041,-2.4380317,0.37611407,1.3374307,-0.57949156,3.8304102,-4.014703,-0.44739944,-3.6149607
-0.0781685784459114,-3.5986135,3.4281032,3.0388136,-0.28381494,0.5293273,-0.6163626,-3.051811,-2.0175343
0.0576558671891689,-0.56380796,0.5499511,2.5940366,-1.8138348,2.1716547,-4.3669033,-0.38196933,-2.6819153
-0.0183688830584287,-2.881366,3.6444428,2.3506114,0.236045,0.119399525,-1.1361222,-3.8333788,-2.0666733
0.0903985574841499,-0.47199717,0.9408235,5.454312,-2.5602524,1.3961167,-4.179538,0.14754605,-1.1079466
0.0926263481378555,-0.6917404,0.95976067,2.7445748,-1.711208,1.5556004,-4.432612,0.057758573,-2.6326969
0.0,-2.282731,1.5572473,1.7634315,-4.459563,3.9101458,-0.09587784,-1.6120756,-3.0560746
-0.091436468064785,-3.615723,3.104821,2.426276,-0.79335654,0.12521973,-0.823405,-2.9887054,-1.89074
0.0001757331192493,-2.7047362,1.0889106,-0.15255594,-3.357857,3.146808,-1.3253499,-2.3923228,-3.9686246
0.0493835769593715,-0.60374725,1.0559924,5.492621,-2.6699939,1.7522544,-3.7379212,0.235717,-0.8358746
-0.1258382648229599,-3.0825021,3.6106625,0.59134763,-2.2808983,2.0293732,-3.1845868,-2.0783587,-0.22295146
-0.088898666203022,-2.562111,2.9598622,1.4653742,-0.974681,0.12508397,-2.7411933,-4.4219203,-1.7206961
-0.0865072533488273,-4.045851,3.9788232,3.4535296,1.0590361,0.7655023,-0.19242308,-2.3057342,-2.3296144
-0.0561662167310714,-2.2443104,2.6953666,1.362443,-1.4150845,0.31272048,-2.6771705,-4.599795,-2.0257313
-0.001327053643763,-2.1457915,1.3188195,1.2012712,-4.6047535,3.295682,-0.00659357,-1.6415198,-3.3807707
-0.0695562958717346,-3.1205482,2.7665188,3.051444,-1.6811184,0.53031766,-0.55516577,-2.4900146,-2.0648146
0.0,-2.2155354,1.3777103,1.5743146,-4.22082,3.3794096,0.021583404,-1.5861835,-3.2326732
-0.0005661552422679,-2.689987,1.4885012,0.5620989,-4.5435877,2.6172748,0.105849504,-1.1228381,-3.0664592
-0.070728026330471,-2.5581403,3.1430433,1.7032657,-1.117207,0.24797201,-1.8863772,-4.4095197,-1.7721951
-0.0889371111989021,-2.235241,3.3669138,1.4748869,-0.8761936,0.28334144,-2.397835,-4.813394,-1.9042373
-0.0052330498583614,-2.6275604,1.0336465,-0.25784868,-3.2331798,3.4090157,-1.6806314,-2.322329,-3.858238
0.1281870454549789,-1.4202037,-0.22106634,2.28717,-0.5300954,3.3233848,-4.0185323,-0.7962587,-3.8109317
-0.1205803155899047,-3.1789558,2.6838837,2.799575,-1.671314,0.3958853,-0.38316053,-2.6093085,-2.0277503
0.083097755908966,-1.9887587,0.042243823,0.9971932,-0.57642543,3.9819772,-3.8891034,-0.7268665,-4.224614
-0.0528668016195297,-2.4406576,3.1890998,1.9446554,-1.3376898,0.3125895,-1.9068375,-3.822321,-1.1886271
0.0,-2.5966244,0.9662251,1.3566804,-4.497044,3.6169097,-0.18870372,-1.8862526,-3.2964098
-0.0001757331192493,-2.353696,0.99628466,1.5585262,-3.898656,3.3957436,-0.08195403,-1.7428567,-3.179969
-0.035717312246561,-4.031554,3.701206,3.6106358,-0.09475787,0.42660975,-0.29881474,-2.8230116,-2.236385
0.0554258003830909,-0.475271,1.2233835,5.351165,-2.6638312,1.5187024,-4.0191603,0.13674419,-0.8490222
0.0626570060849189,-2.1209953,-0.15604982,1.5078804,-1.0287358,3.6751149,-3.5381055,-1.0637096,-3.1925604
0.1282050609588623,-0.26359603,1.3611329,5.168655,-2.53012,1.6299382,-4.156943,-0.13645129,-0.9150575
-0.0418276488780975,-3.6352787,3.233508,3.2485647,-0.05234474,0.38036063,-0.29881823,-2.9805732,-1.9536349
-0.0800089910626411,-4.3585305,3.6807585,3.810489,0.2876743,0.7121951,-0.32984766,-2.490083,-2.1429906
0.0805042386054992,-0.66390604,1.6014242,4.5407662,-2.5313554,1.1339488,-4.5407143,0.17273161,-1.4337767
-0.0734307020902633,-2.4401464,3.443893,1.3158966,-0.9137392,0.5423783,-2.5945613,-4.796949,-1.5596653
0.0,-3.961102,2.9371295,2.1681776,-4.0727277,2.1703205,0.8352569,0.9551116,-2.5826273
-0.1340758502483368,-1.8979453,4.916425,-1.0620953,-1.2596211,3.799345,-3.1199586,-0.38341522,-0.030536741
0.0811763107776641,-0.5883184,0.6179099,5.379926,-3.368233,1.4569827,-3.7828422,0.24137607,-0.99152374
-0.0385048426687717,-2.8325608,2.6998158,2.4451997,-1.324623,0.5505157,-1.0190983,-3.8255656,-1.2221665
-0.1812909990549087,-2.3321557,3.2587605,0.6652329,-3.649875,2.1650379,-3.7818542,-1.9500482,0.607351
0.0974737033247947,-2.2423255,0.04924445,1.2198415,-0.64946544,3.8288324,-4.1565638,-0.8040551,-3.9532392
-0.0440142676234245,-2.5426173,3.1320536,1.430565,-1.2695936,0.5746434,-2.5744774,-4.3605566,-1.430748
0.0,-4.14566,2.6702945,2.3510325,-3.8260846,2.3011117,0.6818253,0.9708064,-2.889493
0.1265292912721634,-0.36848474,1.1646962,4.9332504,-2.4907851,1.3191147,-4.092991,0.0358327,-0.9618379
-0.0003111817932222,-2.3945742,1.0430496,-0.097589314,-3.334765,3.2586458,-1.4505969,-2.3581567,-3.8479552
-0.026138998568058,-2.494825,1.6361427,1.5404513,-3.898525,3.5104825,0.18367645,-1.6883249,-3.0517097
-0.0415425822138786,-3.0390394,2.9828558,2.9256613,-1.909781,0.39941463,-0.54609895,-2.1684537,-1.9569405
0.0031573663000017,-2.3979404,1.3567097,0.39054942,-3.351347,2.6756194,-0.57088363,-0.8680276,-3.4186447
-0.0297792125493288,-4.0153394,3.0458217,3.0012906,-1.3207288,0.39671636,-0.3580956,-0.82661104,-1.915869
-0.0937945321202278,-3.19842,3.0640416,2.801444,-0.87739277,0.17128289,-0.5452996,-2.5049624,-2.124843
-0.1137259304523468,-2.6485398,3.6164863,-0.06334887,-2.7269428,1.969898,-3.7562516,-1.4764615,-0.11205405
0.0699078813195228,-0.6351089,1.2782955,5.4208198,-2.923233,1.4360577,-3.8517923,0.54081905,-0.95502055
-0.0321088433265686,-2.9443002,2.821591,2.9397035,-1.5665712,0.5384865,-0.2428752,-2.6608937,-1.7220714
-0.0013900804333388,-2.2208056,1.4058228,1.7160407,-3.7927575,2.7426245,-0.55272573,-1.6130092,-2.2101767
-0.0667747482657432,-4.049073,3.2115319,3.5504315,-0.50265014,0.6546485,-0.08433153,-2.2891262,-2.3964016
0.0716919600963592,-0.32140756,0.70102125,4.4792905,-2.3454728,1.883817,-4.552964,-0.14890914,-1.4651719
-0.0460190325975418,-4.15074,3.664368,3.4553778,-0.06846465,0.45654142,-0.10601267,-2.1551564,-2.3094378
-0.0103437677025794,-2.804852,3.7117445,1.5309668,0.2410762,0.79949355,-1.8541033,-2.7762985,-0.85602474
0.0923988074064254,-0.47939664,1.2022467,5.3458962,-3.3536568,1.3245494,-4.0154924,-0.12579764,-0.8901047
-0.0586665086448192,-4.2755404,3.0302618,3.8113098,-0.032762766,0.54669255,-0.15847942,-2.353745,-2.1882515
0.0001757331192493,-2.554808,1.1309857,-0.26761252,-3.4009519,3.5262609,-1.4168304,-2.38404,-3.6667538
0.0451501086354255,-1.9830514,-0.40862796,1.3234586,-0.8416339,3.606249,-3.8880532,-0.70992315,-3.9760537
0.0008705339860171,-4.088896,2.9475753,2.161405,-4.157371,2.096898,0.7803963,1.1169888,-2.9997084
0.1031478717923164,-0.7476303,1.0059615,4.9803624,-3.2765532,1.4679093,-3.2214835,0.34834373,-1.4102845
-0.0882194712758064,-2.4210773,3.1019874,1.7249837,-1.3982307,0.46882322,-2.029714,-3.9388218,-1.1330298
-0.0446757785975933,-3.445824,3.1415706,3.211529,-0.7172246,0.61195815,-0.22520794,-2.7969182,-2.2020273
-0.0082419384270906,-2.266916,1.4598726,1.1604575,-4.5532436,3.2975407,0.06895752,-1.9323761,-2.9853933
-0.043785598129034,-2.6209252,2.5348444,1.9985199,-0.7351423,0.2308301,-1.5170909,-3.8794327,-2.2163246
0.0539501309394836,-0.4418591,1.1079594,4.8250265,-3.2221317,1.6949781,-3.7532518,0.02339347,-1.3490125
-0.0954081192612648,-2.3451693,3.2060895,1.4515747,-1.4331592,0.40218705,-2.5395386,-4.3689218,-1.0578378
-0.0035216407850384,-2.303883,1.2027814,1.2402172,-4.7586055,3.2582436,-0.20819467,-1.8343501,-3.0496974
0.0696066841483116,-1.2691789,-0.15638357,2.155652,-1.0257909,3.330787,-4.0149865,-0.56142324,-3.4651165
-0.1208659932017326,-4.542539,3.2761416,2.6860452,-1.3486308,0.2587837,0.1290892,-0.7123561,-2.0603838
0.0922226086258888,-0.44987875,0.68540406,5.134882,-3.0594792,1.4386414,-3.3439386,0.103716746,-1.2098616
0.0,-2.3341627,1.1788282,1.6439878,-4.1143003,3.6493664,-0.08607357,-1.6431546,-3.1034975
0.0888635143637657,-2.1498768,-0.10729051,1.1403366,-1.137791,3.675116,-3.4047892,-0.6681678,-4.3406544
0.1270847171545028,-2.3176634,0.18115225,1.2426643,-0.5217297,3.7870364,-3.981798,-0.67066556,-3.7838051
-0.076527215540409,-4.3272643,3.8306103,3.5159466,0.5104183,0.5648039,-0.2222424,-2.2609632,-2.4543605
-0.1348563730716705,-2.1441495,3.51532,0.4350055,-3.0072837,2.0000868,-3.8806062,-1.8436147,0.19015442
-0.0191183388233184,-3.1802704,3.6848059,2.3952513,-0.59651554,0.28608927,-1.2967831,-3.469358,-1.0590686
-0.0178738068789243,-3.646128,3.3696895,1.7931974,-0.85871816,0.421997,-1.0887834,-1.7404265,-1.3884549
-0.0675772652029991,-2.5889504,3.4390862,1.440427,-1.3947315,0.43435556,-2.5661652,-4.240148,-1.4483888
-0.0008176579140126,-2.5929914,0.9030355,-0.34720922,-3.039166,3.068455,-1.6510973,-2.1794426,-3.7606375
0.0004398273595143,-3.0155494,1.2290331,-0.77005965,-3.0593717,2.7453773,-1.5045091,-1.3390868,-3.6672032
0.0041623022407293,-2.6320999,1.5318037,0.37721443,-3.4569063,2.644721,-0.35715353,-0.79373026,-3.3669262
0.0449155010282993,-1.966293,-0.49411795,1.3716987,-0.30078882,3.7077146,-3.9024775,-0.8543035,-3.87161
-0.1793134361505508,-2.0293078,3.945663,0.8013931,0.071856946,2.1744933,-2.5709708,-3.6425762,-0.8539417
-0.0197566486895084,-3.0127406,3.5992546,2.42421,0.31384808,0.35544854,-1.223642,-4.061216,-1.9750199
0.0914325043559074,-0.51340204,0.9348643,4.96108,-2.9605596,1.289913,-3.8631756,-0.09011535,-1.25553
-0.0964216515421867,-2.767303,3.281519,1.7800232,-1.4496552,0.55742717,-2.3214664,-3.8384702,-1.1280085
-0.0480647273361682,-2.6556103,2.9860208,1.425946,-1.3351755,0.54393137,-2.6866066,-4.346225,-1.3088664
-0.0705635249614715,-2.5177596,3.2266622,0.92904055,-0.8569813,0.59076643,-2.9771106,-4.2206917,-1.4845436
0.0002485241857357,-2.5371783,1.0886501,-0.16778733,-3.6002734,3.0806231,-1.5002987,-2.3078854,-3.958194
-0.0936543941497802,-3.329278,3.601138,3.1198075,-0.1279195,0.10836525,-0.3858258,-2.2663362,-2.3097036
-0.0483456999063491,-3.816763,3.5044436,3.273902,-0.19059253,0.5809511,-0.26578754,-2.6961055,-2.3605971
-0.2772122025489807,-0.8627985,4.869935,-0.8278331,-3.4737682,3.195668,-3.9987626,-0.895187,0.66624576
-0.0044420375488698,-4.0365105,2.498506,2.3040557,-4.0722666,1.8869112,0.91699314,1.4884233,-2.831669
-0.0745768621563911,-3.1932757,3.0724258,2.7378433,-1.0166316,0.37551582,-1.0449679,-3.233603,-2.3090038
0.0441757775843143,-0.47987437,1.1192764,4.8238945,-2.893146,1.3314897,-3.8012676,-0.15719163,-1.3429229
0.0679964423179626,-0.58320826,1.0484438,5.3845453,-2.9361174,1.7461005,-3.7219532,0.13640456,-0.7853379
-0.0007039216579869,-4.011526,2.8052194,2.166707,-4.088281,1.7599207,1.0500603,1.3902595,-2.8716047
0.1000389084219932,-0.38647413,1.2512193,4.8014503,-3.1779847,1.3806467,-4.649744,-0.21515739,-1.1557534
0.0466199517250061,-1.1893337,0.41932827,2.9782238,-2.3297963,2.6884062,-2.8028224,-0.39361584,-2.6347678
0.0678083822131156,-0.6027341,1.4843048,4.059266,-2.5113328,1.5305306,-4.6655855,-0.44366673,-1.5370424
0.0417596809566021,-0.47564155,1.253294,3.1559446,-2.0692904,1.5749214,-4.414877,-0.111987054,-2.0269952
-0.01675128005445,-4.450273,3.191007,2.2970574,-3.713197,1.9065772,0.8811259,1.1882107,-2.9120054
0.0922731012105941,-0.6176459,0.9715121,5.090373,-2.414707,1.5739582,-4.5627117,-0.2463198,-0.82686347
0.0,-2.2754612,1.3759185,1.5887262,-4.1453376,3.3236237,0.11172015,-1.7684796,-2.8409486
-0.0655738934874534,-3.3939176,3.753763,2.4782073,0.0031340048,0.6672026,-0.924276,-3.498069,-1.6208454
-0.0592973679304122,-3.3175933,2.9803236,2.7268894,-1.0833324,0.5381703,-0.50815904,-1.8820018,-2.4331996
0.054891150444746,-1.8093427,0.11151453,1.3462728,-0.5089242,3.8375392,-3.501885,-0.82420754,-3.2099028
0.0473050437867641,-0.4893028,1.2902546,4.4073696,-2.479231,1.0327011,-4.219948,-0.36631623,-1.51524
-0.1042628809809684,-2.5865712,2.897568,0.7589397,-1.8669482,0.68533087,-2.694736,-3.4365067,-2.1570265
0.098084881901741,-1.8210903,-0.045591414,1.2781895,-0.4668209,3.2607012,-4.2641196,-0.34333098,-4.043481
-0.054167740046978,-2.9575264,2.6753008,2.9346077,-1.7118617,0.160642,-0.47028863,-2.6148143,-2.2486258
0.0,-4.098232,2.870379,2.1503725,-4.177934,2.2042875,0.81101984,1.2721826,-2.565514
-0.1547814011573791,-2.2979276,3.772083,-0.39232007,-3.898556,1.9771553,-3.7576978,-1.0195695,0.72653145
0.1037327945232391,-0.9834285,0.5229151,2.0699248,-1.7103938,2.5579329,-3.624153,-0.73031837,-3.4494245
0.0854236930608749,-2.0994515,-0.06517416,1.2230188,-0.7934763,3.4792545,-3.8573513,-0.84725887,-3.4910386
0.074594460427761,-1.0703009,0.0011037588,3.1859334,-2.4620485,2.6304986,-3.260187,-0.69999355,-2.4692538
0.1022849008440971,-0.29519477,0.8518855,5.0507956,-2.3077796,1.691254,-4.197752,-0.34018004,-1.1803936
0.0709936320781707,-1.0118927,0.3431558,3.1483045,-2.8082092,2.6119344,-3.1500888,-0.55241644,-2.5591788
-0.0435799546539783,-2.493281,3.1884599,1.9595919,-1.4363374,0.7346749,-2.7787848,-3.9785974,-1.0567573
-0.0729523226618766,-2.4530191,3.2801878,1.5905569,-1.4120532,0.37494606,-2.4956648,-4.467877,-1.6622792
0.0947543531656265,-1.3226333,-0.080750436,1.6245025,-0.8543394,3.4599712,-4.302659,-0.46949908,-3.582925
0.0609232932329177,-1.0874003,0.37528256,2.0892506,-2.1844914,2.3967428,-3.5237992,-0.33386767,-3.546204
-0.0386392809450626,-3.3421576,3.0582523,2.7641966,-1.0654123,0.23696859,-0.6277529,-2.1191928,-1.9920009
0.0980770364403724,-1.3027028,-0.07751423,1.6689206,-0.11595079,3.5878103,-4.2208123,-0.40146565,-3.8933604
0.0003043786855414,-2.5398872,1.3415229,0.35469294,-4.224228,2.7601025,-0.04167183,-1.173938,-3.0740998
-0.0428005829453468,-2.5203893,2.4593582,2.057266,-1.2483879,0.22200495,-1.6139972,-4.2678776,-1.8899922
-0.0104084946215152,-4.131164,3.0249386,2.5254245,-3.8900254,1.9387149,0.6854713,1.286956,-2.856545
0.0638035908341407,-0.45506728,0.6060185,3.8109365,-1.4383256,2.2626677,-4.1859374,-0.51005864,-2.004979
-0.0016839273739606,-2.2344012,1.1658934,1.2459037,-4.4162087,3.420513,-0.13856699,-1.4297144,-2.9857802
-0.0392094999551773,-4.026823,3.5418742,3.5936928,0.06608017,0.5648984,-0.22324412,-1.9934046,-2.3092542
-0.062824435532093,-3.7782629,3.6311216,3.482496,-0.17007227,0.24116245,-0.377142,-2.6189594,-2.188603
-0.0018065184121951,-2.8399544,0.98366827,-0.14137924,-3.1768596,3.3492987,-1.5158545,-2.0295556,-4.016165
-0.1628518253564834,-0.8916126,5.694811,-1.6994158,-2.3960135,3.5271354,-4.040602,0.34605277,0.08604404
0.0610157139599323,-0.75582993,1.112923,3.0484436,-1.8725059,1.7688792,-4.3350973,-0.15674104,-2.172239
0.0610357075929641,-1.6089497,0.024590045,1.9058354,-1.079854,3.4270444,-3.7184668,-0.62528694,-3.6942496
-0.1091712489724159,-3.220507,3.080323,2.1866384,-1.0545624,0.34873867,-1.2600257,-3.5569575,-0.77874136
-0.0161671712994575,-2.4487493,3.4861681,1.1043541,-1.1716503,0.08646037,-2.8295326,-4.1146545,-0.78592086
0.0,-2.549297,1.1771837,1.4072512,-4.5475755,3.6099596,0.03581407,-1.7703674,-3.0905135
0.0718195959925651,-0.5621669,1.0871625,5.288836,-2.9945176,1.2517114,-3.770706,0.36152762,-1.0794901
-0.0593454949557781,-2.8419232,3.4169812,2.335979,0.16253915,0.26371443,-1.702973,-4.0122366,-1.8291069
0.0533194355666637,-1.1566751,0.12870328,1.9115055,-2.099581,2.0917552,-3.3301528,-0.5366804,-3.5012677
-0.0996138975024223,-3.1769395,3.0479877,2.5452085,-0.030627266,-0.1417948,-1.0577112,-3.3449,-2.1558726
0.0,-2.6208148,1.5978947,0.055825207,-2.6164913,2.960316,-1.6131387,-2.3911047,-3.589727
-0.0004400774778332,-2.426767,1.2027934,-0.22280908,-3.2726927,3.1253183,-1.4491522,-2.3068626,-3.9706197
-0.0682045817375183,-2.396442,2.938805,1.4368191,-1.3711178,0.30210942,-2.7454123,-4.4300127,-1.8800429
-0.0810873284935951,-2.340507,3.054448,1.7269427,-1.0610814,0.045933828,-2.0338635,-4.2765217,-1.4538348
0.041132278740406,-2.1214416,0.19988263,1.2921424,-0.854486,3.6755767,-4.263913,-0.73800266,-3.5519643
0.0727282389998436,-0.35127214,1.0146967,5.300995,-3.4514484,1.4124551,-3.9560266,0.31059432,-0.96451306
-0.0334746204316616,-4.5530763,3.1623747,2.2001922,-2.8053172,1.5632166,0.8911702,0.42214715,-2.8020427
-0.0001757331192493,-2.2404432,1.3888658,1.630355,-4.1274943,3.777044,-0.02083634,-1.8191496,-2.6049652
0.0553298890590667,-0.7018611,1.1646802,4.456863,-2.6343112,1.1853324,-4.3125534,-0.08441548,-1.3881106
0.0937058553099632,-0.45381683,1.3888474,3.627941,-2.3844528,1.3836076,-4.469338,-0.22543396,-1.7604709
-0.0427058972418308,-4.391598,3.4033566,3.6969268,-0.20964801,0.12645313,-0.3267349,-2.1277447,-2.2403333
0.0,-2.4235528,1.3918952,1.437839,-4.3049836,3.2989235,-0.03674834,-1.6935858,-3.2708638
-0.0931894034147262,-3.3153422,3.81423,3.353014,-0.013969701,-0.037996277,-0.5849303,-3.3063211,-2.1725967
-0.038636714220047,-2.6098926,3.2655213,1.3061562,-1.4455638,0.642585,-2.430715,-4.1859107,-1.2332377
0.0001757331192493,-2.3286412,1.4095432,1.1782807,-4.31077,3.5238428,-0.056625392,-1.6573763,-2.8617005
0.1010525524616241,-0.53652316,1.4643021,4.8436694,-2.76797,0.91566885,-4.9835496,0.13538045,-1.1937937
0.0,-2.5250225,0.7336656,0.0082852915,-3.0334651,3.1595025,-1.5668868,-2.3987505,-3.9465673
0.0933813825249672,-1.4277115,-0.28675497,2.0066493,-0.8942773,3.0139306,-4.1302876,-0.56280094,-3.9078276
-0.0008705339860171,-2.2237887,1.1784874,1.3040347,-4.3203344,3.3554611,-0.007573176,-1.8054374,-3.023603
-0.0003670363512355,-2.6391394,1.1901644,-0.09465936,-2.7346802,3.066131,-1.6572698,-2.2178805,-4.036913
-0.0828269347548484,-4.4253526,4.0448813,3.662669,0.83939874,0.50959057,-0.33502543,-2.365961,-2.0966914
-0.0676608383655548,-3.9919305,3.8227677,2.0105314,0.20590729,1.0901772,-0.29392636,-0.7771486,-2.1916614
-0.0617919340729713,-2.8165455,3.3399343,1.863465,-1.3565193,0.7198318,-2.4608965,-4.1423244,-1.05092
0.0,-4.1686335,2.6413648,2.3043559,-4.0644073,2.0683556,0.703557,1.0877492,-2.9983244
0.0294862501323223,-1.3608675,1.1867778,1.0237514,-0.7980167,1.9053227,-4.2881703,0.28119,-3.2341852
-0.078556939959526,-2.6162167,3.3293493,0.6432582,-3.13045,1.605255,-3.3031573,-2.0401964,-0.01479125
-0.1395080983638763,-2.4151316,3.0989513,1.206593,-0.8753779,0.33468777,-2.8961432,-4.315519,-1.5136564
0.0825089737772941,-2.4064732,-0.22334304,1.1295623,-0.84568906,3.7331293,-4.038758,-0.8945578,-3.8090312
-0.0206201374530792,-3.3324707,3.22093,2.4046278,-0.91355526,0.3248421,-1.2477155,-3.2521474,-1.2491304
-0.0503183826804161,-2.4153783,3.0722394,1.3713504,-1.3670022,0.72338825,-2.5367723,-4.4631033,-1.207995
-0.149136334657669,-2.5949886,3.530815,0.15373683,-3.6141524,2.0776343,-3.7699356,-1.5609556,1.041311
0.1035201922059059,-0.96581465,0.07559627,2.6250944,-1.0179942,2.618262,-4.280166,-0.58620363,-3.1681526
-0.0387811586260795,-3.765342,3.1092062,3.0880442,-0.662063,0.57447153,-0.2893956,-1.898939,-2.3476048
-0.0960893854498863,-4.289619,3.7285957,3.5663524,0.60350096,0.75017345,-0.30208474,-2.8498065,-2.2924685
-0.0370849817991256,-2.2141669,2.9578376,1.4394956,-1.359068,0.19359739,-3.0636225,-4.7133126,-2.0921714
-0.2107792198657989,-1.8030171,4.2304416,-0.879861,-3.8069782,2.9770467,-3.9240105,-1.1366764,1.1097714
0.0,-2.3717887,1.2829571,1.4022946,-4.500495,3.6611626,0.16849615,-1.5788728,-3.3340828
0.0772093459963798,-0.6202315,0.77239704,4.630282,-2.5260715,1.6234467,-4.3045917,-0.45431852,-1.382479
-0.0054533188231289,-2.983639,3.5445483,0.6489916,-3.1640651,1.6462402,-2.9344566,-1.9872715,-0.15300763
0.0009825967717915,-2.741599,1.4370023,-0.74108285,-2.5341206,3.0750012,-1.3145367,-1.6831788,-3.8269684
-0.0387196540832519,-4.0425363,3.5166328,3.5764759,0.23017311,0.4070961,-0.26448435,-2.0907202,-2.2345326
-0.0894578173756599,-2.9255772,3.1728952,2.1495328,-0.79710954,0.29509312,-1.4670193,-3.2649102,-1.1411672
-0.0534290447831153,-4.171679,3.5228572,3.8013873,0.045200422,0.40698987,-0.09795172,-1.9694424,-2.340079
-0.0721189305186271,-2.8716567,3.0651066,1.5739746,-1.1823897,0.58275294,-2.6647937,-4.382393,-1.3726865
0.0,-2.3062897,1.1039267,1.5281066,-4.2612753,3.5159721,-0.131892,-1.8671932,-2.9895315
0.0,-2.3303342,1.4013159,1.3505355,-4.371344,3.585781,-0.100763306,-2.092108,-3.2249331
0.0711607038974762,-2.1189532,0.18736292,0.86315167,-0.27411684,4.0171795,-4.25536,-0.8208499,-4.0730476
0.0591561421751976,-0.44659725,1.0060959,4.9408937,-2.924399,1.6522793,-3.63065,-0.2658277,-1.3200536
0.0832624584436416,-1.6312523,0.044563726,1.8420261,-0.4338959,3.671485,-4.169363,-0.80935925,-3.9061794
0.0,-2.5187454,1.4041722,-0.39231288,-3.1681268,2.6700015,-1.3679351,-2.5763822,-3.7239184
-0.0835034325718879,-3.7729585,3.523567,3.2845888,-0.3266489,0.39731973,-0.3708754,-3.0008237,-2.115881
-0.0582428537309169,-4.2134047,3.6242383,3.593121,0.32243064,0.14809197,-0.2158975,-2.1791267,-2.6192775
0.0798480212688446,-0.61604744,1.0413529,5.042138,-3.1146636,1.3024127,-3.9423418,0.015092857,-1.1128539
0.0715563371777534,-1.7002257,-0.29828054,1.7581084,-0.6160846,3.8520553,-3.922831,-0.8274563,-3.5835094
-0.0006155604496598,-2.797364,1.2095065,-0.33504698,-3.3113127,3.221179,-1.5949625,-2.1929817,-3.7626297
0.0455005802214145,-2.1119115,-0.16812366,1.3758283,-0.3432603,3.6686265,-3.8052502,-0.8704598,-4.272334
0.0656493827700614,-1.2123461,-0.25982726,2.2169127,-1.2341589,3.3587825,-3.8769562,-0.4368871,-3.455314
-0.1515183299779892,-2.015855,3.359008,-0.068977505,-4.1164827,2.0297709,-3.7224822,-1.3215967,0.75293034
-0.0014377036131918,-3.947018,2.8485928,2.3311062,-4.003551,2.3567026,0.6365502,1.201851,-2.5865078
0.0,-2.3711042,1.6629752,1.5031012,-4.2710958,3.3814552,0.06407835,-1.9164274,-3.2034647
-0.060411237180233,-3.824874,3.3657064,3.026317,-1.620094,0.4677174,-0.24720937,-0.5831312,-2.090765
-0.0372969880700111,-3.347338,3.1488721,2.974482,-1.0857638,0.38823664,-0.38509747,-2.126491,-2.4495823
0.0727429464459419,-1.279649,-0.16752988,1.677617,-0.63154763,3.0299368,-3.9429057,-0.41699868,-3.4804082
0.0709508061408996,-2.2937784,-0.13014716,1.2076344,-0.70021516,3.6516623,-3.6445158,-0.5940576,-3.606015
0.0491602346301078,-0.6645391,1.4557759,4.426151,-2.7353692,1.5829717,-4.4117193,0.008120481,-1.4848281
-0.0039892885833978,-4.3895555,2.8527179,2.2182724,-4.192052,2.0750864,0.6506944,1.1371531,-2.8576317
-0.0006155604496598,-3.789934,2.509768,2.228029,-3.971064,1.9380599,0.61119324,1.1470996,-2.5447507
-0.0041242525912821,-2.3536913,1.1647009,1.6479084,-3.7869494,3.4673367,-0.019575465,-1.8073516,-3.1928387
0.0,-4.1186786,2.6339033,2.1284668,-4.349254,2.0762308,0.5329159,1.4149072,-2.7681696
-0.0776192247867584,-3.3866508,2.859212,2.8174782,-1.7208004,0.65324056,-0.5478636,-2.4974627,-1.8370202
-0.061442419886589,-2.6264796,2.8963656,1.7379706,-1.269309,0.25435898,-2.2354586,-4.0197716,-1.2830501
-0.0767256915569305,-3.117764,3.1701689,2.8616858,-0.70307255,0.52170277,-0.651672,-3.3428626,-1.8682204
-0.0967849791049957,-3.139822,3.567037,3.026978,-0.44690105,-0.06868026,-0.22766669,-3.3161385,-2.0839465
0.0120510198175907,-2.665518,1.5741651,0.49393764,-4.168207,2.5737922,-0.16767958,-1.1414666,-2.6878438
0.1024833992123603,-1.560287,-0.26409948,1.7502745,-0.6036047,3.2371764,-4.3090677,-0.73550385,-4.255462
0.0571985505521297,-0.71015126,1.3200314,5.4540615,-3.1061726,1.1743804,-3.6617754,0.32236165,-0.8580336
-0.0006948008667677,-4.0482574,2.643397,2.2674472,-4.007197,2.063897,0.854714,1.0944327,-2.766893
0.0020872973836958,-3.0379987,1.4501408,-0.8278123,-2.7236207,2.8104076,-1.3640152,-1.6698081,-3.6707141
-0.0790324211120605,-2.3573074,4.929677,-0.59932446,-1.1885751,3.3561172,-2.7944098,-0.44657883,0.0541046
-0.185513898730278,-0.8571864,5.6721344,-1.7294662,-3.5439992,3.204261,-3.779809,0.090623826,0.12489281
-0.0018260263605043,-2.6683214,1.8423704,0.62927574,-4.3309984,2.526125,-0.1611907,-0.7748224,-2.8287761
-0.0624031387269496,-2.6558578,3.6818159,-0.026351271,-2.451382,2.3071532,-3.612039,-1.5923305,-0.024880193
0.1034919172525405,-2.0039287,0.1819068,1.2672966,0.0031884164,3.7196975,-4.095172,-0.3336459,-4.0846767
0.0,-4.1014605,3.3076096,2.2066698,-3.9540582,2.0012932,0.70813656,1.0864445,-2.9862094
0.0455037951469421,-0.32287747,1.4739499,5.2366743,-2.8036566,1.1722641,-4.2342033,0.11835609,-1.2633464
-0.0797105059027671,-2.5629463,2.7559946,2.0705535,-0.9649695,-0.059497982,-1.7568878,-4.451604,-1.7131939
-0.0829862132668495,-2.233657,3.1357703,1.3926529,-0.9294728,0.34982112,-2.453201,-4.47965,-1.8707892
0.102891631424427,-1.0656118,-0.13170314,1.9906682,-2.0920846,2.3364384,-3.9278367,-0.62118846,-3.531807
0.0640007853507995,-0.7249545,1.0808656,2.8253174,-1.6226426,1.9632963,-4.5993896,-0.2838996,-2.2762046
-0.0093151144683361,-2.5870652,1.6240628,1.5507469,-4.0596514,3.0153677,-0.09672482,-1.9034246,-3.2018538
0.0,-2.9865243,1.5162545,-0.65900993,-2.3648448,3.114214,-1.4298294,-1.3767538,-3.6517851
-0.0001757331192493,-2.2769513,1.3329396,1.5874627,-4.421924,3.5422325,0.046121124,-1.7674283,-3.3751645
-0.0443130992352962,-2.2921207,2.7004418,1.1709739,-1.1133356,0.3881065,-2.3836374,-4.4173317,-2.2262492
-0.0979648232460022,-2.9762158,3.6649363,-0.121186286,-2.828354,1.4321674,-3.291322,-1.0826982,-0.22520438
0.0,-2.6655788,1.2310262,-0.607318,-2.8340008,2.968009,-1.4171523,-1.7150015,-3.637326
-0.0919165015220642,-4.354352,4.0344563,3.4964826,0.21504539,0.42386594,-0.15847337,-2.3755941,-2.370553
-0.1140461862087249,-3.05417,3.1326978,0.39490446,-2.7394514,1.5468796,-2.8738115,-2.4569807,-0.18007681
-0.0363545157015323,-3.1555529,2.7846446,2.7020516,-1.430516,0.3442198,-0.35333115,-2.7959297,-1.932549
-0.1504014879465103,-2.3867924,3.4086285,-0.52388036,-4.1773663,1.2851509,-3.4430587,-0.75861704,0.12582757
0.0190654098987579,-1.6639028,1.7861207,1.3208137,-0.25603154,1.4743133,-3.9577212,0.45166022,-3.246946
-0.0012960106832906,-4.178669,2.6858735,2.2432394,-4.0453815,1.9593521,0.69574785,1.4691156,-2.8601098
0.0762513056397438,-0.91563535,0.9634894,5.215159,-3.1643703,1.2624756,-3.2316508,0.42855284,-1.0634162
-0.1774605214595794,-1.0454779,4.549267,-0.31712565,-3.885227,3.7627807,-4.0663667,-1.4913344,0.9956292
0.0,-2.7070167,1.1113243,-0.22162396,-3.3283179,2.9709215,-1.6160827,-2.4022264,-3.9409368
-0.0146443452686071,-1.8747628,0.9210766,1.3353096,-4.194153,3.280817,-0.3166936,-1.6222651,-2.7202566
-0.0001757331192493,-4.0592766,3.065258,2.4768,-4.265355,2.356461,0.62391907,1.5322555,-2.653986
-0.2439651787281036,-2.760484,3.5499322,-0.4781575,-4.6137223,1.4698862,-3.748588,-1.8364278,0.8675919
0.2527816593647003,-1.3577572,3.2184417,1.7970198,-0.9631938,-0.20745735,-4.103576,-0.22474337,-2.8890228
0.0,-2.639433,1.3862997,1.3029194,-4.2017756,3.442418,-0.05207862,-1.5128407,-3.0804958
0.0938187539577484,-1.992789,0.20929301,1.1812736,-0.26299033,3.553447,-4.051258,-0.29082158,-4.3296165
-0.0288339685648679,-4.1162896,3.0448024,3.2049615,-1.0579576,0.08152296,-0.27210537,-0.55093074,-2.1226542
0.0445850901305675,-0.23416832,1.050275,5.467435,-3.1912189,1.2711464,-3.882936,-0.13968016,-1.2688732
-0.0091209942474961,-2.3960705,1.5790123,1.3212316,-4.344761,3.28368,-0.03719547,-1.773287,-3.128665
0.1003638580441474,-0.37959278,0.92060477,4.902285,-2.501309,1.5218539,-4.1847906,-0.021885406,-0.8265657
-0.0937102660536766,-4.554002,3.5858717,2.7438662,-0.16250044,0.17393017,-0.19563708,-1.1210978,-2.3477738
0.0760999321937561,-0.6106114,1.3905591,5.265846,-2.5311074,1.2376741,-4.2277064,0.1248261,-1.1762371
0.0012311208993196,-3.0695279,1.4038306,-0.65508187,-2.8775938,2.7678273,-1.3637607,-1.6563935,-3.536431
-0.0008793866727501,-2.151658,1.1697067,1.7078278,-4.3884997,3.5450249,-0.14347976,-2.109188,-3.0303087
0.0008705339860171,-2.9661107,1.3619572,-0.8850251,-2.834314,3.0910835,-1.2689811,-1.4603027,-3.870384
-0.0635340586304664,-2.452777,3.330572,1.6753379,-1.2405826,0.10849646,-2.1461816,-3.9680665,-1.1694688
0.0009114888962358,-3.0911245,1.4438471,-0.67314893,-2.197388,2.9304154,-1.2243485,-1.4066646,-3.782659
0.0990117415785789,-1.1433547,-0.37024826,2.4103198,-0.47158635,3.187991,-4.1087213,-0.55524474,-3.623412
0.0,-2.3154407,1.1228077,1.5113765,-4.414358,3.5322316,0.103757046,-1.7440115,-2.966009
-0.0210383161902427,-3.037746,2.2066941,0.3549189,-2.007766,1.3834076,-2.3090003,-3.1084332,-1.5304583
0.0535460971295833,-1.9605439,-0.049976088,1.1938118,-0.37808117,3.8270168,-3.6913142,-0.90063435,-4.204718
-0.0150302229449152,-2.85711,2.8553147,0.97701555,-1.8612232,1.053341,-2.8140087,-3.3896801,-0.5755652
0.1253916025161743,-1.6446309,-0.01785614,1.6317877,-0.8476447,3.4298234,-4.180147,-0.48813668,-3.7570076
-0.0556917786598205,-2.7864573,2.8428524,2.2761252,-1.4183487,0.48571038,-1.3548503,-3.9914873,-1.304751
0.0003111817932222,-4.0883307,2.5139375,2.304,-3.9694705,2.0558653,0.7503364,1.2827566,-2.699876
0.090712122619152,-0.35276568,1.2495402,5.147553,-2.925621,1.4156468,-4.044241,-0.20042782,-0.9643537
-0.0024333975743502,-2.3197541,1.3435178,1.3196652,-4.873523,3.1967921,-0.014894389,-1.8104055,-2.8243575
-0.2600167393684387,-2.3212223,3.6358712,-0.5764203,-3.8760042,1.3843879,-3.8051014,-1.1721412,0.6419706
0.0490725897252559,-0.43577662,0.99673057,5.205646,-3.4682596,1.1972212,-4.2735987,-0.0017379355,-1.2712933
-0.1562424451112747,-2.8776212,4.618722,1.1707693,1.5477948,2.5374246,-2.463652,-1.8756715,-1.133805
-0.0051227924413979,-2.4041648,1.3048992,1.1342471,-4.300909,3.1143742,0.036558554,-2.0663595,-3.034864
-0.0389167144894599,-4.157276,3.6925511,3.6710103,0.35868078,0.22978133,-0.5045123,-2.2236886,-2.1676185
-0.0054294085130095,-3.9169471,2.7795684,2.414209,-4.3577714,2.1606634,0.6791015,1.233385,-2.544645
-0.0628382042050361,-2.3769584,3.0790162,1.7218143,-0.74767417,0.27753532,-1.898814,-4.16118,-1.7211938
-0.0610473342239856,-3.6737278,3.285088,3.0620494,-0.64953476,0.20908637,-0.27784497,-2.4111729,-1.9340615
0.0629184022545814,-0.7406017,1.3396957,4.1340156,-2.5465398,1.5100422,-4.398616,-0.16250953,-1.4111727
0.0,-3.9834745,3.1581383,2.2503042,-3.986802,1.9725838,0.749478,1.4153088,-2.8503823
0.0919096544384956,-2.0603144,-0.010513727,1.4587243,-0.72121334,3.9203603,-3.6066399,-0.72461903,-3.232694
-0.0634169280529022,-4.4288893,3.644397,3.8414319,0.45141205,0.41876614,-0.15274337,-2.3596587,-2.3813841
0.0011221152963116,-3.888345,2.947018,2.3869472,-4.0624065,1.9194078,0.6078687,1.2741525,-2.8231916
-0.0517370738089084,-2.6254191,3.0216875,1.8321632,-1.5930358,0.45020866,-1.8805437,-3.8792467,-1.2087816
0.0667767375707626,-2.2586582,-0.034167737,1.2195001,-0.5547633,3.8638325,-4.1353564,-0.93683827,-4.0664153
-0.0621649175882339,-2.3918312,2.9779494,1.9929532,-1.1987647,0.37153798,-1.9523422,-3.9618165,-1.2471607
-0.0658212900161743,-4.4333553,3.9061105,3.8112938,0.8743053,0.42342588,-0.3137164,-2.143201,-2.1464937
-0.0791743174195289,-4.1568317,3.4046917,3.6430352,0.66684055,0.44904667,-0.3239267,-2.4825785,-2.219921
0.0402099750936031,-2.3005996,-0.06580207,1.2025343,-0.4522525,3.3341882,-3.9904504,-0.6338359,-4.0791144
-0.0788717269897461,-3.2209504,2.8667698,2.2140594,-2.6569214,0.9418041,-0.46104425,-1.4456754,-1.6246008
-0.0320352427661418,-2.4220655,1.6760653,1.5689563,-3.7927403,3.1504326,0.09576832,-1.8228164,-2.9495444
0.0,-2.7615132,1.8465637,0.1490926,-2.2973816,2.248011,-1.8127303,-2.468061,-3.235132
-0.1772768348455429,-2.2654333,3.5374627,-0.06993708,-3.4870422,1.3754528,-3.4684358,-1.6389272,-0.16113894
-0.0003111817932222,-2.2521107,1.5130756,1.4596939,-4.149659,3.5517266,-0.04329576,-1.8796315,-3.0980163
0.0002485241857357,-2.1603534,1.2376375,1.7521731,-4.2139688,3.4880083,-0.13086157,-1.462278,-3.1484184
0.0471613965928554,-1.4582592,-0.060384586,1.6748639,-0.9291107,3.1614704,-3.8252609,-0.7831288,-3.7147806
0.0,-4.3251605,3.0199082,2.183494,-4.1631217,2.1309392,0.66642505,1.2741495,-2.7297914
-0.1992582976818084,-1.0493729,4.6464496,-0.18768021,-3.481946,3.5490732,-4.0965905,-1.616908,1.0530704
0.0633901506662368,-0.7044646,1.0841622,3.3848927,-1.9502925,1.8231219,-4.3757834,-0.2315082,-1.944478
-0.0117595996707677,-3.9270325,4.5339775,2.2651427,2.1333053,1.4166787,-1.5120395,-2.0125942,-1.650318
0.0846178382635116,-0.5344405,1.3063306,5.4031186,-2.7491193,1.3345295,-4.24525,0.5612985,-0.7752938
-0.0964536070823669,-4.038848,3.69649,3.1527333,-0.261547,0.086752065,-0.4713161,-2.326638,-2.498075
0.0656660348176956,-0.624159,1.2331592,4.48311,-2.8146489,1.4924091,-4.1597333,0.1368347,-1.5403005
0.0714224502444267,-0.39605466,0.7056117,4.3854594,-2.4735687,1.5679572,-4.0580006,-0.11333452,-1.6138145
0.2827239632606506,-1.3713106,4.081107,1.3587282,-1.55786,-0.042651653,-3.9841685,-0.5186894,-2.379544
0.0558312833309173,-2.2500052,0.04390834,1.1710703,-0.40429023,3.394074,-3.7649992,-0.8430716,-3.654031
0.058265671133995,-0.2865038,1.441642,5.320322,-2.4681358,1.3011215,-3.8393016,-0.059880212,-1.1827703
0.0720432549715042,-0.5521474,1.293508,3.4170942,-1.8571811,1.5727453,-4.5821333,-0.4185327,-2.119847
-0.0442165099084377,-4.22555,3.7807488,3.7557654,0.29369262,0.68490005,-0.3302036,-2.187561,-2.310676
0.0832358226180076,-0.54589313,0.6555529,4.2699137,-2.0521746,2.1154501,-4.497603,-0.29814202,-1.7785925
0.0,-2.2602954,1.302177,1.4744637,-4.144386,3.3463259,-0.13468078,-1.9218678,-2.9804096
0.1288439333438873,-0.6058743,0.6135223,2.6298025,-1.7030385,2.145004,-4.5816684,-0.33452803,-3.0370743
0.0432375185191631,-0.4240129,0.5340769,3.1121542,-1.9415317,2.1693487,-4.329114,-0.35641086,-2.3987632
-0.0920063629746437,-4.1998143,3.7041864,3.6793587,0.8036974,0.44228584,-0.68815875,-2.3300278,-2.1815288
0.0552531816065311,-2.147524,0.114793144,1.3081334,-0.2276536,3.7255797,-4.0250874,-0.86702645,-4.279635
0.1005264446139335,-0.5924161,1.6126645,4.3039913,-2.1005502,1.2065603,-4.648595,-0.14166601,-1.6769662
0.0983116850256919,-1.9898825,-0.20487997,1.1803726,-0.54968506,3.8877566,-4.31222,-0.59503096,-4.1345797
-0.1774007976055145,-1.7043428,4.1833124,-0.5769971,-4.429917,2.5185766,-4.0107083,-1.2699214,1.0469352
-0.0816045254468917,-2.6051412,3.0163612,1.8437331,-0.9541673,0.30327034,-2.0530663,-4.2496715,-1.7372397
-0.0575595945119857,-3.839125,3.375349,3.7545962,0.02766481,0.3706168,-0.032720417,-2.304804,-2.3577254
-0.0060177529230713,-2.5753222,1.2650235,1.340995,-3.713507,3.5516205,0.04948193,-1.8109221,-3.3004692
-0.0531448423862457,-2.2044606,3.214007,1.1847563,-0.733093,0.43426028,-2.4584305,-4.4583917,-1.8990093
0.0,-2.7485209,1.2808094,-0.25422907,-3.3105304,3.3324025,-1.55841,-2.3965044,-3.800279
-0.0092214755713939,-3.539843,4.326521,0.7965549,0.18831226,1.758019,-1.6919271,-0.8246737,-1.506561
0.0,-2.649505,1.2655941,-0.18122004,-3.3769114,2.882826,-1.4937124,-2.4061472,-3.7964299
0.0473533757030963,-0.45149714,1.0387583,4.9743166,-2.6468942,1.6629303,-3.9608798,-0.013292596,-1.0954154
0.045047540217638,-0.6558795,1.0023541,5.3404098,-3.6233664,1.2352275,-3.902861,0.39804357,-0.7713125
-0.0870504081249237,-1.635933,5.4385743,-0.5243693,-1.7923229,4.3211465,-3.730914,-0.3356743,0.83627665
-0.0006155604496598,-2.6217775,1.4370039,1.5284345,-4.366823,3.4791071,0.04367285,-1.4105043,-3.0658624
0.0962830260396003,-0.98264194,1.0751466,5.114159,-3.2362278,1.5649763,-3.1032279,0.34826872,-1.1822513
0.0995485410094261,-0.6719529,0.35744268,2.4903703,-2.0097842,2.0135834,-4.412538,-0.16493599,-3.0556562
-0.0669418349862098,-2.3050961,2.8159032,1.581268,-1.4290276,0.36709,-2.7281485,-4.5556307,-1.6622344
-0.0812858417630195,-2.4205487,3.1654165,1.4073321,-1.6439131,0.69750804,-2.428674,-4.1016617,-1.1343431
-0.0747068896889686,-3.310805,2.826703,2.7273562,-1.1308068,0.19213884,-0.43410072,-2.250193,-1.9974475
0.0889621898531913,-0.56796205,1.2385406,5.1966476,-2.4734707,1.1922452,-4.3585677,0.10412923,-0.9803706
-0.0391150303184986,-2.5422964,2.7547765,1.6045383,-1.0877247,0.002547443,-1.9108301,-4.251848,-1.7672611
0.0985134616494178,-2.11269,-0.35591,1.4777147,-0.5739297,3.9896457,-3.9232829,-0.7790595,-3.0820196
-0.0722945183515548,-4.3334675,3.8805392,3.5688314,0.18587196,0.80118716,-0.36685747,-2.0128403,-2.1774087
-0.2007683515548706,-0.9142856,5.3855968,-1.5085983,-2.439221,4.2066126,-3.7720523,0.2580178,0.22299875
-0.057398784905672,-3.9515975,3.3509135,3.5268722,-0.31788874,0.5704459,-0.27755412,-2.4842873,-2.298399
-0.039994042366743,-3.781281,3.3619518,3.4130342,-0.28796738,0.3819402,-0.40407887,-2.5422342,-2.4132683
0.067036248743534,-1.3900843,-0.2618472,1.5780201,-0.42280006,3.471739,-4.3375807,-0.5219161,-3.3926616
-0.0015782318077981,-2.7851856,1.1391178,-0.20048517,-3.3483632,3.0906296,-1.5136759,-2.4425201,-3.8549025
-0.0757141187787056,-4.2880363,3.5691388,3.59496,0.33765513,0.6521343,-0.5427754,-2.0522099,-2.5565302
0.0,-2.242298,1.3982972,1.5676553,-4.29505,3.45914,-0.13186209,-1.7875549,-2.7952342
-0.0838884562253952,-4.1231127,3.5231032,3.3434634,-0.11771871,0.41307282,-0.5801192,-2.0144258,-2.2703216
0.0863331332802772,-2.0364864,-0.15352844,1.3754901,-0.50921434,3.7141511,-4.1355205,-0.6057933,-4.052976
0.1003528460860252,-2.0367987,-0.06744543,0.9022628,-1.0383416,3.6589324,-3.96612,-0.50888497,-4.3858767
0.056243747472763,-0.5386723,0.48944572,4.114578,-2.4403381,2.121308,-4.3930974,-0.8000802,-1.8610585
0.0,-4.148394,2.7726908,2.0321083,-3.941381,1.9160087,0.8681448,1.1922005,-2.7041817
-0.0415559709072113,-2.4895535,3.0516672,1.7538141,-1.4114093,0.8951322,-2.4746387,-4.0633993,-1.2013357
-0.1853747963905334,-1.1775621,4.7046556,0.05702287,-1.9467696,3.048967,-3.6936383,-2.1900408,0.35004532
-0.1132410317659378,-2.6933873,3.9215045,-0.11229603,-3.543901,2.0431504,-3.7928507,-1.3652344,0.76932544
-0.0007661748677492,-4.1867256,2.927181,2.3265355,-4.0687666,1.9414165,0.55419475,1.4317576,-2.7672603
-0.001529483241029,-2.4538438,0.9255626,-0.2793551,-3.483305,3.0577505,-1.1412852,-2.5482764,-3.7017136
-0.0390952080488204,-3.481876,3.164002,3.1901705,-0.65798056,0.3101846,-0.39037198,-2.7941375,-2.4961925
-0.0397673696279525,-3.2259402,3.2479777,3.1640308,-0.53039646,0.18328911,-0.42931974,-3.0623696,-2.22764
-0.0006155604496598,-4.3473396,2.7949557,2.4486232,-3.952484,2.2425272,0.65496695,1.1403996,-2.7496471
0.0,-2.5268667,1.1544831,1.332849,-3.696925,3.4939244,-0.25714672,-1.6718353,-2.8915608
-0.0514083355665206,-2.6258109,2.950101,1.8768165,-1.4595747,0.46257675,-1.9484129,-3.868313,-1.2824448
-0.0009954953566193,-2.7212036,0.9102551,-0.18703997,-2.7227592,3.05159,-1.566409,-2.3791182,-3.6424413
-0.0944265872240066,-2.6228287,3.3496683,1.5938098,-1.1857792,0.5680891,-2.5915728,-3.958144,-1.0247099
0.0,-2.468611,1.5132179,1.4131879,-4.3513565,3.6291249,0.058850337,-1.9490206,-2.97214
-0.1833426207304,-2.6719074,3.2734768,0.0069768205,-3.9672132,1.78961,-3.8582993,-1.9573315,0.92122537
-0.0953145176172256,-2.759123,3.642035,1.8160564,-1.1051981,0.19007719,-2.4421165,-3.8713028,-0.8891349
-0.0009168065153062,-2.7006238,2.9613566,1.983816,-2.1411698,0.6769027,-1.2742774,-2.9505887,-1.3171494
0.0805346220731735,-2.093564,-0.045473833,1.0451088,-0.8931918,3.5489366,-4.207927,-0.9397566,-3.7143383
0.0,-4.1268964,2.86107,2.3314295,-4.2121725,2.1694872,0.8212911,1.2658631,-2.7567012
-0.0830530896782875,-2.6410024,3.0186143,2.2585783,-1.345735,0.3365891,-1.7692449,-3.910475,-1.11403
0.0488212779164314,-0.40854207,0.92143536,4.355192,-2.372482,1.693095,-4.2622223,-0.14688908,-1.6371841
-0.0956904664635658,-2.5087538,3.4245224,1.6653776,-0.7034923,0.030328553,-2.0821788,-4.2566147,-1.6946657
-0.1138403639197349,-1.3147209,5.547917,-1.1215721,-1.2886816,4.507085,-3.8243372,-0.45850098,0.07557862
-0.0650949105620384,-3.7293417,3.2102106,3.4916825,-0.3255176,0.70926875,-0.22073743,-2.878618,-2.2419662
-0.0883320644497871,-2.4510238,2.9933136,1.4236761,-0.99957216,0.48279545,-2.780375,-4.409018,-1.7436447
0.0703882351517677,-0.6876179,0.82223845,5.297843,-3.2304244,1.443903,-3.6017404,0.10484253,-0.79461986
-0.0353185348212718,-3.4538934,3.105476,3.010175,-0.8845319,0.05535993,-0.3314517,-2.2064893,-2.4607556
0.0661395266652107,-0.48713624,1.2081231,5.2099185,-2.924933,1.2706959,-4.2979875,-0.18290696,-0.9269604
0.1030341610312461,-2.1767693,-0.29331282,0.87633204,-0.6786755,3.5764534,-3.8196719,-1.0702362,-4.149617
-0.0724788233637809,-3.3558965,2.9819643,2.5467043,-0.81964207,0.19432844,-0.3429599,-1.9912637,-2.6274517
-0.1601767539978027,-2.5529354,3.98012,1.1355252,0.35093397,1.7050896,-2.6377995,-2.9863405,-0.9332958
0.064079962670803,-0.41976345,0.6676369,4.950523,-2.9125638,1.2132738,-3.9979148,0.037935138,-0.9680685
0.0,-2.2145207,1.6820419,1.4634349,-4.426531,3.4784937,0.034994386,-1.6847675,-3.0456157
0.0846440866589546,-1.4625428,-0.19640799,1.6811157,-0.42815703,3.420976,-3.8926766,-0.76292586,-3.785081
-0.008191623724997,-2.0683446,1.3970792,1.22328,-4.276478,3.3702796,-0.07208362,-1.760768,-2.9408016
0.1304559409618377,-1.1184385,-0.06588724,1.6788727,-0.5906451,3.588893,-4.1627245,-0.30678055,-3.5814836
-0.1187331601977348,-2.2341745,2.2611065,0.30995786,-2.4713933,1.5808403,-2.4430554,-4.122975,-1.9879305
-0.1208489686250686,-2.4503841,3.304271,1.4326464,-0.96975315,0.079316214,-2.7525501,-4.48635,-1.4082804
0.0589244216680526,-0.63328916,0.95800143,5.150236,-3.2535377,0.96291184,-3.6942294,-0.06813336,-1.3092498
-0.0955522134900093,-2.4682686,3.2128904,1.7440307,-1.2302842,0.1738352,-1.943473,-3.8023248,-0.94001865
-0.0761367827653884,-2.9907756,3.0172257,2.7276058,-1.3947635,0.85745084,-0.51831275,-2.8727486,-2.109909
0.0789745971560478,-2.071833,-0.24696712,1.4832001,-0.061149955,3.760453,-3.962321,-0.9000973,-4.1343727
0.2246410697698593,-1.3825823,2.2671046,1.4485364,-0.62399334,1.3759687,-4.041631,-0.254679,-3.2565894
0.1274875700473785,-1.921513,-0.14937133,1.063057,-0.27122396,3.545767,-4.124244,-0.5490438,-4.052795
-0.0929898545145988,-2.3832483,3.1956573,1.3792802,-1.4313645,0.4158326,-3.019155,-4.4354014,-1.4763248
0.0,-2.340671,1.3156127,1.4325013,-4.5228662,3.4401872,0.059019037,-1.9145496,-2.8860817
0.058273147791624,-2.2054107,0.13717663,1.321986,-0.8078109,3.7839985,-3.454916,-0.77109116,-3.398608
0.0879619419574737,-1.9995905,-0.43649694,1.518895,0.058573157,3.6989672,-4.0472865,-0.6767676,-3.9256167
0.1307274848222732,-1.0110192,-0.0118696205,2.9157588,-1.8770963,2.5925157,-3.5955772,-0.42937803,-2.8574917
-0.0817556381225586,-2.439375,3.2885604,1.4359336,-1.5429673,0.645606,-2.5955777,-4.193115,-1.0488077
0.0470708981156349,-0.5205207,0.8582899,4.3329763,-1.9344842,1.849481,-4.1827354,-0.2146114,-1.5392282
-0.1049378812313079,-2.5115628,3.401904,0.12168175,-3.6452632,1.8548887,-4.0169992,-1.3970484,0.40165183
0.0006155604496598,-2.3648922,1.4116964,1.5489328,-4.4106474,3.5483735,0.11583063,-1.7239951,-3.0760407
-0.0008904489222913,-2.2101674,1.5227817,1.5330256,-4.0127525,3.83809,-0.13469906,-1.7963251,-3.109933
-0.0426153540611267,-2.599013,3.195418,1.413604,-1.4340279,0.23418887,-2.4719863,-4.086856,-1.0891893
-0.0955282971262931,-2.0675287,3.3250098,1.2860525,-0.9737616,0.2333157,-2.5377555,-4.249345,-1.8106328
-0.0395717360079288,-2.146986,3.3085654,1.2362376,-1.0890698,0.22980319,-2.4719102,-4.682675,-1.9175694
-0.0067401817068457,-2.407551,0.90979236,-0.21280953,-3.466513,3.1003227,-1.4371685,-2.2419832,-3.9630132
0.0713635087013244,-0.83522964,1.0042992,5.087631,-2.879251,1.3811152,-3.9927208,-0.09536923,-1.0373732
-0.0544455274939537,-3.8223534,3.2324216,3.4540653,-0.56927836,0.8022263,-0.18366686,-2.5042331,-2.055523
-0.0708876699209213,-2.5481694,3.0341182,2.0537426,-0.81527334,-0.07262993,-1.3532315,-4.1902037,-2.0012946
0.0,-4.1395717,2.8201795,2.3870745,-4.3491216,2.1856833,0.57673275,1.1801546,-2.8380551
0.0630677714943885,-0.7451899,0.91229475,4.4190464,-2.853303,1.8856602,-4.3213367,-0.10012822,-1.7615092
-0.1565959900617599,-3.234922,3.4586973,0.5122882,-2.0856588,1.9600452,-3.1086025,-2.1857295,-0.2984145
-0.0428859926760196,-4.1685095,2.988679,3.2677522,-0.39925689,0.44263947,-0.2524106,-1.7936128,-2.222912
-0.091211088001728,-3.1668625,3.445803,0.0054286686,-3.059727,1.2911975,-3.4623992,-1.1214904,-0.16976652
0.0,-3.9373329,2.889434,2.2607703,-3.7975245,2.143612,0.7275231,1.066028,-2.9648495
0.0977450683712959,-2.278778,-0.30602914,1.2457864,-0.39156815,3.8343291,-4.2043138,-0.46652013,-3.7774045
0.0,-2.7863197,0.90827674,-0.17794774,-3.3735483,2.951772,-1.5329831,-2.171906,-3.9587538
0.0,-2.3305852,1.2220105,1.3518089,-4.1369886,3.7281473,0.11305239,-1.7029017,-3.1334038
-0.0022358403075486,-4.2044787,2.8473587,2.2391808,-4.461849,2.0644455,0.5955923,1.3830527,-2.5532842
0.2318501025438308,-1.5166937,4.1659794,1.3074162,-1.0315187,-0.8310332,-4.1815767,0.63394916,-2.522205
-0.0513661205768585,-2.5049584,2.517756,2.5444741,-1.4835299,0.5504171,-0.4818012,-3.1571214,-2.2295244
-0.1691877841949463,-1.6116356,5.2164044,-1.1652842,-2.014524,3.812684,-3.5821104,0.06522827,0.4772836
-0.2755601406097412,-2.216883,3.4499362,-0.31475124,-3.7399824,1.239826,-3.757173,-1.1347125,0.34729847
-0.262371301651001,-1.2614347,4.519818,0.040006302,-4.104606,3.2252326,-4.017248,-1.8617299,1.5692047
0.0,-2.2557535,1.5503004,1.5355213,-4.4171,3.5704663,-0.061737485,-1.8261598,-3.0194073
-0.0137598877772688,-2.3313353,1.0668336,1.2741935,-4.368128,3.416178,-0.021574967,-1.5890006,-3.1854377
-0.0001757331192493,-3.2939928,1.1998386,-0.65668875,-2.6651187,3.0191817,-1.502273,-1.6900071,-3.525054
0.0001757331192493,-2.5680766,1.407917,0.7492274,-4.18949,2.7073123,-0.0522009,-1.1441653,-2.67362
-0.0884897336363792,-3.7543232,3.3009453,3.1236537,-0.020221695,0.12976815,-0.510529,-3.0595422,-2.323279
0.0813995823264122,-0.40973496,1.0223969,5.311908,-3.6511014,1.184485,-3.979784,0.16361308,-1.0057347
-0.0935993120074272,-3.2353075,3.0336957,2.916223,-0.6442181,0.12065909,-0.6119027,-2.2147136,-2.3039894
-0.0667967349290847,-4.469585,3.9967644,3.6181571,0.4574343,0.5426255,-0.30859363,-2.1720567,-2.3924642
0.0006155604496598,-4.0905623,2.9923635,2.3302007,-3.8587074,2.2602656,0.47431272,1.5921834,-2.7520626
0.0522496066987514,-2.1634007,-0.21749237,0.86836743,-1.1733657,3.6833076,-3.4378083,-0.97292936,-4.3325205
-0.0005190677475184,-4.044974,2.8610482,1.9300089,-4.009198,2.086658,0.8028583,1.2993605,-2.8429604
-0.0714936032891273,-2.7276356,3.3372262,1.3929199,-1.1488642,0.90012205,-2.783373,-4.402489,-1.194832
-0.0541026294231414,-2.5666714,4.849193,-0.5288942,-0.24815986,3.0409222,-2.9158022,-1.0415491,-0.66393787
0.0565196499228477,-1.8254372,0.01845859,1.2779584,-0.49394822,3.8018725,-3.8119354,-0.8216003,-3.9974558
0.0529145412147045,-2.0518024,-0.15312722,1.3155359,-0.368625,3.7361941,-3.7831795,-0.8442681,-3.6863816
0.0006155604496598,-4.2026157,2.8819947,2.1793919,-4.0063825,2.1303139,0.61093557,1.1411085,-2.8158953
0.0981436371803283,-2.2285168,-0.4125359,1.4872619,-0.85285366,3.872364,-3.7755916,-0.6222974,-3.4914775
-0.063436210155487,-2.5231817,3.1841054,2.2778494,-0.79789484,0.60880303,-1.8488798,-3.9653826,-1.3192608
0.1270609200000763,-0.64069813,1.2970434,3.0708997,-1.9007596,1.6505768,-4.834474,-0.18517774,-2.0677543
0.0772733017802238,-0.76094115,0.25526625,3.9040058,-1.8050158,1.859708,-4.2073846,-0.20315239,-2.0867028
-0.0808920636773109,-3.1238492,3.5767953,-0.0029019862,-2.6858299,1.1440251,-3.3157957,-1.3103999,0.022811562
-0.0084837339818477,-2.0973966,1.2349775,1.3536105,-4.108243,3.1845233,-0.020663314,-1.8219861,-3.1139202
0.0804202035069465,-2.2483246,-0.2735751,1.0762906,-0.59882057,3.9392457,-4.0220313,-0.5061368,-4.29203
-0.1955338269472122,-2.3703132,3.6472707,-0.27635464,-4.1363115,1.4791948,-3.759028,-1.1902348,0.44630146
-0.0769310668110847,-2.2515981,3.7706177,-0.441961,-3.6255171,1.9780208,-3.524541,-1.3952463,0.7643774
0.0033715642057359,-3.9623091,2.982617,2.2325969,-3.7252686,2.2183032,0.56914,1.3167448,-3.0530984
-0.2066386342048645,-2.528669,3.4187226,-0.5029159,-4.197118,1.2338257,-3.9470136,-1.786982,0.8085552
-0.019786411896348,-2.4668028,1.344339,1.2524606,-4.227176,3.2396364,0.13369663,-1.6920837,-3.0521982
-0.0602914243936538,-4.2435803,3.9160974,3.822802,0.4910692,0.45091224,-0.25297266,-1.8587428,-2.247627
-0.0068886252120137,-2.417973,4.8075075,-0.123872675,-0.1322631,2.8490353,-2.4606745,-0.37313744,-0.7422488
-0.0003111817932222,-2.9388733,3.3876944,1.477288,-1.5205564,0.8767683,-1.9456608,-2.6756501,-1.0523137
-0.0770278573036193,-2.8205304,3.086045,2.2222009,-1.2931938,0.54375666,-1.3413973,-3.7125936,-0.9548293
0.1007853150367736,-2.0156043,-0.23276336,1.4029329,-0.2564007,3.6060407,-4.217848,-0.252885,-4.0585065
-0.0018568037776276,-4.1785116,2.8293629,2.0600662,-3.9626386,2.0922306,0.6838552,1.0177509,-3.0403588
0.0879485756158828,-0.63445157,0.65290606,2.8977504,-1.7822304,1.8527297,-4.6348877,-0.47886875,-2.6361108
0.0764482095837593,-1.6333196,-0.29103765,1.7416033,-0.7473339,3.4748044,-4.094301,-0.59968233,-3.8791
-0.0010607790900394,-2.3441453,0.86824757,-0.14491563,-3.2696314,2.9146688,-1.4606718,-2.4857268,-3.7594147
-0.2018777132034301,-1.1798236,5.3086414,-1.2072079,-1.5835162,3.287024,-3.3111908,0.18054602,-0.43026793
0.0726759508252143,-1.8963498,-0.12943646,1.4100137,-0.28151152,3.9568484,-3.6674094,-0.7768856,-4.13249
-0.0892849117517471,-2.612363,3.0637918,2.229782,-1.0225419,0.27277905,-1.5840881,-4.2240644,-0.86193347
-0.0018397342646494,-4.0747776,2.7839549,2.2751586,-4.005396,2.2086043,0.8428332,1.2750404,-2.9359155
-0.0033512702211737,-2.1905525,1.2761563,1.5700018,-4.1439857,3.7635863,0.012815729,-1.4753706,-2.856649
0.0698750466108322,-1.953035,-0.32015538,1.6695993,-0.6321633,3.807106,-3.869471,-0.8517549,-3.8731208
0.0475086607038974,-2.2902083,0.296796,1.2325257,-0.7543473,3.8420587,-3.9600484,-0.89799774,-3.6929612
-0.0453795380890369,-2.9028826,2.979941,2.8029964,-0.7385558,0.4714489,-0.791563,-3.7450688,-2.2494965
0.0667498409748077,-1.1752561,0.0013932884,1.6103742,-2.0479498,2.672215,-3.009149,-0.8184479,-3.4554403
-0.0921382457017898,-3.2186859,2.9238985,2.2755067,-1.8120655,0.8155731,-0.42682847,-1.7469897,-2.0146322
0.094860665500164,-2.222705,-0.17649888,1.2056173,-0.21184327,3.5626736,-3.989643,-0.32463378,-4.056984
-0.0615979358553886,-3.19019,2.9019217,2.93781,-0.612984,0.46690097,-0.6421702,-3.4347174,-2.1485786
0.0651338621973991,-0.5777251,0.86468387,4.784502,-2.6769564,1.7638524,-3.9040256,-0.089068815,-0.95993984
0.0,-2.6234007,1.0522872,-0.36918518,-3.214665,2.864992,-1.4503567,-2.2297306,-3.7995505
0.2965470552444458,-1.66288,3.6568189,1.4967303,-0.8347774,-0.59756345,-4.0860834,0.6727875,-2.7170987
-0.0992665067315101,-3.3001316,2.922049,2.20029,-1.8277847,0.3658082,-0.4915238,-1.8252603,-1.6010996
-0.0878900066018104,-4.434601,3.9725208,3.401167,1.0220994,0.6145858,-0.269497,-2.254677,-2.1296527
-0.1597090512514114,-1.8894972,3.244666,0.13950458,-3.7272348,2.1100569,-3.647419,-1.3498405,0.112315625
0.0746238157153129,-1.224795,0.10911645,1.9109682,-2.0305805,2.7138572,-3.3016934,-0.6945466,-3.44831
-0.0402928739786148,-2.505727,3.0457466,1.3198259,-1.4938217,0.25129095,-2.318024,-4.4723644,-1.8820466
-0.068220779299736,-3.6769142,3.254898,3.713538,-0.43868852,0.45768753,-0.16542603,-2.6509948,-2.2346256
-0.0053589669987559,-4.155077,2.545071,2.1838262,-4.383412,2.1882973,0.8552209,1.06953,-2.4807303
-0.0598463118076324,-4.3196096,3.7701538,3.6674216,0.024817882,0.33435714,-0.29286176,-2.0609598,-2.2937362
0.0438432283699512,-2.4652772,1.6837866,-0.43225437,-2.6246076,2.4081638,-1.6290727,-1.7069997,-3.0599878
-0.1634778976440429,-2.228023,3.1810033,0.3578047,-3.959497,2.0864608,-3.6286154,-1.8329092,0.39788193
-0.0766728445887565,-3.3340964,3.0388122,3.1302905,-0.43649644,0.5979876,-0.5424777,-3.4887319,-1.9828169
0.0481668375432491,-1.587067,-0.3271197,2.2305825,-0.5876198,3.4477267,-4.074273,-0.5579504,-3.610706
0.0,-4.236094,2.9348018,2.33485,-4.031337,2.1531878,0.6390737,1.337826,-2.6733816
-0.0804028734564781,-2.1663342,2.9571648,1.5160363,-0.8024857,0.42760834,-2.3529217,-4.4557824,-1.7672484
-0.0092764636501669,-2.352569,1.1687874,1.4178479,-3.9468975,3.478661,-0.26337028,-1.8939707,-2.8816252
0.0830390602350235,-1.5507638,0.019154988,1.6691319,-0.78805417,3.7751732,-3.8857338,-1.0072086,-3.5210357
0.0920737609267234,-0.31456825,1.0102426,4.9050417,-2.8941226,0.79749703,-4.3865113,-0.07840184,-1.6003118
0.0442517884075641,-1.916806,-0.08229198,1.1155564,-0.7675863,3.8556485,-3.4889638,-0.8003673,-3.2629826
0.0779847130179405,-1.1047355,0.07336675,2.9135315,-2.004961,2.8835719,-3.02552,-0.4895755,-2.6051788
-0.0877310335636138,-3.673618,3.1602314,3.2250664,0.021508437,0.3355951,-0.42962313,-2.9669714,-2.0074215
-0.0436234101653099,-2.6139443,2.9906538,1.9593308,-1.1873854,0.33067346,-2.4687128,-4.411072,-1.2937003
-0.0669234618544578,-2.673365,3.237339,1.9111767,-1.6102302,0.43797848,-2.441503,-4.039751,-1.3131055
-0.0348901078104972,-2.6735437,2.766769,2.365943,-1.1517274,0.54436636,-1.2690351,-4.013386,-0.9778619
0.0968507677316665,-0.37741536,1.009845,3.9918127,-2.151742,1.6608425,-4.4994226,-0.24879265,-1.8775892
0.1308675408363342,-2.5999541,0.29137287,-0.0667772,-1.2374613,3.5771098,-3.0402722,-0.22401293,-4.2494693
-0.0923605635762214,-3.422624,3.3455496,3.0497062,-0.109200634,0.23651642,-0.6616658,-3.3342614,-2.112564
-0.0789772048592567,-3.5728092,3.4227333,3.2009952,0.025423992,0.555964,-0.6055164,-3.2616441,-1.911972
-0.0938765332102775,-2.208922,2.9193788,1.5523047,-1.0008765,0.16109663,-2.3429751,-4.5244136,-2.140831
-0.0020328646060079,-2.6502101,1.0461596,-0.32502165,-3.6199107,3.2474492,-1.5048397,-2.3862865,-3.9126258
-0.0560564547777175,-2.0334816,5.05788,0.06390524,-0.26497483,3.2203493,-2.819445,-1.0940788,-0.43171203
-0.1598240286111831,-2.4420834,3.9020462,1.123229,-0.003735274,1.651718,-2.697081,-3.1914625,-1.0217074
0.0,-3.9037344,3.0472603,2.4191556,-3.9452603,2.0310912,0.5498265,1.2016113,-2.829011
-0.0196490343660116,-2.1397586,0.9860555,1.2787167,-4.709484,3.2591236,-0.21678825,-1.7163965,-2.8718824
-0.0600247345864772,-2.7325482,3.0344179,2.0003026,-1.5507586,0.49499452,-1.6333537,-4.249916,-1.221004
0.0365669056773185,-1.1939837,0.2654614,3.4632788,-2.2879965,2.4851036,-3.3222477,-0.44988066,-2.2600548
0.0887163281440734,-0.53911525,0.9235649,5.0826774,-3.0213456,1.2226173,-4.107926,0.010696383,-0.975693
0.0494616813957691,-2.5743191,0.052547242,1.07796,-0.5405151,4.107028,-3.7909455,-1.1028816,-3.4692476
0.0621945299208164,-0.54279476,0.49436256,3.9937613,-2.2852876,1.8204879,-4.310523,-0.4926274,-1.9994595
0.0754551738500595,-0.5890792,0.8723425,5.084712,-2.8222086,1.7840497,-3.9784467,-0.2033143,-0.9818282
-0.0413561835885047,-2.531133,3.4003038,1.243748,-1.6934812,0.32052842,-2.514712,-4.346263,-1.397182
-0.042991142719984,-2.0616713,3.037999,1.580155,-1.3039414,0.09823577,-2.1521099,-4.5428147,-2.0581276
0.1106801107525825,-0.82609135,0.19749679,2.0853055,-1.3389143,2.2379425,-4.2766633,-0.044342846,-3.094576
-0.0886591598391532,-4.1087947,3.6963382,3.4679446,0.54750323,0.44029915,-0.2079521,-2.7676482,-2.1329129
0.0001757331192493,-2.3522382,1.1057568,1.5224837,-4.101865,3.3533783,0.049517408,-1.7857887,-3.1828966
-0.0420881733298301,-1.1089071,4.792592,-1.0571684,-3.8166344,3.3857303,-4.0194955,-0.70599395,0.8912183
0.0,-4.049592,2.7111158,2.3250473,-4.044094,2.3798919,0.9550518,1.1063995,-2.7248964
0.0927615463733673,-1.9041432,0.00446561,1.6699202,-0.73974335,3.5192482,-3.7020109,-0.74835575,-3.2360306
0.0448949448764324,-0.60974276,0.97893,3.6140027,-2.3384511,1.5876706,-4.7050357,-0.28632793,-1.8023254
-0.1046682670712471,-2.330834,4.914656,-0.70714843,-1.3764043,3.986752,-3.2280216,-0.30896387,0.3289934
0.0001757331192493,-2.2724946,1.4112371,1.4876351,-4.0254173,3.3318775,-0.12588958,-1.8112524,-2.9614372
0.0522924661636352,-1.8897519,0.15954736,1.0838221,-0.5105864,3.9023385,-3.850909,-0.4884579,-4.1687927
0.0,-4.1443343,2.700946,2.4095924,-4.0059166,2.0184598,0.6571705,1.1094952,-2.681137
-0.0728853866457939,-3.445963,3.0059865,3.2018776,-0.5518942,0.28338063,-0.47091967,-3.1254485,-2.0987597
0.0600885897874832,-2.0155973,-0.34342933,1.5238557,-0.64468944,4.1488724,-3.9756033,-1.0797254,-4.10022
-0.2210659682750702,-2.526665,3.1964722,-0.49549872,-4.7769938,1.3622061,-4.017168,-1.770266,0.7613394
0.0552133210003376,-1.1994861,-0.20965433,1.8611867,-1.6256472,2.7411861,-2.883811,-0.6391948,-3.6896162
-0.0926363915205001,-2.743398,3.160531,1.7710918,-0.8861091,0.030845344,-2.0555365,-3.8250883,-1.0375984
0.0562787353992462,-0.60684395,1.3012534,5.4940457,-3.1949472,1.6093647,-3.2465856,0.08229742,-0.8960989
-0.210893452167511,-1.3375933,4.6526465,-0.8391065,-3.5573757,3.0420136,-3.9838226,-1.0917883,0.8776323
-0.0006223635864444,-2.4602084,1.3877358,1.4716209,-4.2892165,3.6624846,0.1802327,-1.5841825,-2.9535577
-0.0579433292150497,-2.5762877,2.9532883,1.8808557,-1.0739253,0.4901703,-1.6333079,-4.3217387,-2.081454
-0.0140338651835918,-4.076249,3.1080189,2.2926528,-3.8510888,2.1022136,0.7765745,1.3381704,-2.9821093
-0.1172087341547012,-3.1005378,2.775254,2.837545,-1.9376903,0.47406682,-0.35330254,-2.671201,-1.8439368
-0.0685264244675636,-2.4598129,1.5655855,1.1092536,-3.7759478,2.6598573,0.2622054,-2.177317,-2.8453703
0.0977878049015998,-0.29593307,1.2914782,3.8716536,-2.018087,1.2630913,-4.862278,-0.32338983,-1.6353124
-0.0395798832178115,-4.378184,3.6869473,3.88633,0.07600842,0.13813607,-0.21957853,-2.1634803,-2.349224
-0.0006155604496598,-4.0480843,2.8679185,2.3328485,-3.9649072,1.8148932,0.8816066,1.1313459,-2.9660428
0.0,-4.4657836,3.0269232,2.0589178,-4.059215,2.2212303,0.6605342,1.4130243,-3.0601285
-0.0921962857246398,-2.6263442,1.3076663,-0.20351486,-2.945087,2.5580444,-1.7336602,-3.2160003,-3.2093377
0.0,-4.188826,2.9491754,2.50165,-3.7894416,2.2489932,0.67200285,1.1378194,-3.0022604
0.0,-4.341087,2.873586,2.2199497,-4.1475587,2.3214726,0.8981501,1.1948217,-2.8740964
-0.0632655248045921,-4.332849,3.7863622,3.9395702,0.32361445,0.32586408,-0.31733608,-2.0751703,-2.3637128
0.2640071511268616,-1.3050337,3.4132776,1.7357123,-0.9558151,0.0070355684,-4.2649517,-0.24910101,-3.067149
-0.0534623526036739,-4.167474,3.6945665,3.6160595,-0.2726838,0.25381175,-0.13680387,-2.2329578,-2.4337964
0.0,-4.1440334,2.9132228,2.1304653,-4.134532,1.9998218,0.7178627,1.5155716,-2.614373
-0.1799842268228531,-2.8118618,3.4755187,-0.44313234,-3.6646967,1.7672409,-3.3775957,-1.0533466,0.28319988
-0.0857251659035682,-3.1956973,3.084161,2.5681708,-1.2925222,0.16774575,-0.6678047,-2.9379754,-2.0916324
-0.0433684326708316,-2.4087644,3.0793009,1.3294436,-0.9935941,0.5326071,-2.6911314,-4.6705813,-1.9034417
0.1281501352787017,-1.7924922,-0.31076849,1.5837656,-0.7054664,3.7243445,-3.9375763,-0.8716551,-3.996018
0.0008705339860171,-2.875452,1.0865304,-0.61612207,-2.7889154,2.8732474,-1.301463,-1.3990839,-3.7444012
0.0341733694076538,-0.7964203,1.0175599,5.281121,-3.2851863,1.5566115,-3.009598,0.097951256,-1.1028345
0.0,-2.1412072,1.1763742,1.4881847,-4.4671335,3.483392,-0.049040418,-1.6848066,-3.0705717
-0.1018383428454399,-3.0463438,3.3636966,0.67553043,-2.5716457,1.5654457,-2.8666954,-2.3448222,-0.2335128
0.0002485241857357,-4.1232,2.9036016,2.4653804,-4.160281,1.8808017,0.8281615,1.4033222,-2.8145115
0.1268584430217743,-0.63743055,1.1346005,5.359608,-3.0532897,1.3863252,-3.871894,0.10931535,-0.93815154
0.1270840913057327,-0.73982894,1.479946,4.9038467,-2.3430471,1.4687449,-4.48651,-0.12886186,-1.2876381
0.0815293565392494,-1.956942,-0.17016023,1.4195673,-0.5011971,3.8607697,-3.9683788,-0.6645321,-3.8765376
-0.1278431862592697,-2.184501,5.168741,-1.2757497,-1.6515275,3.8948836,-3.5847085,-0.1667397,0.21387528
-0.0010729030473157,-2.5108037,1.3308543,1.579474,-4.2032685,3.6831985,-0.004628379,-1.698364,-3.1646328
-0.0862080454826355,-2.922278,3.4293642,2.1705582,-0.94475645,0.48481464,-1.3203547,-3.8008604,-0.81686354
-0.004749690182507,-2.6454163,1.0525234,-0.48598763,-3.2423513,2.9952025,-1.4218197,-2.3085577,-3.5888393
0.085836224257946,-1.878998,-0.07071637,1.3711358,-0.5284921,3.8315215,-4.046,-0.67133254,-4.0363727
0.0790307000279426,-0.4005906,1.3164732,4.8757253,-2.858807,1.4470663,-4.1124244,-0.012435909,-1.0075357
-0.0006155604496598,-2.3878298,1.320265,1.2883836,-4.4723167,3.4163117,-0.07416865,-1.5959467,-2.9640825
-0.0007618034142069,-4.217259,2.7434258,2.4498699,-4.0891256,2.1204967,0.8384114,1.2424841,-2.7201881
0.0,-2.5239992,1.101498,1.5217015,-4.4313154,3.4847882,-0.051540893,-1.7807398,-2.9517505
-0.0466610491275787,-2.365159,2.8725603,1.4316571,-1.0930775,0.2174626,-2.6771207,-4.4490614,-2.0046055
0.0001851039996836,-4.1570115,2.7358253,2.3449464,-4.069485,2.0918462,0.5025287,1.3128526,-2.6506085
-0.0403831303119659,-4.157752,3.6359556,3.5682442,-0.23126628,0.7333071,-0.1373265,-2.5647888,-2.2339785
-0.0071956422179937,-2.1474006,1.1191922,1.1114163,-4.2853856,3.2740057,-0.09977928,-1.7031546,-3.067931
-0.0661963745951652,-2.8680153,3.2504334,1.8127247,-1.0892502,0.36954123,-2.1083896,-3.9359107,-1.3424023
0.0,-2.1106768,1.2863822,1.5596967,-4.0610695,3.5770342,-0.050621346,-2.0164397,-3.0105941
-0.1242062300443649,-4.412623,3.8827758,3.3794339,0.71757054,0.4836687,-0.32696605,-2.3768878,-2.036718
0.0804132670164108,-0.44772702,1.1348367,4.877056,-2.8452215,1.0718783,-4.500591,-0.1921447,-0.98524857
-0.0006155604496598,-2.4169264,1.3911322,1.5101117,-4.2317142,3.2846944,0.06407939,-1.7756145,-3.068386
0.0,-3.2382243,1.8045324,-0.19528797,-2.741228,2.2535553,-1.6952554,-1.6074091,-3.2950056
0.0,-2.5990229,0.7317872,-0.10754259,-3.3332818,3.11392,-1.6665096,-2.5021002,-4.114433
0.0409900806844234,-0.73663193,1.0936519,3.5514617,-2.171625,1.5130888,-4.5217066,-0.22007069,-1.9689234
-0.2715571820735931,-0.73457134,5.4001923,-1.5602473,-2.7893677,3.9360826,-4.104892,0.20549104,0.40922353
0.0962214097380638,-1.4702346,-0.43191156,2.301568,-0.54303914,3.6596684,-4.369585,-0.36638653,-3.5741675
-0.0801038816571235,-2.6697035,3.1738307,1.688124,-1.5888957,0.3913386,-2.6837635,-4.104631,-0.96590954
0.098281055688858,-0.5896308,0.5952898,3.8384469,-1.4432725,2.1692345,-4.8795114,-0.20494108,-1.9409055
-0.0006155604496598,-2.3194165,1.7220929,1.573622,-4.373353,3.482657,0.08029689,-1.6340768,-3.319538
-0.0623211413621902,-2.377962,2.8629653,1.2641314,-1.834943,0.66009885,-2.2685049,-4.5299163,-1.7706697
0.096006155014038,-0.8569756,1.0285375,5.0119724,-3.1159623,1.4943666,-3.108315,0.5436751,-1.1044066
-0.0474463477730751,-3.3559787,3.1880949,3.2427795,-0.76254773,0.43706185,-0.36831018,-3.0887322,-2.113487
0.0788123458623886,-1.4773643,-0.2032447,1.4620003,-1.1031996,3.4814079,-3.8419182,-0.7234535,-3.5287156
0.0,-2.5169716,1.3932601,1.5650346,-4.0417457,3.4579558,0.069931515,-1.46735,-3.13176
-0.1716485917568206,-1.7161715,5.5083847,-1.2549009,-0.9758771,3.758066,-3.5405023,0.14928377,-0.30006558
0.0317753665149211,-1.7407339,0.18551365,1.1032335,-0.16157612,2.9050376,-4.043824,0.113590375,-3.6114728
-0.0002485241857357,-3.3363853,1.4244933,-0.66323626,-2.911971,2.9450111,-1.5261635,-1.635346,-3.9188335
0.0024878238327801,-2.4808118,0.7842721,0.5840965,-3.180553,2.8779764,-0.8626126,-0.77392733,-3.3901017
0.0907751023769378,-2.0056825,0.0779655,1.1879132,-0.28227404,3.904896,-4.2760563,-0.80440164,-3.952164
0.0,-2.2709873,1.2095652,1.4062036,-4.201441,3.3397684,-0.027033009,-1.8905965,-3.3257332
-0.0001757331192493,-4.3014417,2.850131,2.2624266,-3.7970247,1.9276459,0.78501034,1.2701298,-2.8440197
-0.1136650741100311,-2.5130382,3.0929708,0.2015169,-3.6309783,1.96374,-3.4259024,-1.842568,0.13649957
-0.0006155604496598,-4.2413344,2.7983518,2.2453976,-3.6977699,2.0498302,0.6627747,1.1957842,-2.8555765
0.0881921648979187,-2.3095143,-0.06623175,1.2103075,-0.48693317,3.7607324,-4.0892673,-0.66827506,-3.9669614
-0.0029447136912494,-2.3835645,1.1272175,1.4389553,-4.215195,3.5736518,0.04256241,-1.7692187,-3.1174285
-0.0442850850522518,-2.1775005,2.7317348,1.423157,-1.2317739,0.22572234,-2.2701116,-4.4287186,-1.9657053
0.1299706995487213,-0.2618592,1.4023114,5.3892198,-2.6685884,1.1397485,-4.0972233,0.08345762,-0.6668025
0.0874067693948745,-0.5213986,0.676724,2.7109592,-1.4464251,1.9596422,-4.450537,-0.41132757,-2.8338683
-0.0009520922321826,-2.483748,1.4352562,1.5097824,-4.2917666,3.4442408,-0.11217969,-1.7549832,-3.3308678
0.0,-2.5502083,1.4823302,1.472613,-4.528208,3.786655,-0.009434016,-1.8682433,-3.0115848
-0.1233098357915878,-2.2559106,2.9679337,1.3038368,-1.0523114,-0.2502089,-2.4329326,-4.8940516,-1.9231104
0.0002485241857357,-2.3592644,1.1690466,1.46324,-4.0099754,3.7825222,-0.10974689,-1.8174695,-3.0698385
-0.1558168977499008,-2.087767,3.7843451,0.18947566,-3.990235,2.8365989,-3.927954,-1.7165151,1.1774232
0.0740820840001106,-1.4130039,-0.13109973,1.6247634,-1.7591754,2.7845426,-3.0930893,-0.6117312,-3.7725184
0.0001757331192493,-2.5127404,0.9946775,-0.08021195,-3.1882827,2.9660513,-1.8480142,-2.3038318,-3.8089533
0.0008705339860171,-4.183602,2.804699,2.3062007,-4.0745754,2.0896664,0.82117903,1.486425,-2.8510363
0.0,-2.4882767,1.395037,1.5606048,-4.1407037,3.653515,-0.051459678,-1.5480752,-3.2998846
0.1388280838727951,-1.8435297,1.6638508,1.3417343,-0.3525833,2.448243,-4.2634044,-0.060893018,-3.8625576
-0.0544164106249809,-2.4695747,2.9070365,1.5748112,-1.3532763,0.8244978,-2.6898372,-4.116244,-1.5167882
-0.002397593576461,-2.5392797,1.4091126,0.5127665,-4.2951293,2.6947508,-0.07697877,-0.57223743,-3.0443127
-0.0005190677475184,-2.3740206,1.4344788,1.596503,-4.094036,3.4582987,-0.028786926,-1.7430087,-2.8273528
0.0912257879972457,-0.6152608,1.0976598,4.5731845,-2.4104888,1.3200419,-4.709801,-0.031499133,-0.99539316
-0.1002091169357299,-2.183998,3.8301666,-0.28115752,-4.166879,2.1309495,-3.9332075,-1.1227516,0.6219017
-0.1609952449798584,-2.4555807,3.7833164,0.39611596,-0.63703674,1.0956221,-2.280946,-3.0351944,-1.0579803
-0.1034299284219741,-3.9601486,4.728926,2.24086,2.0109847,1.4513507,-1.6636937,-2.1625874,-1.8573292
-0.0365336649119854,-3.2898428,3.004864,3.0931828,-0.5644807,0.6619308,-0.45807135,-3.3318484,-2.0178359
-0.0850679576396942,-2.937677,1.9726565,1.3934405,-2.1532774,2.309139,-0.2643456,-3.156707,-2.7487652
0.0450614020228385,-0.63087595,0.9159998,4.9355216,-2.983963,1.423325,-3.92514,0.052805163,-1.4247725
-0.0839241668581962,-3.007577,3.0836341,2.7719984,-1.3427503,0.4861455,-0.32877517,-2.1760511,-2.4324422
0.1282352805137634,-0.60121596,1.0339745,5.171075,-3.1876752,1.3500595,-3.2146375,0.5346364,-1.3194717
-0.0532387159764766,-2.4617066,2.940262,1.6514086,-1.4033234,0.27395982,-2.720923,-4.1317825,-0.9013655
-0.0012556808069348,-2.6205752,2.0401087,1.9479954,-3.6982653,1.8166536,-0.6681905,-1.4627402,-2.2117212
0.0851862952113151,-1.8395585,-0.02614751,1.297958,-0.60531646,3.5644712,-3.8078198,-0.5403316,-3.5106618
-0.1476285755634308,-0.8051871,5.3082952,-1.571779,-3.14307,3.2310715,-4.3075724,0.1503752,0.28265393
-0.0006155604496598,-2.4373467,1.3207977,1.5083479,-4.242729,3.534143,0.16562305,-1.6396154,-3.0610595
-0.0487388558685779,-2.332622,3.021392,1.2639766,-1.2720512,0.46278453,-2.4399562,-4.4553747,-1.9911472
0.0928381383419036,-1.4725595,-0.36789423,1.9822018,-0.309043,3.3134837,-4.2929835,-0.26464123,-3.6412625
-0.1738829910755157,-2.3680322,3.500505,0.15466012,-3.4463995,1.6895188,-3.5926857,-2.0996182,0.15435867
0.0448234938085079,-1.1712813,0.47662657,3.5966256,-2.39388,2.4716556,-2.92732,-0.7254234,-2.182673
-0.0764127969741821,-4.3637905,3.6002727,3.6239655,0.5355139,0.7062013,-0.6543016,-2.3845906,-2.580883
0.1012860015034675,-1.957878,-0.21349162,0.9313055,-0.5717945,3.5281518,-3.8621378,-1.0620553,-4.1665826
-0.0346463285386562,-2.5713296,3.4854093,1.5671748,-1.231676,0.40887138,-2.3557117,-4.1538796,-0.95158505
0.0,-2.372442,1.2350023,1.3798652,-4.4706235,3.4437406,-0.17995378,-1.7840792,-3.2048879
-0.0075731435790658,-2.6033773,1.3438826,0.596439,-4.103406,2.8380935,-0.022371255,-0.7091181,-3.0700302
-0.0556522533297538,-4.459209,3.5750759,3.8012133,-0.1458823,0.3213206,-0.0061215907,-1.4645578,-2.0041268
0.0523058846592903,-1.1677196,0.28396374,1.691,-2.0911255,3.0320067,-3.023192,-0.5289277,-3.592933
-0.041674043983221,-4.117337,3.378055,3.5195904,-0.003307715,0.2381325,-0.18368103,-2.2790895,-2.7087662
0.0792794004082679,-0.8050288,1.5855753,2.2558239,-0.38901263,1.4378717,-4.5281754,-0.0524323,-2.834395
-0.0010198625968769,-3.9864142,2.658085,2.1885178,-4.307623,2.1496904,0.70362365,1.0895479,-2.8085275
-0.239721804857254,-1.2989292,5.2185564,-1.534827,-3.2051601,2.9437244,-3.944284,-0.47326532,0.6473596
-0.0329808108508586,-4.3045416,3.5362267,3.7927508,0.19917013,0.3898687,-0.27135915,-2.0524316,-2.1989014
0.0,-4.0388484,2.761067,2.339719,-4.0222645,1.9751338,0.4748929,1.0816493,-2.8405714
0.2056804597377777,-1.0245942,3.7830358,1.3628354,-1.0668819,-0.48676267,-3.8587058,-0.23055884,-2.9344614
0.128482848405838,-1.8734748,-0.22166607,1.480092,-0.3289301,3.6715617,-4.0052404,-0.7092434,-3.647537
0.0,-2.3547237,1.3888452,1.5068659,-4.40127,3.6928744,0.035290387,-1.8250941,-3.1944232
0.0843774452805519,-0.42704317,0.94277143,4.9155974,-2.644598,1.6728421,-4.349973,-0.11915088,-1.1245992
0.0704820826649665,-1.9762666,-0.013877846,1.3868259,-0.8460444,3.733555,-3.5618987,-0.78758305,-3.2835846
-0.1198894008994102,-2.722067,3.9010267,1.480443,0.4499745,0.8671288,-2.429266,-3.7482479,-1.2459499
0.0747319608926773,-2.2094438,-0.08762134,1.1044133,-0.78222317,3.792392,-3.564566,-0.80169123,-3.7111645
0.0743032395839691,-1.2783415,-0.5650953,2.176848,-0.8305861,3.6019242,-4.0248237,-0.5855168,-3.5687249
0.0970507636666297,-0.33161524,1.3576818,4.6963463,-3.2727623,1.3791494,-4.5790405,0.3472911,-1.187805
0.0948596373200416,-2.1153562,-0.056793526,1.2703251,-0.7243377,3.5868614,-3.9566085,-0.69100565,-3.573347
-0.0813963413238525,-4.0274825,3.4669507,3.6143587,0.38993692,0.24645388,-0.3237593,-2.0278883,-2.0441628
-0.0916977152228355,-2.2784312,3.6835043,-0.4262629,-2.7479084,2.0065975,-3.6473873,-1.6139076,0.24703719
0.0677167996764183,-1.8466686,-0.16370007,1.4564873,-0.27546662,4.0949144,-3.7862868,-0.84874177,-3.9125817
-0.0007618034142069,-4.0684395,2.682413,2.2118561,-4.3606114,2.0139723,0.75630754,1.2035916,-2.9456477
-0.0387880019843578,-2.2512903,3.400738,1.3579837,-1.3661854,0.41748393,-2.4763253,-4.592644,-1.6408765
-0.0021625359077006,-2.3011305,1.1781859,1.2258301,-4.106943,3.2557428,-0.0635955,-1.7988832,-3.1458507
-0.0351089350879192,-2.463026,3.494299,1.9048038,-1.2354153,0.4066256,-2.3563452,-3.9592576,-1.3032012
-0.0376547202467918,-2.8809617,3.1107783,2.1773915,-1.0891718,0.23950481,-1.2162627,-3.3349097,-0.9025084
0.0676177218556404,-0.61217195,1.1191992,5.3956385,-2.8708475,1.8501627,-3.932492,0.21318527,-0.6523044
-0.003495147684589,-2.7122538,1.497422,0.7468551,-4.356267,2.8265185,-0.2702542,-0.74460757,-3.0112019
0.09794532507658,-1.645565,-0.38301626,1.6364594,-0.7023299,3.7313645,-3.8291402,-0.824457,-3.3083994
0.0,-2.5057852,1.5398353,1.5537121,-4.1541595,3.0737221,-0.03233887,-1.4735858,-3.0910254
-0.0033429751638323,-2.239945,1.3416439,1.5353643,-4.5602093,3.6865823,-0.04136751,-1.7395465,-3.1403441
0.0764906629920005,-1.8733271,0.054867946,1.2718507,-0.88253427,3.8675814,-3.5052261,-0.89166236,-3.5584116
-0.0088134938850998,-2.662974,1.3977509,0.5915679,-4.289174,3.0952406,0.04021571,-0.9630015,-2.7463465
-0.003139162203297,-4.109849,2.9078033,2.1915736,-3.8460875,1.840708,0.69599056,1.1995881,-2.9913526
0.127242624759674,-1.6138897,-0.024064995,1.6594608,-0.7427238,3.7961862,-3.859575,-0.8370907,-3.3753393
-0.0825876221060752,-4.1371775,3.8969069,3.3992696,0.8453712,0.13806033,-0.47944972,-2.2725227,-2.3156698
-0.0847456380724906,-3.2728393,2.8392167,2.887764,-0.51278055,0.17973801,-0.36376396,-2.6134076,-2.364736
0.0,-2.4379168,1.2933185,1.3993672,-3.9666605,3.3541188,-0.013248887,-1.4746394,-3.1442885
0.1311541050672531,-1.7959572,1.8894935,1.4197624,-0.44396654,1.9002383,-4.2429676,0.07454006,-3.5522754
0.0394152291119098,-1.6954892,-0.30837727,1.7873552,-0.3594491,3.3462327,-4.1910524,-0.4186272,-3.834619
-0.0018777247751131,-4.038689,2.7389119,2.271904,-4.3063097,2.182402,0.76032084,1.205682,-2.905854
-0.0356863662600517,-2.554525,1.3000773,1.3112923,-3.8518744,3.28872,0.2281961,-1.7377008,-3.2720659
0.1016777083277702,-0.27651525,1.0917225,4.8488607,-3.4007604,1.0899842,-4.3501024,-0.07449627,-1.0572146
0.0459570102393627,-0.74484617,0.5219978,2.011233,-1.741316,2.2945592,-4.4723816,-0.3849669,-3.3512752
-0.0481428243219852,-2.2984626,2.9854808,1.4093971,-1.6229618,0.13794193,-2.181036,-4.7035403,-1.8362676
-0.0368633270263671,-3.356898,3.4104125,0.9334626,-2.4797885,1.8530605,-3.252349,-2.1633956,-0.44468835
-0.0619288571178913,-4.346564,3.6327846,3.9665153,-0.33860952,0.6923218,0.077995285,-1.6935858,-2.0016375
0.0889381021261215,-2.385002,-0.16909209,1.1370118,0.23304594,3.6945844,-4.1209803,-0.6452222,-4.038633
0.0524967610836029,-0.6779547,1.3660764,4.8729444,-2.4654992,1.7666285,-3.7682242,-0.009749003,-1.2332462
-0.2336861044168472,-1.5336233,4.090123,-0.5346411,-3.5133567,2.774951,-3.6595285,-1.2418317,0.61929244
-0.0631784722208976,-4.2180467,4.326544,3.08436,1.9105346,1.2091045,-0.78318566,-2.171513,-2.1970022
0.0026130015030503,-2.727431,1.5508031,-0.7315327,-2.8641698,2.648393,-1.1876193,-1.8511295,-3.5363004
-0.1272851973772049,-2.4044049,3.419915,0.3121672,-3.8321283,1.9752288,-3.630169,-1.8323056,0.67756385
-0.0543972551822662,-2.4130633,3.011549,1.7717113,-1.3162673,0.41985983,-2.3923748,-4.209279,-1.3079112
0.1297268718481063,-0.53982484,1.2160282,3.2169986,-2.2782974,1.5444301,-4.411024,-0.27467358,-2.1226044
-0.042616382241249,-2.4315004,2.7179751,1.2309457,-1.3898476,0.23309997,-2.5081918,-4.3051057,-1.7419876
0.0922265350818634,-1.9235604,0.005512163,1.5194502,-0.3822399,3.768963,-4.0371237,-0.8159665,-3.6757274
0.0979495570063591,-0.44220707,0.90998864,4.911758,-3.0217147,1.6623083,-4.422813,-0.12200059,-0.78897786
-0.0047866874374449,-4.153456,2.9956686,2.29697,-3.6819923,2.0602448,0.7447768,1.4692688,-3.1053813
0.0572232715785503,-1.8193036,-0.24950954,1.7098312,-0.63808584,3.472018,-3.6771743,-0.8730742,-4.0223293
-0.0561232678592205,-2.4715867,3.1651208,0.9100803,-0.97680527,0.33505306,-3.0438507,-4.679501,-1.4458313
0.0851159393787384,-1.6069424,1.6593679,1.5394126,-0.012452424,2.0700707,-4.325091,-0.12302568,-3.7644722
-0.0010773526737466,-2.5378418,0.83279866,-0.03145387,-3.1342776,2.663373,-1.593654,-2.2795968,-3.8668082
-0.0387063212692737,-2.5812,2.8800647,1.8841748,-1.3280019,0.68396026,-2.0586658,-3.7808502,-1.2867786
0.0879787132143974,-1.57447,-0.03860365,1.8285915,-0.44106168,3.4267914,-4.153825,-0.67814344,-3.9664571
0.0514528639614582,-0.7473438,1.2294201,4.8107924,-2.3653822,1.8804063,-3.8102489,-0.2705124,-1.0927428
-0.0934024825692176,-3.494117,2.641445,2.0710156,-1.9741483,0.6518323,-0.4350947,-1.5943753,-1.5925914
-0.0024654839653521,-3.9468477,2.586994,2.3173628,-4.07038,1.9175811,0.5944351,1.2125959,-2.9946184
0.0563370883464813,-1.5775237,-0.01716619,1.4799405,-0.63945466,3.5967999,-3.7157624,-0.9385637,-3.110501
-0.0339258462190628,-2.4403038,2.7788618,1.0973006,-1.6747676,0.4395244,-2.562108,-4.260505,-1.9620874
-0.0489842891693115,-2.4675438,3.1262047,1.3547907,-1.1299243,0.6367862,-2.5682683,-4.1426535,-1.786442
-0.1223931536078453,-4.045816,3.6291451,3.5268614,0.48712185,0.19188307,-0.50852317,-2.356458,-2.603167
-0.1238661855459213,-2.755118,3.2013757,1.7123588,-1.4468849,0.6009016,-2.4545505,-4.237511,-0.9498855
0.0482227317988872,-2.3193855,0.028021738,0.8416778,-1.1829765,3.6733937,-3.2212667,-0.7980165,-4.2129173
-0.0355952121317386,-4.0221252,3.6870973,3.6920123,-0.08280009,0.6637473,-0.34552714,-2.190429,-2.2109823
-0.1423113644123077,-2.1353087,3.4152732,0.42817265,-3.2540777,2.001382,-4.0113497,-2.0919254,0.30866736
0.0759901627898216,-1.6562401,0.09979024,1.54721,-0.59506464,3.5936747,-3.859911,-0.9878337,-3.3406913
-0.0838981047272682,-3.4199302,3.084841,2.8859134,-1.1173267,0.45739248,-0.56670177,-2.4150164,-2.057697
0.0,-2.5841377,0.8381529,-0.19681191,-3.3449037,3.1964538,-1.5102423,-2.4123888,-4.043063
-0.0890067592263221,-2.4648433,2.7375236,1.2646335,-1.3755125,0.16970387,-2.7265067,-4.5240116,-1.7277805
-0.0653188824653625,-3.4195936,3.0369778,2.908755,-1.2686651,0.62073576,-0.3075551,-2.3078847,-1.9311192
-0.0480259805917739,-3.9819415,3.4079137,3.5644133,-0.22197555,0.6056702,-0.09335441,-2.724611,-2.3890104
-0.0067612864077091,-2.6400824,0.9419704,-0.47307774,-3.595567,3.2243454,-1.5007532,-2.426956,-3.633561
-0.085940770804882,-2.3586965,3.1177185,0.96369684,-1.2729198,0.38518733,-2.6747391,-4.5849776,-1.5016582
-0.1923644393682479,-2.5967355,3.8919218,0.27759793,-3.421369,2.0887027,-3.5910025,-2.029257,0.863147
-0.0465910136699676,-2.9972122,2.8091612,3.007595,-1.5454102,0.5674253,-0.18051508,-1.9997026,-2.244619
-0.0410525649785995,-2.366636,2.9824593,1.7081271,-1.4228545,0.5111316,-2.7437348,-4.2381625,-1.4787416
-0.0449151694774627,-4.0419674,3.3274922,3.3858845,-0.69589657,0.3711173,-0.48046184,-1.7664922,-2.0808845
-0.1549305170774459,-2.1704977,3.9826658,0.77567893,-0.2567559,2.037245,-2.7342062,-3.1039321,-1.0569534
-0.0016081286594271,-4.2469873,2.9730601,2.1603656,-3.9413524,1.9046527,0.76849383,1.3120234,-2.9055293
0.0,-3.926443,2.9457874,2.4051301,-4.2133694,2.244998,0.47145316,1.3188423,-2.7812524
-0.1970606744289398,-1.665522,3.6913483,0.45102546,-3.1382372,1.4783182,-3.8959885,-3.1076,-0.06834929
-0.2333066463470459,-2.0530558,4.086295,0.11099627,-4.0499825,2.5361872,-4.177622,-1.6252472,1.2742878
-0.0900597050786018,-3.0844767,2.8810582,3.215779,-1.138106,0.31969276,-0.50661314,-2.7968378,-1.7620687
-0.0097985714673995,-2.7281785,1.4565408,0.62151754,-4.3371344,2.858656,-0.06941948,-0.87347025,-3.0431867
0.0908412933349609,-2.0002024,-0.115314156,1.2143034,-0.3993979,3.9993775,-4.144999,-0.70768017,-4.069611
-0.0762815698981285,-2.7299342,2.946156,2.2429957,-1.4915348,0.38425422,-1.5063283,-4.2295747,-1.1346121
0.0561306215822696,-0.63329244,0.77957845,4.5983477,-2.542709,1.5852152,-3.7662365,-0.12124334,-1.4217783
0.0622267127037048,-1.3097535,0.41705003,3.3627684,-2.4452164,2.358107,-2.9851675,-0.42991108,-2.4425554
-0.047668732702732,-3.165694,2.9125278,2.7884066,-1.6277235,0.45783156,-0.31695163,-2.6384683,-1.9554514
0.0006155604496598,-4.3330746,2.797511,2.150126,-4.135212,1.9346324,0.6280299,1.4767818,-2.8249147
-0.0707406029105186,-2.979695,2.9119925,2.880881,-1.5468602,0.37018967,-0.41941825,-2.5929718,-2.2313228
0.055338367819786,-0.69190454,0.77200854,5.4489436,-3.5619876,1.5180451,-3.3571942,0.20342383,-0.86339635
-0.002274019178003,-3.989356,2.6861613,2.031885,-4.071346,1.9163359,0.7112902,1.4107301,-2.513241
-0.0967176184058189,-2.4848523,3.1184042,1.4833742,-1.176708,0.47530323,-3.0066574,-4.5663853,-1.5981141
0.0419322811067104,-1.6366369,-0.18190211,1.6709166,-0.92613465,3.5915241,-3.531361,-0.9281646,-3.3632596
0.0570593401789665,-0.7664974,1.3059133,2.9983556,-2.105052,1.7665458,-4.340219,-0.36227348,-2.2943501
-0.0954154729843139,-2.5090373,3.25906,1.7291164,-0.95462877,0.28635815,-2.2616715,-4.1646643,-1.7421455
0.0822077691555023,-2.0012696,-0.38534966,1.3878778,-0.41477567,3.7218552,-4.117128,-0.8026593,-3.7837346
-0.0596992187201976,-3.3091729,2.9604547,2.8665283,-1.9374325,0.19693345,-0.34578934,-2.2148182,-2.6795578
-0.2136420011520385,-0.86620253,5.2959814,-1.5512278,-2.899907,3.1175969,-4.156777,0.21443808,0.25368398
-0.1260257512331009,-2.4478805,3.621473,1.2057718,-0.33963156,2.0886183,-1.9803327,-3.94323,-1.6242597
-0.0004398273595143,-2.1425536,1.41054,1.6747329,-4.162635,3.4509683,-0.118744045,-1.7441995,-3.1258001
0.0759485140442848,-1.0796335,0.09904291,1.8241853,-1.7875689,2.4432962,-3.3880684,-0.5583232,-3.4738197
-0.0452557280659675,-2.611362,2.9237003,1.2162638,-1.8176671,0.604772,-2.5701795,-4.4393287,-1.5241919
-0.1217534467577934,-2.3734133,3.222131,1.419238,-1.4480364,0.5770018,-2.944296,-4.409767,-1.1151904
-0.0001757331192493,-4.2563715,2.9225626,2.233188,-4.073673,2.1857636,0.46623197,1.2885541,-2.748338
0.0,-3.1584249,1.6180847,-0.65979207,-2.4997606,2.903614,-1.3112338,-1.4784583,-3.999144
0.0,-4.089524,2.5111434,2.2086525,-4.1784177,2.3774803,0.8258984,1.107399,-2.6704707
-0.0925961807370185,-2.3365664,3.0069933,1.5650288,-1.2513038,0.23327267,-2.6956768,-4.607792,-1.2890526
0.0931228101253509,-1.724159,-0.39058378,1.634661,0.061528146,3.7185967,-4.359826,-0.6382947,-3.910183
0.0,-2.3149083,1.2136855,1.4464511,-4.3566856,3.5630326,0.15469168,-1.6870024,-2.914817
0.0084572592750191,-4.4892035,3.0738919,2.1278145,-3.457736,1.9064016,0.8095805,1.1088966,-2.9084144
0.1730320304632187,-2.3877676,0.30272096,0.2620918,-0.476605,3.4369752,-3.762766,0.08782185,-4.3052783
0.0475016199052333,-2.1265469,-0.20934793,1.2230746,-0.6584981,3.535128,-4.0240564,-0.75425035,-4.139829
-0.0837574526667594,-2.4410856,3.3099103,1.5787506,-1.0430038,0.42175624,-2.4191122,-4.6908135,-1.5690753
-0.0887148380279541,-4.180591,3.821195,3.5242078,1.0251954,0.49993035,-0.45946175,-2.6445062,-2.1257634
0.0,-2.4762485,0.9216894,-0.025146902,-3.276806,3.0933254,-1.5601299,-2.3899398,-3.7382996
0.0976558029651641,-0.59021294,1.037339,4.977717,-2.65873,1.492819,-4.250508,-0.0046934932,-0.9572772
0.0428961664438247,-1.2869154,-0.08498833,1.6884445,-1.0633869,3.4147973,-3.9896293,-0.6883799,-3.7678795
0.2398640811443328,-1.6447735,2.507804,1.357052,-0.40593573,0.5884717,-3.951864,0.57356095,-2.9902844
0.060357853770256,-2.1671014,-0.34707156,1.027917,-0.38751394,3.9953203,-4.175389,-0.65463555,-3.820159
-0.0737244710326194,-4.4650736,4.050411,3.5263972,0.8489975,0.42284727,-0.1795558,-2.274972,-1.9832653
0.0413179583847522,-1.8939091,0.11164568,1.5497285,-0.47558904,3.4294493,-3.543076,-0.69355154,-3.221507
0.0521240718662738,-0.41611534,0.5003033,3.7091877,-1.9345986,2.2060144,-4.3294306,-0.48691404,-2.0304654
0.0991446524858474,-0.6358483,1.4490567,4.9175563,-2.6606724,0.9414378,-4.2678957,-0.029219568,-1.2920154
0.0558113045990467,-1.4393442,1.1853586,4.745525,-3.5241313,1.5072807,-2.5229635,0.028341375,-1.3894802
0.0531451851129531,-0.66595,1.0483365,5.0194554,-2.8238215,1.5824212,-3.8541467,0.04822676,-1.0332836
-0.2784179747104645,-2.5869648,3.2773805,-0.68856335,-3.8598342,1.5306268,-3.694611,-1.177754,0.5411883
0.0,-2.3559215,1.3276324,1.5466487,-4.441663,3.428405,-0.031614866,-1.696448,-3.0700655
-0.1971943527460098,-1.8060348,3.512063,0.5932302,-2.1823723,0.6400271,-3.4018621,-4.317102,-0.5503336
0.0,-2.1886303,1.3640333,1.6151369,-4.509284,3.7674203,-0.10192105,-1.9525009,-3.288088
-0.0006155604496598,-2.654911,1.2376429,-0.43001458,-3.4134312,2.7203388,-1.2374382,-2.3002691,-3.8761854
-0.1876653134822845,-2.5573442,3.8484647,0.14231184,-3.661331,1.9121467,-3.8735325,-1.794215,0.88078797
0.0799861624836921,-0.64748347,1.2945998,5.317697,-2.8556862,1.4932175,-3.938387,0.36230078,-0.91836643
0.1047790572047233,-0.5336687,0.9470816,5.4612513,-3.2522037,1.1763088,-3.9315355,0.20705533,-0.90016747
0.0485275983810424,-1.3083922,1.3501557,4.828361,-3.3388195,1.7991911,-2.7126975,0.11677681,-1.4103763
-0.0136875594034791,-4.207673,2.7727625,2.5056486,-3.7568128,2.1879697,0.8338244,1.3307006,-2.9257538
-0.0525871105492115,-2.6109183,0.97291356,-0.18836209,-3.179648,3.1285462,-1.5934398,-2.8781648,-3.6094046
0.0,-2.3840275,1.0418655,1.6057403,-4.340723,3.5636175,0.006474249,-1.9269327,-3.1296043
-0.0857944414019584,-3.4690304,3.5951977,1.9768254,0.40536392,0.65061474,-1.3618057,-3.34974,-1.2995353
-0.02881421148777,-4.096927,2.8499935,3.0956254,-1.3277433,0.34485078,-0.21419474,-0.7317097,-2.065778
-0.089082658290863,-3.7660716,3.9666924,1.6351998,0.15646946,1.2958447,-0.4197551,-1.1878316,-2.3676379
0.0681886076927185,-1.9049574,-0.44219244,1.3335772,-1.1881176,3.8923297,-3.9710026,-0.5721638,-3.947104
-0.0006155604496598,-3.9949782,2.644662,2.2558582,-4.0018673,2.014763,0.7608596,1.4135567,-2.7009113
-0.0713650435209274,-2.0795476,2.9045544,1.0864228,-0.9802669,0.59017205,-2.2682202,-4.594305,-1.7799237
0.0906659886240959,-1.9612765,-0.31144452,1.3947804,-0.3093603,3.5302875,-3.942868,-0.8780289,-3.2105436
0.0743444710969924,-2.2167146,-0.012482319,1.1348939,-0.41741568,3.7682226,-3.8354146,-0.72547984,-4.0995183
-0.0865776240825653,-2.5928538,3.4821503,1.4712038,-1.572274,0.95015097,-2.7310436,-4.1899085,-1.0943556
-0.0561183243989944,-3.4759593,3.3168433,3.4480596,-0.21809237,0.31531146,-0.50631416,-2.8778358,-2.616867
0.0856382697820663,-0.56178474,1.166644,5.177767,-2.6698864,1.6961243,-3.9916172,0.22338435,-0.704027
-0.0497677698731422,-3.2763832,2.9070854,2.7577782,-1.247643,0.5333704,-0.20737745,-1.7621676,-2.4098282
-0.0344750359654426,-2.8712256,3.4656565,2.7588093,-0.35601372,0.19365118,-0.95200056,-3.4640362,-2.0574336
-0.1772055625915527,-2.0409167,3.235627,-0.332399,-4.014234,1.5154742,-3.886658,-1.0662642,0.68201375
-0.093046560883522,-3.901719,3.516251,3.39427,0.37967584,0.58790374,-0.45004797,-2.6799116,-1.9679948
0.0,-2.3665357,1.4922228,1.2198902,-4.589942,3.7138016,0.15612698,-1.594777,-3.2915955
-0.0121874995529651,-2.1222348,1.2521701,1.3005909,-4.276905,3.1348686,0.06307575,-2.0096142,-2.961206
-0.0552609823644161,-2.4545786,3.0655334,1.4256825,-1.2358354,0.8208581,-2.5568936,-4.206831,-1.4662322
0.0693224519491195,-0.46797395,1.256403,3.3574972,-2.045048,1.6657442,-4.5775337,-0.3221639,-2.0768712
0.0943020284175872,-1.5281613,-0.24257456,1.7956612,-0.20469749,3.6672792,-4.1043663,-0.64320564,-4.0869136
0.0408119708299636,-1.4312505,0.15946624,1.6095499,-1.4642233,2.8689346,-3.1047034,-0.83876735,-3.7339234
-0.0320519357919693,-3.0167356,1.7162224,0.7753433,-3.7367318,2.2665215,0.30827838,-1.0022917,-2.7217991
0.0688783973455429,-1.9736197,-0.11748303,1.5670035,-0.30718708,3.8610086,-3.9773498,-0.8732129,-3.9539037
-0.1523689925670623,-2.4490645,3.3742535,0.53829294,-3.027333,2.0654333,-3.977458,-2.0630453,0.15586743
0.0486938953399658,-1.9395384,0.18052317,1.3244963,-0.31068182,3.4128127,-3.35049,-0.6026464,-3.4488323
-0.0769007131457328,-2.5738776,3.361866,1.3091773,-1.4930886,0.60879594,-2.5943172,-4.3382664,-1.2207289
0.0,-4.2199893,2.7568235,2.2752428,-4.1900206,2.0721593,0.7100939,1.4861238,-2.934433
0.0526647642254829,-1.917316,-0.26094785,1.2324679,-0.40489697,4.261039,-3.9433322,-1.0152619,-4.2987895
-0.0031166253611445,-4.2733045,2.6643362,2.403305,-4.0177345,2.0743654,0.7640261,1.3812388,-2.7655952
0.0423484928905963,-0.39971024,1.528952,4.2132597,-2.577902,1.1839329,-4.183205,0.17096259,-1.3850725
-0.1921981573104858,-1.2599287,5.483348,-0.54191786,-2.8396251,4.0996003,-4.160838,-0.6058095,1.0812259
-0.0046371226198971,-2.2495685,1.6846199,1.4500358,-3.8256211,3.4392824,-0.17736995,-1.6616462,-3.1413906
0.0645484998822212,-1.4136486,0.96634364,4.8123837,-3.673986,1.3256013,-2.4536984,0.42161968,-1.4956455
-0.0561373755335807,-2.600698,2.8562098,1.8462119,-1.5247321,0.56248486,-1.7258841,-3.956809,-2.149485
-0.0954669117927551,-3.4392045,3.3139334,2.373534,-0.30149424,0.74034363,-0.6156151,-3.0719864,-1.6321223
0.0943527072668075,-2.0974085,-0.17317423,1.4480202,-0.6580007,3.5176702,-3.59199,-0.7296173,-3.4764807
-0.2531512975692749,-1.0064484,5.25678,-1.5542164,-3.2826927,3.4902625,-3.9853797,0.15533394,0.32780686
-0.2021418064832687,-2.1705384,3.628044,0.13078621,-4.2869754,2.4913309,-4.3511066,-1.8908455,1.342357
0.1280032843351364,-1.8876975,-0.19708593,1.4646654,-0.3244534,4.046371,-3.8958952,-1.0355433,-3.913872
-0.0005661552422679,-2.834137,2.0017297,2.1359217,-3.4973667,1.8140053,-0.4802382,-1.6617935,-1.9099174
0.1006583496928215,-0.48402774,1.432008,4.5947413,-2.2833412,1.1893562,-4.6978273,-0.08851897,-1.6223837
0.101825937628746,-1.9392107,-0.04314379,1.2488197,-0.39880335,3.7906973,-4.0484157,-0.415726,-3.9931583
0.0,-2.3019564,1.1832899,1.5822277,-4.3351145,3.484966,-0.10035552,-1.9452783,-2.8733315
0.0801392048597335,-0.7062952,1.0003344,2.7969809,-1.6883296,1.9646993,-4.4478106,-0.38373402,-2.503446
0.0941132009029388,-0.6263757,1.3664253,5.4294963,-2.3697379,1.0038393,-4.409199,-0.007972434,-0.9976137
0.0632520243525505,-0.4618884,1.5884665,4.78967,-2.8546853,1.3764883,-4.1408644,-0.237566,-1.2893823
0.0865680426359176,-2.1112406,-0.38897127,1.450835,-0.22160868,3.9029517,-3.7974718,-0.8072538,-3.751203
-0.0458290539681911,-3.369638,2.9031188,3.089442,-0.624681,0.1843112,-0.39249885,-3.490394,-2.1905308
0.0408029481768608,-0.61379516,0.38751042,3.8882055,-1.7230775,2.485711,-4.238736,-0.43773285,-2.041894
-0.0006155604496598,-4.2865553,2.6711636,2.1444669,-4.3883357,2.1395354,0.9054846,1.1930326,-2.7845294
0.0822141841053962,-0.62843364,0.5631129,4.0453506,-2.4721544,2.2544627,-4.371413,-0.2071052,-1.6900736
0.0721249729394912,-0.7607966,0.91557544,2.8910027,-1.9781702,1.7205101,-4.259016,0.12936354,-2.6242871
0.0799577534198761,-1.222992,0.12900817,1.7585955,-0.32034492,3.510305,-3.9379823,-0.72907996,-3.5105362
-0.0006155604496598,-4.1718106,2.9338229,2.1658547,-4.2216587,2.2730834,0.6611142,1.4385128,-2.9314046
-0.0946997255086898,-2.1604257,3.0094538,1.2757541,-1.3473423,0.17081259,-2.710756,-4.635875,-2.0064268
-0.0008492356282658,-2.684013,1.140796,0.69393784,-4.705742,3.0450745,-0.11256586,-1.1689752,-3.0512152
-1.0,-1.402971,2.6076999,1.2135365,-2.409549,1.2979518,-3.364227,-1.5391017,-1.9517422
-0.0513369888067245,-2.5214393,3.226935,1.0814742,-1.4350638,0.039480224,-2.7127743,-4.368216,-1.951535
-0.0926249250769615,-2.487481,3.43856,1.2680998,-1.3211129,0.3757456,-2.4201272,-4.2488923,-1.7331024
-0.0947046726942062,-4.550202,3.4675252,2.6769636,0.21776831,0.23122488,-0.45349288,-1.3940684,-2.5077982
-0.045433223247528,-2.3579164,3.0935602,1.7640568,-1.3306876,0.44482458,-2.6200016,-4.2022285,-1.1455089
-0.0703377574682235,-3.6612737,2.872786,2.967826,-1.5372891,-0.009506285,-0.031387262,-0.4992549,-1.8851433
0.0654183849692344,-2.094411,-0.035714246,1.377215,-0.29800057,3.8724296,-3.671522,-0.8077953,-4.0547204
0.0430640839040279,-2.312476,-0.19317332,1.0632436,-0.8389205,3.7092903,-4.143233,-0.7601479,-4.3702893
-0.1810645163059234,-2.726142,3.655434,0.38555276,-2.4379835,1.9464371,-3.5312731,-2.0302312,-0.011737995
0.0981422439217567,-1.3759959,-0.161725,1.930365,-0.6949731,3.4999373,-4.221948,-0.44468367,-3.8938358
-0.0767886191606521,-2.6858337,4.4948373,0.61536413,0.19896583,2.794931,-2.1869974,-1.4820876,-0.9582083
0.0768599882721901,-1.3862159,-0.3564563,1.4056145,-1.0680466,3.205455,-3.7004967,-0.5202771,-3.6296506
0.0938126891851425,-0.5294224,1.1878636,5.515838,-3.2492728,1.328564,-3.785608,0.38883424,-0.8656734
0.0489027202129364,-0.416377,1.2665619,4.1460147,-2.636895,1.314152,-4.3333645,0.067781866,-1.5050894
-0.0397886261343956,-4.23393,3.6073523,3.6117184,0.8617738,0.69197965,-0.43897882,-2.3391368,-2.3360379
0.0558376647531986,-0.9889212,1.1514333,5.170405,-3.1363301,1.8049713,-4.082033,-0.012574926,-1.1539797
-0.0001757331192493,-3.0370283,1.2359302,-0.63098705,-2.557128,2.6533475,-1.3594724,-1.7521302,-3.6615732
0.0620053485035896,-2.168593,-0.21369621,0.9783514,-0.3167805,3.8977778,-4.072841,-0.98822474,-3.910095
0.0741654857993125,-2.291067,-0.31576148,0.85886866,-1.2045003,3.6902752,-3.7220118,-0.6644593,-3.9375389
0.0976945832371711,-1.7746652,-0.26487204,1.480214,0.008888692,3.797811,-4.2463884,-0.9170386,-4.0691605
0.0,-2.579709,1.3994135,1.6309534,-4.3236895,3.784592,-0.08745647,-1.741179,-3.0791967
0.0,-4.0765457,2.9091034,2.145107,-4.0310755,1.9665455,0.76592755,1.2898926,-2.7757645
-0.0405451506376266,-4.012469,3.540336,3.6415737,0.35543936,0.3956282,-0.56385577,-2.31801,-2.54509
0.0725990608334541,-2.1487432,-0.21300092,1.5009377,-1.1463302,3.680499,-3.9405396,-0.85934013,-4.1686473
0.0461763218045234,-0.66582894,1.0615593,2.892749,-2.2104487,1.7902809,-4.109472,-0.4102285,-2.3594513
-0.1833272129297256,-0.8356024,5.5067434,-1.6334709,-3.5163164,3.2965677,-3.934092,0.13198505,0.22902131
0.0696881189942359,-1.2546376,0.060628116,2.9845774,-2.4422412,2.5665932,-2.7387335,-0.52836555,-2.2068
-0.0371384099125862,-4.112209,3.850307,3.5191233,0.39669418,0.54264295,-0.45523793,-2.0559728,-2.415582
-0.0409913286566734,-2.873193,2.65952,0.43822423,-1.9696008,0.93437004,-2.490191,-2.6443942,-1.7054377
-0.0469057857990264,-4.172418,3.3617117,3.6350892,0.017706655,0.36005187,-0.29863822,-2.0726085,-2.4080038
-0.0007935941684991,-3.9850302,2.6569993,2.5497303,-3.9841242,1.674324,0.3412788,0.6712686,-2.245015
-0.1961043626070022,-1.7982209,3.974768,0.1780854,-3.9854097,2.6876714,-3.9912822,-1.6633668,1.3939307
0.1263847053050995,-1.6891913,0.03696951,1.6099155,-0.17399368,3.6381788,-4.0945096,-0.37988478,-3.9175801
-0.0714601576328277,-4.64096,4.18844,3.7879028,0.45347714,0.59727705,-0.081492156,-2.2697487,-2.3203032
0.0945450216531753,-0.52320355,0.7940648,4.197142,-1.6770014,1.8386464,-4.324254,-0.32322776,-1.8393036
-0.1222520321607589,-2.7096698,3.028508,1.8135048,-1.79824,0.32922077,-2.6405253,-4.290051,-1.1630653
-0.0869782418012619,-2.382306,3.3125875,1.6320819,-1.4143298,0.5216438,-2.6152067,-4.49077,-0.7695087
0.1109832152724266,-0.27497664,1.0297377,5.3899016,-3.4669957,1.2623652,-3.956004,0.084795386,-0.87833154
0.0,-2.4414406,1.1570104,1.6069328,-4.309546,3.4987948,0.10519482,-1.6682098,-3.1355102
-0.2120417058467865,-0.4910875,5.371657,-1.4901425,-3.270881,3.33423,-3.916773,0.5071757,-0.04573147
0.0417838245630264,-2.4021456,-0.27124143,1.011225,-0.49968666,3.3654768,-4.0807753,-0.47656736,-4.2029405
0.002602054271847,-3.8943174,2.7355676,2.394418,-3.7902756,2.2530541,0.60047275,1.1194553,-2.908683
0.0915188863873481,-1.6863767,-0.021928892,1.5854416,-0.22874728,3.8419032,-4.0427365,-0.7345884,-3.7757578
0.0838681012392044,-0.69457,0.8134397,3.766575,-2.0668755,2.226393,-4.396223,-0.41529262,-1.8957409
0.0002485241857357,-2.2039907,1.6073389,1.6804531,-4.0695443,3.6127133,-0.105151296,-1.4523395,-3.1610875
-0.1457881778478622,-1.7877109,4.4139895,-0.48419577,-2.439945,2.6860394,-3.409432,-1.7861621,-0.02414906
-0.0778196901082992,-4.293187,4.0787745,3.8696265,1.2419728,0.30631256,-0.5866654,-2.085156,-2.3242996
-0.0401384979486465,-2.334493,2.879035,1.4634293,-1.2420529,0.22117898,-2.4616237,-4.300885,-1.9924856
0.0983375832438469,-0.38062337,1.4433788,4.97658,-2.4057074,0.9169689,-4.5809073,0.06877255,-1.1532155
0.0036530368961393,-3.0795972,1.8324026,-0.77136457,-2.8803926,2.4974625,-1.3253288,-1.9632827,-3.517455
-0.0270369984209537,-2.2682188,1.1105559,1.1878446,-4.5397654,3.220791,0.1610605,-1.7793996,-2.954625
0.0515997409820556,-1.3258513,-0.37023282,2.429066,-1.1362735,3.214007,-4.202755,-0.42631307,-3.237723
-0.1244340240955352,-3.0026865,3.8831155,1.559913,-0.043255687,1.0440711,-2.3042874,-3.2171264,-0.9200456
-0.0625839754939079,-3.3451016,2.8842983,2.9087567,-1.0306045,0.40101492,-0.617662,-2.1091688,-2.550608
-0.097285658121109,-2.7763753,2.7708864,1.2770048,-0.61479175,2.1421976,-0.99032354,-3.4850757,-2.4054286
0.0484626069664955,-2.2684512,-0.043157697,1.1016058,0.02087468,3.6197035,-4.1129174,-0.8198339,-4.0944066
0.0693921968340873,-0.6391574,0.6525478,2.6816144,-1.9101243,2.1355886,-4.316245,-0.55534667,-2.7487264
0.0925534814596176,-0.37657377,1.6087765,4.044321,-2.5479908,1.7638563,-4.8043585,-0.42127576,-1.6789412
-0.0533354841172695,-4.08902,3.7502298,3.792115,0.7087349,0.8124687,-0.2801851,-2.020444,-2.6693697
-0.0727922320365905,-2.8043265,3.1167843,1.8491942,-1.280625,0.29934108,-2.4496093,-4.319191,-1.3877099
0.0381423532962799,-1.3870243,-0.02783262,1.7262672,-0.3266561,3.5614583,-4.2831025,-0.20040157,-3.6796432
0.0,-4.1893334,2.8142745,2.2061284,-4.073709,2.0800345,0.89186907,1.2646296,-2.8981016
0.0004398273595143,-4.501221,2.8291755,2.2224576,-3.9358673,1.8994644,0.72784007,1.4408042,-2.9815824
0.0471688918769359,-1.0660757,1.1509426,5.0428243,-3.3253016,1.5656303,-2.7014523,0.11665225,-1.447588
-0.0434853136539459,-2.4804368,3.0309794,0.8881084,-1.2652591,0.6699092,-2.413873,-4.5293427,-1.6493877
0.1039097756147384,-1.2301315,-0.6203956,1.6324973,-0.950265,3.2468567,-4.224246,-0.5662579,-3.3914058
-0.0831722691655159,-3.5983157,3.3634317,3.2760432,-0.3926444,0.54452246,-0.3944861,-3.1418083,-2.147617
-0.0105675989761948,-2.8008323,4.0238094,1.4629365,0.54941994,1.3369541,-2.3340504,-2.8182855,-0.59560776
-0.0791753530502319,-2.437729,3.220091,1.5115736,-1.3694082,0.94728196,-2.7821093,-4.463599,-0.9922795
0.0,-2.6713786,1.0319045,-0.20525774,-3.4699686,3.121452,-1.2878243,-2.2666967,-4.0552278
-0.001728257164359,-2.6277955,1.5477704,0.82276464,-4.182172,2.6508064,-0.1747108,-0.6020395,-3.094746
-0.1159092783927917,-2.0663865,3.6742258,-0.29581493,-3.9795234,1.6381828,-3.537561,-1.029433,0.6291275
0.2315494120121002,-1.6422043,4.1158667,1.4284704,-0.95536596,-0.55724305,-4.2090354,0.7134628,-2.6995318
0.0516770258545875,-0.279764,1.2204239,5.4138227,-2.7132819,1.3080488,-4.0386558,0.22285978,-1.0278596
-0.0490418933331966,-3.5651007,3.1858728,3.5697708,-0.46423608,0.65771616,-0.21386808,-2.746624,-2.366943
-0.0008705339860171,-3.96,2.7031286,2.1658075,-3.9219737,2.43095,0.66250116,1.2870399,-2.6153002
0.0600962452590465,-1.8077829,-0.12067637,1.5614233,-1.0790786,3.7226617,-3.6780622,-0.82912844,-3.6646838
-0.0557255372405052,-2.3744707,3.0144079,1.1733159,-1.4166527,0.39386266,-2.594993,-4.408541,-1.7894524
0.2296652048826217,-1.0400581,3.641936,1.5351506,-1.5865188,-0.36570176,-3.837285,-0.39070934,-2.5876641
-0.0008796547190286,-2.613116,0.8648077,-0.5141934,-3.3899395,3.3338256,-1.5897751,-2.1555917,-3.7245061
0.1010439619421958,-0.40132976,1.3063524,4.8017926,-2.2536416,1.3151864,-4.56831,-0.20884016,-1.1828874
0.1994625627994537,-2.3455534,0.52041566,1.1112916,-0.17539501,2.9709694,-4.007537,0.18291977,-4.1838026
0.0336757116019725,-1.3125188,-0.02510437,1.858603,-1.0827864,2.9935553,-3.8217504,-0.5624148,-3.8481162
-0.0526439510285854,-2.3932712,2.0033307,1.2027472,-3.9820883,2.5448325,0.11804742,-2.1179616,-3.0073345
0.1416920870542526,-1.0612535,3.3373022,1.5060987,-1.2764095,-0.58949375,-3.8701272,-0.0616904,-2.8570762
-0.0774848014116287,-2.1388016,1.8236265,-0.007562291,-2.71803,2.8671265,-1.6547681,-3.13567,-3.417987
0.0,-2.1423466,1.6375536,1.6009198,-4.160481,3.5560822,-0.005100631,-1.4639535,-3.0898287
0.0941864773631095,-2.015255,-0.2088111,1.129273,-0.45646262,3.5560846,-4.1041374,-0.711666,-4.047229
-0.0117550808936357,-2.2902806,1.0999906,0.96416533,-4.2154284,3.204958,-0.033349063,-1.8693146,-2.961757
0.0345477014780044,-1.3463612,-0.19950098,1.8432374,-1.3652824,2.9553697,-3.508696,-0.49512875,-3.7617
-0.0367304570972919,-2.0439155,2.7227373,1.2943327,-1.4106938,0.2171147,-2.5723653,-4.7788496,-2.1773112
0.0726450979709625,-2.036739,0.39573932,1.3795902,-0.7339083,3.7304509,-3.5080574,-1.1114147,-3.1457663
-0.0816969200968742,-4.1602945,3.5502312,3.4884574,0.7075755,0.4902323,-0.2834867,-2.1361575,-2.6512969
0.0910554975271225,-1.9135092,-0.15496257,1.4882389,-0.48381758,3.3719678,-3.649221,-0.9237634,-3.5176337
0.0839609801769256,-0.62658817,1.2209984,5.346482,-2.5269535,1.3525229,-4.484158,0.0012029149,-1.0695758
0.0605173259973526,-0.681697,0.92298955,3.0655942,-2.3439336,1.5588746,-4.426832,-0.06282489,-2.1891227
-0.032296497374773,-4.5333886,3.207496,2.2432418,-3.0484726,1.5964105,1.0170026,0.7593825,-2.9185622
0.253096729516983,-1.0291477,3.8595774,1.4004041,-1.8010374,-0.30272314,-4.122164,-0.3525464,-2.7856627
-0.0443042442202568,-4.547491,3.7160873,3.4321206,0.45959416,0.5133515,-0.29109544,-1.9949784,-2.0340223
-0.0017519099637866,-2.570844,0.9725676,-0.31258756,-3.1808653,3.0676985,-1.5921173,-2.3683643,-3.8095062
-0.2446540594100952,-2.5241933,3.4079118,0.3023098,-4.1088996,1.6841048,-3.831126,-2.0155418,0.71847
-0.0697758272290229,-3.4510522,2.8448298,2.9611218,-1.2940205,0.38572732,-0.37823915,-2.2759004,-2.2175775
-0.0491518341004848,-2.5039485,2.8088043,1.4106731,-1.3145957,0.52637935,-2.5929508,-4.3807836,-1.9301485
0.0924211889505386,-0.53097904,0.9026227,4.7784758,-2.6075673,1.6396073,-4.4267263,-0.3584855,-1.5846279
-0.0415850281715393,-2.3486564,3.0146804,1.3234322,-1.5359267,0.57220966,-2.65189,-4.196635,-1.4849472
0.0542470514774322,-0.7086222,1.2818966,5.1421623,-3.0062542,1.1764438,-3.812701,-0.27868292,-1.2990212
-0.0007935941684991,-3.959445,2.6031969,2.2186463,-3.823385,1.9484513,0.7820115,1.3583901,-2.7904
0.0,-4.215544,3.1003962,2.1748397,-4.351482,2.2296872,0.74372214,1.3177174,-2.9912508
0.0056777261197566,-2.5511348,1.3950379,0.36910522,-3.4641316,2.5168624,-0.21671188,-0.9428729,-3.3502176
0.0528916344046592,-0.36549488,1.0231258,5.3175974,-3.2635956,1.7101797,-3.9405084,0.30205458,-0.8005072
0.0515953078866004,-0.7873091,1.003485,4.8178983,-2.13745,1.8922001,-3.9927437,-0.14519534,-1.4674469
-0.088013119995594,-2.3565764,3.1920226,1.5016603,-1.0605078,0.0397328,-2.466501,-4.479027,-1.7484225
-0.0574059374630451,-2.6185021,2.7075067,1.4763968,-1.1892369,0.2142111,-2.2712958,-4.354979,-2.259613
-0.097745381295681,-3.0290828,3.8790274,-0.33069965,-2.7225633,1.9309139,-3.3005562,-1.4312978,0.22535002
0.0723009631037712,-0.4838141,0.9763439,4.8583283,-2.9245415,1.5183192,-3.9354336,-0.323218,-1.0884421
0.0512588210403919,-2.0156693,0.18365848,0.91214806,-0.31141987,3.6560748,-4.0720053,-0.38541615,-4.1870885
0.1265712976455688,-0.39863703,0.843358,5.2434196,-2.7753522,1.6306239,-4.2627416,-0.29124516,-1.1106741
-0.0877969563007354,-2.4628668,3.6810822,-0.39305615,-2.8865929,1.8911133,-3.156225,-1.5202925,-0.062397473
0.0755486041307449,-2.2208526,0.04582444,1.26407,-0.2821123,3.7165432,-4.2620945,-0.555536,-4.1171966
-0.002035538200289,-2.5957258,1.5450224,0.60280085,-4.527671,3.236897,-0.123604566,-0.9384457,-2.9664013
0.0738115236163139,-1.0092993,1.0178114,5.1603374,-2.9755116,1.4917929,-3.3951454,0.10358396,-1.3625853
-0.0427448824048042,-2.2743578,2.7248135,1.596092,-1.0019099,0.0854657,-2.1885364,-4.335198,-1.8500859
0.0973349809646606,-0.60871816,0.54652756,3.0027907,-1.6891062,2.0512154,-4.536595,-0.46730933,-2.8813148
0.0080747548490762,-2.8234777,1.4786277,-0.77117455,-2.4832897,2.4250932,-1.5587944,-1.8120805,-3.6623478
-0.0715096443891525,-4.1063666,2.8158827,3.5870771,-0.25584576,0.5890918,-0.13711281,-2.505796,-2.3419888
-0.0349584408104419,-4.2976165,3.4454093,3.665032,0.19247326,0.58563364,-0.17729935,-2.2770424,-2.3741505
0.0543009676039218,-0.9835066,0.0814361,2.152651,-1.7551467,2.1795764,-3.9651656,-0.39760944,-3.4503708
0.0662218108773231,-2.178624,0.019272014,1.0360757,-0.49420482,4.0157003,-4.0311537,-0.5052379,-4.2770143
0.0,-4.0491643,2.8129773,2.4779744,-4.331814,2.1788075,0.7814664,1.132511,-2.8170974
-0.0641105398535728,-2.248211,2.6229615,1.035761,-1.3251077,0.73599243,-2.1227593,-4.2345486,-1.8369167
-0.0040530790574848,-3.1802685,3.2897055,0.8164026,-3.247545,1.6592387,-2.5536246,-1.8592734,-0.063613795
0.0,-4.1150584,2.721262,2.340684,-4.241665,1.9375033,0.72667694,1.5114596,-2.7434268
0.0651816800236702,-0.62804157,1.0005429,4.9496326,-2.3103418,1.8783498,-4.082451,-0.3716344,-1.140807
0.0,-4.269089,3.084156,2.1972704,-4.317953,2.0927908,0.58329326,1.638453,-2.9436545
-0.1660136729478836,-2.5716841,3.2893999,-0.49796385,-4.561863,1.5749428,-3.6440794,-1.7195336,0.8753929
0.0001757331192493,-2.3474166,1.555247,1.3834404,-4.549818,3.5424955,-0.091765866,-1.5143663,-3.046354
-0.0123884594067931,-3.0165248,1.5713958,0.5785677,-4.149646,3.0232956,0.08501797,-0.8647751,-3.057589
-0.1278740018606186,-3.3056483,3.31744,2.4815836,-0.53478515,0.45466676,-0.699821,-3.321692,-1.696239
-0.0573289431631565,-4.348997,3.3652213,3.5690944,-0.06097857,0.7097581,-0.23824808,-1.8548244,-2.430445
-0.0359874404966831,-2.4565022,3.2142658,1.7186797,-1.3565117,0.5815932,-1.7961278,-4.399249,-2.1256106
0.0937895625829696,-0.41404015,1.1440365,4.99488,-2.7113903,1.6111616,-4.273488,-0.20638907,-1.0330842
-0.0591885782778263,-4.228084,3.3178408,3.8143494,-0.35901704,0.6330994,0.0051392466,-2.1189804,-2.4238787
0.0006155604496598,-2.9059563,1.4651425,-0.67472607,-2.9915454,2.6065154,-1.3445208,-1.6746062,-3.6203735
0.1870213747024536,-2.416692,0.55089897,0.8774329,-0.15798482,2.7336168,-4.066471,0.4555289,-4.2637534
-0.1319334357976913,-2.944458,3.3999038,-0.25760716,-3.0199122,1.5640545,-3.3682432,-1.2954121,-0.13397847
0.0496689639985561,-2.3914897,0.14747643,1.0936646,-0.80924183,4.030416,-3.6761775,-0.79326105,-3.6864102
0.075085662305355,-0.6829329,0.6442059,5.466596,-3.595799,1.3124099,-3.635331,0.09679296,-0.84927464
0.0880103334784507,-2.0806103,-0.19080456,1.2676573,-0.280711,3.599059,-3.8131926,-0.6711416,-3.2646189
0.0847223401069641,-1.1950573,0.0703536,2.7330337,-1.5538485,3.1298048,-3.41488,-0.4019478,-3.059979
0.0,-2.6524782,0.8538987,-0.24142304,-3.1629539,3.2362,-1.4766603,-2.3225656,-3.9421558
-0.0435411408543586,-3.439282,2.9990296,3.006156,-1.1296293,0.55987465,-0.38754007,-2.9392407,-1.9217285
0.0452495925128459,-1.215069,-0.047554165,3.0908515,-2.260335,2.6035945,-3.1066444,-0.36540335,-2.5156255
0.1282449066638946,-1.2730356,-0.27664748,2.4760246,-0.48236787,3.3053167,-4.17017,-0.67737615,-3.5943685
0.0,-2.3258104,1.3659437,1.6035727,-4.310172,3.2497575,-0.014982343,-2.008852,-3.3590572
0.0448142737150192,-2.285237,0.1305366,1.1992165,-0.21568143,3.627732,-3.7935746,-0.6178438,-4.2067256
0.1280400156974792,-0.969151,-0.21076073,2.8905585,-2.179942,2.593975,-3.499328,-0.71398574,-2.805375
-0.0713777467608451,-2.831803,3.4350164,2.187944,0.37824196,0.32771623,-1.7527351,-4.1505857,-2.0739305
-0.0479411110281944,-4.08779,3.7194014,3.5631843,-0.2673173,0.54776466,-0.28564537,-2.462912,-2.5429113
-0.0441060028970241,-3.9664657,3.722281,3.6888602,-0.20007053,0.6445778,-0.3917427,-2.2462714,-2.1426523
0.0809024646878242,-0.67613184,1.3596244,4.815619,-2.9569433,1.0277188,-4.210011,-0.21537992,-1.2235045
-0.0413281507790088,-2.622914,3.4924293,1.4467689,-1.5378844,0.5503072,-2.887602,-3.8462555,-1.2316631
-0.06966133415699,-3.0156558,2.8682995,2.315003,-0.841866,0.64687264,-1.1832875,-3.7258916,-1.2168581
-0.0006155604496598,-2.6844175,1.2457416,0.028839603,-3.0970922,3.078954,-1.5890409,-2.3376474,-4.006503
-0.0002640942693687,-2.3296757,1.2695926,1.753133,-4.3821154,3.235447,-0.04052303,-2.0151594,-3.054239
-0.0006732309120707,-2.522048,0.8748058,-0.16326772,-3.3710847,2.9782972,-1.3393269,-2.321819,-3.7229033
0.0,-2.362033,1.0687397,1.4950907,-4.1547217,3.2369738,-0.00829488,-1.820259,-2.7581859
-0.0705364495515823,-2.4086616,2.9924347,1.456103,-1.5189943,0.67402667,-2.3367388,-4.1569495,-1.0707031
0.0935616046190261,-1.128338,0.2874142,3.3837278,-2.0682414,2.7345066,-3.554606,-0.36771968,-2.7969224
-0.0385039895772933,-2.239475,2.9168427,1.5232528,-1.2719346,0.02884581,-2.7463343,-4.6525955,-1.8708198
-0.0017279708990827,-3.9145398,2.738287,2.4125884,-4.166997,2.1854784,0.6849806,1.1582669,-3.0810256
-0.0802280232310295,-2.3071744,2.9097013,1.0578243,-1.4523363,0.669592,-2.3812718,-4.534251,-1.7233766
0.0471164770424366,-0.8585602,0.3634802,2.4457717,-1.7426707,2.0632176,-4.1150427,-0.14719921,-3.0625145
0.0,-2.1393507,1.4301679,1.4171853,-4.2462506,3.3016741,-0.0880131,-1.763385,-3.1986716
-0.131228432059288,-2.1038404,3.665459,-0.031415313,-3.8555052,1.4461365,-3.7140384,-1.5651417,0.39270395
0.1011042892932891,-0.55132645,1.2827678,5.434828,-2.8273284,1.3065943,-4.2736106,-0.16568427,-0.9483348
0.0789413526654243,-0.478696,1.2496269,5.4219317,-2.6459723,1.1395658,-4.2515316,0.21172723,-0.99211323
0.0683439671993255,-0.32352042,1.3744953,4.13765,-2.2164886,1.343207,-4.367139,-0.12610808,-1.5783609
-0.0891759321093559,-3.853699,3.510868,3.5506296,0.37374875,0.32817057,-0.5335362,-2.4320433,-2.2812493
-0.0939546227455139,-2.599128,2.736289,1.6544387,-1.0403451,0.3906348,-2.11781,-4.270976,-1.3816931
-0.1153732389211654,-1.7160997,4.6575203,-0.8736857,-1.8214962,3.3641946,-3.3877895,-0.35996494,0.15270853
0.0,-2.2277908,1.1540738,1.4785155,-4.2646656,3.7563553,0.08928979,-2.064705,-3.0955558
-0.0858376175165176,-2.221793,3.1802037,1.3190603,-0.73238975,0.5895109,-2.7737193,-4.5600843,-1.7801586
-0.0754211843013763,-4.0976267,3.9082859,3.5045743,1.25911,0.9309215,-0.35975888,-2.3432052,-2.387184
-0.0006948008667677,-2.9449875,2.5161297,2.1155481,-2.7458763,1.1272266,-0.5145258,-1.3940568,-1.7820659
-0.0445997342467308,-4.055035,3.5833693,3.8199024,-0.19085571,0.3148414,-0.34677014,-2.2837896,-2.57121
-0.0065986239351332,-2.6882582,1.6486515,1.9359554,-3.1120272,2.1988862,-0.72690976,-2.3127437,-3.0751145
-0.0661695748567581,-2.0146277,3.1152844,1.4230328,-1.3478291,0.4265945,-2.5588818,-4.6450124,-1.9903331
-0.0024918355047702,-2.1388357,1.0072994,1.3315033,-4.329513,3.2686477,-0.13244285,-1.8817794,-2.8795526
-0.0715281143784523,-2.4054503,3.5266163,1.497444,-1.670055,0.56396955,-2.4159212,-4.250752,-1.1549615
0.1001525148749351,-2.257026,0.092890546,1.2439433,-0.88255346,3.6418815,-4.20829,-0.7888443,-3.8703399
0.1272960156202316,-0.81986207,1.4917377,3.2933965,-1.9616588,1.4383726,-4.4527774,0.04920368,-2.058055
0.0460327677428722,-2.6829135,1.4621629,-0.4792464,-2.7324202,2.5382829,-1.707868,-1.7490075,-3.710783
-0.0054934024810791,-4.2065015,2.6978683,2.2886038,-3.8657012,1.8038386,0.7211756,1.3705848,-2.8537202
0.0004055878671351,-1.8372986,0.2713849,1.1823056,-0.7790581,2.9334412,-3.2240381,0.06869778,-3.574325
-0.1083674877882003,-2.7951272,3.9094284,1.8157129,0.68180853,0.4183884,-2.017037,-3.8433251,-1.5665635
-0.0947682708501815,-2.1728606,3.2555497,1.3007932,-1.1467564,0.06870499,-2.5863895,-4.7594013,-1.7217324
0.0010661820415407,-4.3863907,2.821831,2.3789458,-4.0866776,2.2653532,0.9306249,1.1190338,-2.8709676
0.0,-2.5654879,1.4539165,1.3175362,-4.4680133,3.4404874,-0.12924026,-1.5802132,-3.154008
0.0419135317206382,-2.1008646,-0.19037732,1.1642206,-0.08378202,3.9362533,-4.1989417,-0.8760447,-4.009775
0.0,-2.2263925,1.5046369,1.8366878,-4.4975367,3.4569793,-0.0057526976,-1.7009658,-3.0907068
-0.0466146618127822,-3.977539,3.4245327,3.4293106,0.046257988,0.38056216,-0.21200988,-1.859679,-2.4489188
-0.144488975405693,-1.9537655,4.971722,-0.8146924,-1.6196872,4.1293035,-3.4057076,-0.34838015,0.45863062
0.047511126846075,-0.7253761,1.2306452,4.8873405,-2.8859224,1.7847072,-4.306464,-0.00090263784,-0.8919897
-0.0366165563464164,-2.4134624,2.991675,1.7473927,-0.8858962,0.40967464,-2.2770514,-4.4742284,-1.9100441
-0.0439951904118061,-4.3590884,3.4892464,3.9728699,0.19189702,0.36755383,-0.19988748,-2.1928067,-2.3641016
0.0670493319630622,-1.9765463,0.03357947,0.923036,-1.2307854,3.6165912,-3.7459102,-0.75273603,-3.8254857
-0.0894184708595275,-4.280607,3.6477203,3.4141343,0.4872505,0.284851,-0.59048355,-2.2390318,-2.5443814
-0.0974081084132194,-4.267368,3.9073663,3.4834764,0.7136491,0.48920545,-0.37134466,-2.2545233,-2.6646767
-0.2176701724529266,-2.266883,3.3137605,0.08938399,-3.4899743,1.8121834,-3.6026003,-1.8958362,0.719119
-0.0343003533780574,-2.7937846,1.5430999,1.5846448,-3.74058,2.9646456,0.22087237,-2.4245362,-3.14392
-0.1676778793334961,-2.6324236,3.4946303,0.11697042,-3.8790965,2.027459,-3.9549017,-1.8684462,0.7304179
0.329934298992157,-1.5722882,4.0128255,1.1043601,-0.69231224,-0.6891964,-4.070777,0.52412146,-2.4362543
-0.1847479343414306,-1.6576539,4.2128797,-0.63187426,-3.127239,2.841569,-3.528446,-1.0625967,0.47798687
-0.0554747581481933,-2.522449,3.234661,1.7287871,-1.2862083,0.3927179,-2.5875115,-3.9921896,-1.3198048
0.0915263816714286,-0.5412601,0.39412528,4.6419497,-2.502819,1.5883818,-4.4106054,-0.1421229,-1.2746372
-0.2020289599895477,-0.9401091,5.7430315,-1.5714765,-2.7991068,4.439247,-3.8934042,0.17207965,0.3419401
-0.0006155604496598,-2.7207365,1.1369095,-0.41723904,-3.524285,3.0684102,-1.3366266,-2.1592207,-3.925213
-0.1300982683897018,-2.2878797,3.4269474,0.47070023,-3.6155536,2.4495533,-3.511075,-2.1836603,0.53289366
0.0,-2.5820832,1.0689931,-0.30445218,-3.2968528,3.042263,-1.5308741,-2.250099,-3.7424746
0.1006306037306785,-0.3352252,1.0425601,4.9617314,-2.8204153,1.3978834,-4.512653,-0.13033259,-1.1381936
-0.0224238447844982,-2.6971714,2.7611568,0.873466,-2.488493,0.8529236,-2.4636877,-2.9519956,-0.8815769
-0.0011323104845359,-3.9592154,3.0249462,2.3231003,-4.3261313,2.24967,0.7675931,1.0253652,-2.952894
-0.0556315667927265,-4.253189,3.84098,3.8060267,0.05478793,0.7366909,-0.3646881,-2.335344,-2.410713
-0.0009520922321826,-2.5961502,1.1324937,-0.40534067,-3.1848629,3.0952892,-1.4762923,-2.4831698,-3.7483046
0.174798771739006,-1.1927079,3.9785771,1.6425663,-0.7922189,0.0031050593,-4.0440426,-0.41627797,-2.4806986
-0.1465584635734558,-3.1314182,3.3895156,-0.24276006,-3.8183403,1.7584559,-3.4327967,-1.4295766,0.21052256
-0.1044109389185905,-3.428674,3.0169234,2.6971369,-0.78110635,0.45933318,-0.7170679,-2.9512398,-2.025201
-0.0792443752288818,-4.0876403,3.164603,3.361045,-0.118815385,0.52121496,-0.348773,-2.851107,-2.3610463
0.0001757331192493,-2.507152,1.1016675,-0.17740566,-3.2283826,3.3386862,-1.3206807,-2.4407463,-3.790941
-0.1818089187145233,-2.7833507,3.4307933,0.20304926,-2.6540534,1.704392,-3.5103,-2.3250299,-0.018408723
-0.0015053899260237,-4.1036835,2.9568052,2.38926,-4.122552,2.1221714,0.7357451,1.3649063,-2.869928
0.0,-2.2678585,1.2589089,1.5108055,-4.455357,3.4588656,0.0046291724,-1.8188789,-2.832141
0.0759749263525009,-2.209438,-0.30483267,1.4548141,-0.22614428,3.3513014,-3.9275331,-0.6158729,-4.538313
-0.094546191394329,-2.9561493,3.18678,2.3206184,-1.4188389,0.3297573,-1.4044468,-3.8763578,-0.7807378
-0.0049579795449972,-2.2348993,1.1753951,1.2553738,-4.685815,3.2655053,0.026716206,-1.7360444,-2.9810808
-0.0226008649915456,-3.2233603,2.3597946,2.183939,-2.406016,0.53821814,-0.35058486,-0.8457165,-1.436469
0.0935623049736023,-0.849252,0.1397393,3.0199351,-2.1370597,2.6819289,-3.6408443,-0.64725757,-2.9791946
0.0784240514039993,-0.7431208,1.0833561,5.2285113,-3.3199944,1.3917843,-3.2083097,0.10560353,-1.1382922
-0.0664154887199401,-2.3005793,3.1635916,1.1794121,-1.2850708,0.685355,-2.4520602,-4.332229,-1.9196585
0.0,-2.2566102,1.4643931,1.2194929,-4.3039913,3.6149166,-0.18908843,-1.8885556,-2.8743048
0.0478836484253406,-0.6282051,0.76031506,3.9430668,-2.1792219,2.131054,-4.296482,-0.16904074,-1.7515377
0.0546680204570293,-0.74218774,1.1429926,5.3196282,-3.1626458,1.6891897,-3.7131703,-0.007200673,-1.0285224
0.1010239571332931,-1.8607607,-0.2630192,1.6722898,-0.48517066,3.4438658,-4.1720524,-0.7838149,-3.281016
-0.0031311293132603,-2.409827,1.412076,1.6909368,-4.2664976,2.752631,-0.4588375,-1.5361115,-2.4118502
-0.0347592383623123,-3.9012833,2.6778677,3.2818716,-1.572095,0.34970933,-0.20452784,-0.4311622,-1.8723127
-0.1220105737447738,-3.0323033,3.9602957,1.6001037,0.3307283,1.216789,-1.939017,-3.1875799,-1.0574857
0.0753587335348129,-0.5302582,1.2735832,4.9578266,-3.1766295,1.5512027,-4.132557,-0.034361362,-1.0426941
-0.0116168521344661,-2.4741752,0.96717274,1.0612069,-4.385725,3.293014,-0.22961666,-1.7076069,-3.2155418
-0.0049993600696325,-2.4315927,0.9436511,-0.15229014,-3.4716196,3.333754,-1.4615936,-2.1314428,-3.8290956
-0.0463068634271621,-2.8644989,1.5596486,0.44012678,-4.1618147,2.4173677,0.29172474,-1.3097546,-2.9775326
0.0309397540986537,-1.2972804,-0.15186998,1.693329,-1.462585,3.0639362,-3.5093212,-0.67349195,-3.7747464
-0.0626158118247985,-2.2994568,2.7467806,1.1961119,-1.6221908,0.37811926,-2.3614976,-4.5395174,-1.7561761
0.070540003478527,-0.53590024,1.1912086,4.3409414,-2.7425263,1.1754159,-4.2815337,-0.014977455,-1.7090712
-0.0711149796843528,-3.1948197,3.2160268,2.8346455,-1.3580297,0.70747995,-0.37026912,-2.19198,-2.2491968
-0.0790581703186035,-2.5484698,3.4089959,1.3441212,-1.1673992,0.48520425,-2.8151984,-4.5621243,-0.8905088
-0.0683974400162696,-2.505657,2.6594052,1.7112697,-1.0966743,0.2596378,-2.0631342,-4.6517262,-1.6657363
0.0806343406438827,-2.2908292,0.0057615116,1.2106887,-0.9918826,3.540913,-3.433217,-1.042131,-3.2682245
-0.0009551654802635,-4.0666337,2.8554518,2.2160978,-4.0923643,2.32246,0.56170017,1.2719263,-2.8915236
-0.1571978777647018,-2.194153,3.5856988,0.8669434,-1.7082617,1.0385572,-3.2304745,-3.1570668,-0.39728114
0.0028795464895665,-4.2943134,2.5671012,2.3622513,-4.277189,2.1891465,0.7476809,1.2673092,-2.8602827
-0.0585957504808902,-2.5999966,2.937882,2.567389,-1.0710788,0.29984027,-0.6510716,-3.2963283,-2.1459527
-0.0352824889123439,-4.2116747,3.493274,3.678652,-0.43443418,0.5974085,-0.04578312,-1.6159434,-2.1691234
-0.0051232799887657,-2.6784194,1.0531017,-0.365541,-3.0592,3.205473,-1.4312763,-2.218677,-3.8919997
0.0,-3.9925299,2.5925195,2.4027367,-4.3076277,2.5195563,0.9753759,1.2373512,-3.1215367
0.0928542539477348,-1.2324463,-0.14112514,1.9389273,-0.5315489,2.7879858,-4.044302,-0.27149606,-3.717252
-0.0016013290733098,-4.185921,3.1187704,2.3313305,-4.229117,1.9032224,0.6506556,1.3312185,-3.0318813
0.0002485241857357,-2.3841977,1.2250437,1.5358554,-4.172226,3.6326163,0.021051712,-1.7975161,-2.9506583
-0.0006155604496598,-2.3467007,1.1739383,1.6946923,-4.127219,3.3806252,0.07353941,-1.7754109,-2.8359084
0.0472702197730541,-0.84118295,1.4040872,4.5869613,-2.9089115,1.4027693,-4.1599107,-0.034933142,-1.654995
-0.0779756158590316,-4.224828,3.3145623,3.7429397,0.18811885,0.18243256,-0.22555652,-2.2430115,-2.4839408
0.0976293683052063,-0.2908626,0.9902148,5.037595,-2.5060234,1.7223794,-4.20115,0.31783453,-0.79751843
0.0,-4.005267,2.6072583,2.3935194,-3.9464688,2.1830125,0.7815657,1.4125828,-2.8722196
0.0542466342449188,-1.2463826,1.1063741,4.816754,-3.279816,1.4409999,-3.0694113,0.37158793,-1.0780911
-0.0610478222370147,-2.6811037,2.9487405,2.2443652,-1.5391818,0.3177603,-1.3017948,-3.8987198,-1.2792497
0.0702206417918205,-1.1296463,0.9765351,5.0450215,-3.3696578,1.6063758,-2.8043265,0.15253249,-1.3492045
0.0,-4.1870794,2.45637,2.3212328,-4.000899,2.1879733,0.8171308,1.1107388,-2.7208698
-0.0616709515452384,-2.546783,2.9896548,1.2289041,-0.83860457,0.40765113,-2.5962636,-4.3315716,-2.0048382
-0.0018182917265221,-3.9486635,2.880387,2.027097,-4.186299,2.1506116,0.5720772,1.5469763,-2.8700275
-0.022322591394186,-3.1793675,3.2056198,2.4616103,-0.70348114,0.39814198,-1.0326126,-3.0935323,-1.2962285
0.071122258901596,-2.17082,-0.047827143,1.0158062,-0.7026666,3.665364,-3.7921553,-0.90311223,-4.630807
-0.1450101286172866,-2.1431203,3.6270099,0.83328885,-1.5093838,1.2274567,-3.3483202,-3.329423,-0.43767774
0.0495849475264549,-2.2945368,-0.047424108,1.177749,-0.6458251,3.891588,-4.066191,-0.82969177,-4.096375
-0.0698226615786552,-2.3992627,2.8799756,1.3438703,-1.1825932,0.25519198,-2.506905,-4.525624,-1.8728335
0.0520467422902584,-2.0969303,-0.19705626,1.15444,-0.12520486,3.5829072,-4.032751,-0.77277076,-4.137858
-0.0812401100993156,-3.4176066,3.431377,3.0307105,-0.1876029,0.21148273,-0.54491276,-3.4762673,-1.8920109
-0.0664635896682739,-3.507323,3.1988308,3.098168,-0.5352992,0.4106586,-0.4719692,-2.0871732,-2.3954768
0.045762613415718,-0.7254907,1.0325336,5.2473664,-2.955153,1.3295473,-3.771688,0.32352033,-1.1206213
-0.3094351887702942,-1.6223503,3.1293535,0.8328202,-3.4656005,1.4470991,-4.302988,-2.1312935,0.13773975
-0.0433920249342918,-2.463376,3.1054597,1.6308255,-0.7474095,0.45376754,-2.3352733,-4.2883925,-1.9343759
-0.0675568580627441,-3.085964,2.8322928,2.844515,-1.4289553,0.73880464,-0.46692127,-2.7530103,-1.9423993
-0.1707160621881485,-0.72817445,5.372393,-1.5191019,-2.567374,3.016761,-4.0371947,0.20590994,0.12667903
-0.0791579559445381,-4.0047016,3.684796,3.666295,0.042545907,0.54746264,-0.109897345,-2.6062155,-2.1020057
-0.1892939358949661,-2.1101973,3.269201,0.12898509,-4.0858974,1.5807885,-3.8797545,-1.580092,0.52475834
-0.0758203566074371,-2.3524337,3.2442665,1.7764742,-0.83291715,0.15921023,-1.8873649,-4.414441,-1.907933
0.0987157374620437,-1.1523898,-0.14236973,1.5986859,-0.60008025,3.1713302,-4.2553983,-0.46411133,-3.6689935
0.0877078026533126,-2.1710215,-0.108853966,1.1694713,-0.16849831,3.9219506,-3.7547913,-0.8931452,-3.7545264
0.252300888299942,-1.0147725,3.273515,1.709331,-0.8963333,-0.015487887,-4.281871,-0.08983253,-2.7138388
-0.0549012795090675,-2.9302442,3.7377741,0.74084336,-1.9244906,1.5045238,-2.599791,-1.9254512,-0.70298713
0.0533568821847438,-1.2401795,-0.4728278,2.3957157,-0.86748934,3.6767058,-4.1240735,-0.8063597,-3.6675277
0.0,-2.4498575,1.173819,-0.2314008,-3.529149,2.9014692,-1.4550966,-2.5371256,-3.5645826
0.0919911116361618,-0.48608202,1.0773466,5.447912,-3.0470762,1.591086,-3.5214527,0.058171183,-0.98327416
0.0730834156274795,-2.0400853,-0.048909493,1.3460765,-0.7435885,3.942968,-3.293552,-1.0812469,-3.5186517
0.0878213495016098,-1.8748819,-0.19753486,1.5882547,-0.4279241,3.9186947,-3.889081,-0.8896734,-3.9551342
-0.0135652087628841,-4.2420373,2.6736932,2.4309204,-3.7424467,2.26479,0.7677868,1.2975576,-2.9420862
0.0,-2.5064456,1.2982193,1.7073348,-4.3030043,3.632221,-0.13651314,-1.6482564,-3.2066393
-0.0594985410571098,-2.937817,1.8845121,0.902223,-3.3167439,1.918915,0.050155684,-1.5548726,-2.7653894
-0.0444539971649646,-2.331536,3.0505614,1.5104837,-1.1813761,0.20761815,-2.6048265,-4.434354,-1.8646173
0.0826863572001457,-2.245046,-0.14223957,0.99784255,-0.6299521,3.7679224,-4.0118437,-0.7582588,-3.627159
-0.0691084936261177,-2.4767294,2.939546,2.01229,-1.0705997,0.023583638,-1.4185888,-4.341126,-2.0589488
0.0801022425293922,-2.3958323,-0.20844378,0.87256277,-0.7535815,3.8130012,-3.466297,-0.6128927,-4.3075833
0.131156250834465,-0.23968378,1.279359,5.0447254,-2.5938716,1.1394833,-4.420621,0.068398416,-1.125384
-0.0663253217935562,-3.8912134,3.1578743,3.5699737,-0.32646027,0.5703276,-0.16380703,-2.4338992,-2.0956705
0.0,-2.5533242,1.0956491,1.2654393,-4.4069276,3.6744134,0.050763156,-1.8491209,-3.2421072
-0.0924687013030052,-2.6697018,3.1936135,1.9001317,-1.2451484,0.5564331,-1.6650691,-4.261935,-1.1915652
-0.1459357589483261,-3.136175,4.7695255,0.8648915,1.7681112,2.7429938,-2.5538425,-1.8051835,-1.3487442
0.0948854237794876,-2.0192769,0.11488491,1.4782416,-0.41777343,3.6581006,-3.6896305,-1.0593051,-2.9868083
0.0600509941577911,-2.06606,-0.045987286,1.0292205,-0.18379304,3.7596135,-3.7784545,-0.64240956,-4.192195
-0.0937299951910972,-2.1293328,5.156203,-1.0087432,-0.7933997,3.650507,-2.8562312,-0.6465672,-0.19282675
0.0,-2.6251135,1.1413376,1.3999517,-4.158017,3.4989398,0.08577005,-1.7367924,-3.0613434
0.0637096762657165,-0.5055269,1.2707591,4.475285,-2.0217419,1.1757555,-4.503413,0.14221999,-1.392427
-0.0431640781462192,-3.008655,2.966213,2.3844619,-1.0120463,0.5367441,-1.2915517,-3.409653,-1.4245737
0.0001757331192493,-4.220491,3.1332655,2.1854692,-3.8369298,2.1465375,0.65300685,1.2429671,-2.8430493
-0.0008176579140126,-2.3200533,1.3612715,1.5815207,-3.922543,3.6274989,-0.055939667,-1.789559,-2.9538584
-0.0001757331192493,-2.5566542,1.2878271,1.3161924,-4.192491,3.6817894,0.18297194,-1.6852472,-3.0074108
-0.0848168209195137,-2.453723,3.1351056,1.3621624,-1.3150878,0.3957889,-2.3417017,-4.6066704,-1.7371781
-0.0268159136176109,-3.1088655,3.2478492,2.3017774,-0.8224078,0.59262013,-1.1338404,-3.3483686,-1.0870982
-0.0886117592453956,-3.0435457,3.6426995,0.26948008,-3.1032288,1.8758055,-3.4056058,-2.0142126,0.5528095
-0.1745978444814682,-2.2189705,3.5375676,-0.4166948,-4.379875,1.8600563,-3.538234,-1.3678638,0.769336
0.0800526589155197,-1.3606478,-0.17782485,1.8453707,-0.9295816,3.4139612,-3.9678435,-0.65702844,-3.7743073
-0.0009267422719858,-2.6533213,0.7632793,-0.08657374,-2.887467,3.3536913,-1.5452046,-2.1145911,-3.9721472
0.0721896216273307,-0.7034083,0.9827993,3.9480252,-1.7984192,1.4684318,-4.602689,-0.26453248,-1.8623166
0.0480514913797378,-1.5441335,-0.38030463,1.7830546,-1.1637845,3.4405432,-3.935641,-0.7051188,-3.8498714
0.0006948008667677,-4.058249,3.0146005,2.0486593,-4.103133,2.076128,0.74762857,1.4511689,-2.7519808
0.0,-2.291989,1.3673328,1.4139724,-4.118909,3.6468325,-0.026224818,-1.6974934,-3.262256
-0.0778723731637001,-2.2389688,2.8333519,1.6559724,-0.9599007,0.08895659,-2.064598,-4.2897673,-2.2513142
-0.1841542422771453,-1.4547476,4.221085,0.15856671,-4.0857058,3.1532514,-3.968494,-1.666029,1.5147352
0.0769868120551109,-2.4196432,-0.2610091,0.9986481,-0.7258208,3.8060567,-4.3086963,-0.8574324,-3.8041854
-0.0164126772433519,-2.6677296,3.4703214,1.2401313,-1.0787263,-0.0052778423,-2.9256942,-4.2608495,-0.8640728
-0.1059363037347793,-4.524579,4.031962,3.3166733,0.79594165,0.8258933,-0.2439408,-2.0069945,-1.9478054
0.0706273019313812,-0.49039212,0.885134,4.6263666,-3.0240817,1.689517,-4.148757,0.052393027,-1.8282623
-0.0460716150701046,-2.7838075,0.74411976,-0.15872273,-3.0643165,3.2626894,-1.7537175,-2.3583956,-3.8799286
0.0505648776888847,-1.475947,-0.39593953,1.8975053,-0.77479166,3.4194283,-4.0700226,-0.4584026,-3.8472435
-0.0772746279835701,-3.0765224,2.8577688,2.5234792,-1.3286452,0.52902734,-1.2030816,-3.0085645,-1.3603712
-0.0753334760665893,-3.0456467,3.3730521,3.1489189,-0.41208673,0.32165432,-0.5187656,-3.4212449,-2.2818494
-0.1328887939453125,-2.6785536,3.8251874,0.18035626,-3.6240175,1.5965934,-4.0958924,-1.6482676,0.94848305
0.0,-2.4073417,1.3649744,1.3792853,-4.604212,3.719501,0.22113195,-1.7894154,-2.9898226
-0.2677531242370605,-1.8004901,4.1326656,-0.57378834,-3.8263962,2.0757809,-4.1525745,-1.106042,1.1659491
-0.0008793866727501,-4.1860886,2.956637,2.1850808,-4.2422953,2.2258258,0.6748125,1.4482664,-2.855575
0.0691487491130828,-0.28952378,0.92425054,4.8433785,-2.5794568,1.633524,-3.9647262,-0.21082674,-1.2218832
0.0514820255339145,-2.231154,0.03303305,1.4235984,-0.5137525,3.9043086,-3.5479288,-1.0465671,-3.3220341
-0.1789562553167343,-1.8387095,4.0593233,0.54371566,-0.7226785,2.2680078,-2.5522323,-3.7027876,-0.47180462
-0.0471619293093681,-2.7038133,3.1764548,1.7887343,-1.2998902,0.39861658,-1.817632,-3.9103663,-1.2609445
0.0801783204078674,-1.5565348,-0.289613,1.8424242,-0.3079389,3.8034344,-4.1770673,-0.5262913,-4.052285
-0.0974866449832916,-0.8112714,5.6554217,-1.469988,-1.9263166,4.4338727,-3.9834678,0.20689206,0.028082915
-0.0367582440376281,-4.1779404,3.7893202,3.778195,0.6063349,0.5274627,-0.11228554,-2.3232126,-2.5108404
0.0007935941684991,-2.0560308,0.26851997,0.7241105,-2.1716466,3.1430175,-2.32247,-0.5513592,-3.768914
0.0975795686244964,-0.37586495,0.98074806,5.2595444,-2.5925286,0.9109527,-3.9825249,0.16845223,-0.85596466
-0.1699201613664627,-1.0068959,4.7569947,-1.1477567,-3.5263362,3.3096857,-3.6620567,-0.8112966,1.0295546
-0.1831183433532714,-2.7448113,3.2773075,0.19582382,-4.0657654,1.6829561,-3.8970108,-2.1001723,0.64696217
-0.092740848660469,-3.6342766,3.0873244,3.383977,-0.22360666,0.53154725,-0.46838507,-2.9223108,-1.9185979
0.0008705339860171,-3.1994402,1.5197732,-0.6262988,-2.64926,2.9618971,-1.5955153,-1.6266118,-3.6036973
0.0,-2.5253122,1.3548816,1.4287626,-4.674742,3.3332305,0.28889793,-1.5025702,-3.0613704
-0.095351941883564,-2.5665715,3.1523063,2.048973,-1.1759882,0.31408027,-1.7198328,-3.8413086,-1.18048
0.0692083686590194,-0.6249981,1.091559,5.3574114,-2.6385148,1.3839227,-3.8330522,0.31106463,-0.6861329
-0.0898793488740921,-2.7674818,2.9943583,2.1543348,-0.33382508,-0.012500972,-1.3868281,-4.1274805,-2.0169516
-0.0285020880401134,-2.440179,1.3831416,1.6049303,-4.159544,3.2361104,0.12862486,-1.8832319,-2.9319806
0.0,-4.159687,2.6701944,2.4509318,-4.1656713,2.128149,0.70455533,1.1552266,-2.7820559
-0.0025998910423368,-2.65952,0.94738305,-0.22019053,-3.3482137,2.9972043,-1.4116971,-2.432075,-3.7538304
0.0629881918430328,-1.1671197,-0.09687478,3.168591,-2.1115751,2.5861416,-3.3588428,-0.71961033,-2.6810474
-0.0961555987596511,-4.2681975,4.1277595,3.5117576,1.1480166,0.69616646,-0.53720695,-2.4088614,-2.2229362
-0.0008006644784472,-4.1059318,2.8955548,2.2445557,-3.9862761,2.3110816,0.59739685,1.3866323,-2.6266122
0.0,-4.1498947,2.8256142,2.143881,-3.895124,2.0215542,0.727564,1.1922735,-2.9472673
-0.0427151545882225,-3.109444,2.9477618,2.905492,-1.1387167,0.46196428,-0.57363117,-1.9627464,-2.3428319
0.0003043786855414,-2.8425384,3.5166926,1.2329623,-1.7084228,0.8954016,-2.1247537,-2.4187093,-0.87003493
-0.0087959133088588,-2.6520994,4.995552,-0.2981264,0.06239395,2.9190414,-2.6835232,-0.65325177,-0.87147456
0.1271349191665649,-0.5870978,0.8948926,5.529169,-3.0559132,1.7546798,-3.7958682,0.21425268,-0.7631362
-0.0875170528888702,-4.308858,3.5580711,3.377203,0.40363598,0.4245131,-0.2647363,-2.621858,-2.3260167
-0.0533837564289569,-2.4000177,2.7017984,1.4212624,-1.2321815,0.010049015,-2.401787,-4.5417495,-1.9718797
-0.0378842875361442,-2.1837685,3.0780792,1.1720128,-1.3633194,0.16208963,-2.6181428,-4.7283244,-2.0085685
-0.0007676775567233,-2.6647289,1.2291476,-0.31861693,-3.409725,3.4513142,-1.3439369,-2.1444113,-4.1290636
0.0,-4.3490505,2.6669161,2.3263667,-4.1690826,2.263175,0.59644014,1.0961976,-2.8493433
-0.0331350266933441,-2.4138927,2.6608768,1.0601785,-1.0737029,0.5251601,-2.472704,-4.3752136,-1.7594254
-0.0884681865572929,-4.2865353,3.7541497,3.2176297,0.5097003,0.3284506,-0.25825572,-2.669315,-2.1927116
0.0810333639383316,-0.33980316,1.1294231,5.0824394,-3.0981627,1.3426704,-4.2343984,0.006805867,-0.9493598
-0.1975093334913253,-0.9489697,5.8520083,-1.7266002,-2.8324685,3.6421275,-3.996865,0.2523924,0.07721994
-0.0006220098002813,-1.938776,1.1122037,1.4153824,-4.464246,3.1361785,-0.15091485,-2.2482188,-2.8161778
-0.0985292568802833,-2.99845,2.3867486,0.8760384,-1.7424256,0.9458014,-0.44824886,-2.4998627,-2.1691997
0.0006155604496598,-3.8655517,2.5820668,2.3831582,-4.2822146,2.4450042,0.75771356,1.2808205,-2.949386
0.0973951146006584,-1.075756,1.2394522,5.218028,-3.564243,1.4435345,-2.9945934,0.38187495,-1.1067595
-0.0439902395009994,-3.321706,2.599112,2.8978875,-2.0915945,0.55518943,-0.15453708,-2.1582093,-2.067943
0.1260392069816589,-0.5491786,0.84387994,2.8681953,-1.8910557,1.4487424,-4.4150724,-0.025135037,-2.249324
-0.2047666609287262,-2.2103243,3.974177,-0.37192652,-1.4060181,1.9115905,-3.0901294,-2.2063513,-0.33202863
-0.0930116921663284,-2.3424656,3.3087099,1.5011706,-1.3174962,0.17584763,-2.8386664,-4.292833,-1.2647206
0.0,-4.089777,2.808411,2.2048943,-4.0727367,2.142278,0.8913044,1.2621549,-2.692171
0.0977272540330886,-2.0796766,-0.089135446,1.4754739,-0.4849626,3.617602,-3.9681385,-0.7980939,-4.0549545
0.0,-2.3731143,1.3463206,1.4580501,-4.170671,3.3238676,-0.24416867,-1.7427834,-3.0126586
-0.0393049679696559,-3.7343729,3.1442459,3.2113197,-0.7039342,0.00780192,-0.4878484,-2.8833477,-2.3869274
0.0936751812696456,-1.2516018,1.0014051,5.279333,-3.2533348,1.4933885,-2.9616823,0.2049869,-1.230945
0.0974355116486549,-0.4953081,1.0710986,4.7970715,-2.7161298,1.1397748,-4.516751,0.15494165,-1.2439868
0.1001650840044021,-0.58967763,0.97283053,4.349351,-2.444919,1.5051634,-4.432434,-0.0010242984,-1.4443014
0.0926842167973518,-0.4776289,1.20035,4.7730994,-2.7114704,1.1499827,-4.471045,-0.0935157,-1.2254378
-0.1305904239416122,-1.159188,5.5637465,-0.755655,-2.8969395,4.3913546,-4.0667524,-0.3946474,0.81683433
-0.0696665719151496,-4.1169066,3.435513,3.558983,-0.27097297,0.5038246,-0.27319446,-2.4964628,-2.375882
0.0,-2.3075428,1.3610224,1.3967307,-4.183061,3.7402844,-0.053467177,-1.8169367,-2.819001
-0.1225469782948494,-2.5179434,3.1082952,1.5821552,-1.0724903,0.1089173,-2.5676827,-4.626325,-1.947972
-0.1627919822931289,-2.4691133,3.6599553,0.20877978,-3.9637952,1.5984191,-4.0825596,-1.6320456,0.90108734
-0.0924508348107338,-3.559528,3.6931956,3.4148061,0.29051128,0.25293115,-0.3667853,-3.2363858,-2.0571392
0.0,-2.513457,0.85930777,-0.23688313,-3.0797508,3.2734747,-1.5749141,-2.5623238,-4.0235953
0.100294716656208,-0.53579056,1.523216,4.651577,-2.2649584,1.3721412,-4.4779725,-0.0649213,-1.5314236
-0.0006155604496598,-2.269271,1.2159506,1.4751934,-4.104958,3.6167023,0.038073074,-1.7977285,-3.091942
-0.1223273202776908,-2.6122303,3.4523165,1.4111605,-1.3568543,0.59590656,-2.5547202,-4.257446,-0.8265474
-0.100922517478466,-2.364453,3.1971018,1.0820022,-1.5328586,0.57284546,-2.6975298,-4.338572,-1.5412369
-0.0001757331192493,-2.5219097,1.327636,1.2818451,-4.3440886,3.3342736,-0.1460985,-1.669178,-3.071798
-0.0535683743655681,-2.972023,2.6658633,2.9746468,-2.1381066,0.70168525,-0.4577262,-2.744483,-2.0517268
-0.0535236932337284,-4.4681067,3.4731252,3.7515597,0.40199772,0.6668037,-0.070690624,-2.0343688,-2.200907
0.0547290109097957,-2.1519716,-0.29018515,0.90084827,-0.6266573,3.8218257,-3.7984579,-0.74800396,-3.8730676
-0.0553598031401634,-3.5879893,3.2891746,3.2423518,-0.8963729,0.4411921,-0.29539967,-2.9390128,-2.1568942
0.1619714945554733,-1.1116146,3.405594,1.5923381,-0.9037746,-0.3772263,-3.9812748,0.19702661,-2.7616532
0.0,-2.3111346,1.6673229,1.4751745,-4.1284246,3.4066362,0.055233408,-1.8002888,-3.1434617
0.126415878534317,-0.53810674,1.1967252,3.669177,-2.34317,1.6291488,-4.4025187,-0.25619352,-1.8472435
-0.0808797404170036,-4.117547,3.643724,3.6405106,0.030617056,0.47622243,-0.10779764,-2.7430367,-2.3205414
-0.0944019556045532,-4.5135884,3.8972864,3.5044334,0.764233,0.95898134,-0.33493882,-1.9670074,-2.1778333
0.0,-4.168208,3.0129993,2.2402432,-3.8842416,2.1617098,0.502815,1.2500125,-2.8744721
-0.0006155604496598,-2.3684034,1.2554147,1.5865968,-4.3092713,3.6850455,0.043760583,-1.6407902,-3.0607066
-0.0224398300051689,-2.4449542,1.1687317,1.3232794,-4.0608625,3.4638348,0.09308447,-1.7194664,-2.9030886
0.0682893469929695,-0.6328574,1.5103512,4.5558743,-2.7735863,1.3421055,-4.240994,-0.026282579,-1.6006743
-0.139012724161148,-0.8469064,5.5811653,-1.5249388,-2.791382,3.3872561,-3.9749303,0.12917979,-0.15037578
0.1011748164892196,-0.6674565,0.78358287,3.8727405,-1.7466847,2.0659502,-4.818382,-0.4287285,-2.0027354
-0.0520055554807186,-4.2359276,3.9321363,3.7933393,0.3171483,0.71271676,-0.041579872,-2.085956,-2.2593143
0.0558528639376163,-1.0942079,-0.07040555,1.6471719,-0.94242895,3.1930876,-4.068562,-0.64116955,-3.6275392
0.0825059115886688,-0.37234604,1.0750031,4.936495,-2.8819911,1.037966,-4.1967316,-0.32519987,-0.991892
-0.0991947948932647,-2.8148847,2.9525301,1.5498483,-1.1363783,1.8444979,-0.7576591,-3.530114,-2.3933837
-0.0830817222595214,-2.428224,3.4337873,1.1381006,-1.1891836,0.3855341,-2.5740814,-4.6463704,-1.7354505
-0.2091189622879028,-1.2624737,4.1071925,-0.7164512,-3.4210775,2.7625678,-3.8364203,-1.1062422,0.7202514
-0.0073929112404584,-2.063275,1.0058254,1.3597896,-4.2364964,3.4231453,-0.074445695,-1.5518277,-3.1661446
-0.0910602882504463,-4.602982,4.114211,3.422488,0.795075,0.7866385,-0.39245933,-2.2186308,-2.3675086
-0.0640636906027793,-4.411145,3.9019866,3.7598083,0.2891671,0.60481215,-0.28149593,-2.0990171,-2.3400805
0.0595918148756027,-1.9521189,-0.3777141,1.5623848,-0.95385176,3.434163,-3.8776832,-0.90193576,-4.115767
0.0912330970168113,-2.0256422,-0.4208286,1.0947744,-0.4077067,3.5515478,-3.8876102,-0.6165983,-4.221501
0.0701417028903961,-1.004122,0.3795155,3.1978745,-2.1168752,2.6498275,-2.89397,-0.3274051,-2.4811215
0.0,-2.1635122,1.2024262,1.6292032,-4.5108395,3.4179893,-0.14407736,-1.7453794,-2.9055471
0.0,-3.2305956,1.3835196,-0.7277582,-2.370347,2.9685082,-1.6213892,-1.2903917,-3.887709
-0.0006155604496598,-2.2993822,1.119206,1.7814822,-4.1634383,3.7054064,-0.12539887,-1.6597145,-3.2179186
-0.0079088322818279,-4.382349,2.6565106,2.1204393,-3.9875298,2.2192788,0.9173507,1.152674,-2.7020822
-0.0389414951205253,-3.840552,3.3755126,3.459916,-0.33166742,0.17305893,-0.19497022,-2.5428884,-2.4834802
-0.0945191830396652,-2.5274065,3.4135172,1.8291227,-1.0320905,0.042692974,-1.8597167,-4.2439656,-1.9046645
0.0629211962223053,-1.9750931,0.20660225,1.2838098,-0.8054815,3.798169,-3.5051584,-1.0432943,-3.2775662
-0.0006155604496598,-2.4503913,0.8381986,-0.08314692,-3.279451,3.0308764,-1.5986586,-2.5690608,-3.9089484
0.2077801376581192,-1.1346644,3.8497825,1.5763257,-1.7223849,-0.22074105,-4.27185,-0.487796,-2.7224588
-0.0047051198780536,-2.3516488,1.0646683,1.6470954,-4.2593575,3.1398325,-0.29888892,-1.7112396,-2.9858723
0.0007661748677492,-2.1154523,0.040985126,0.82650495,-1.714675,3.1446612,-2.9906938,-0.2927587,-3.674576
-0.0515797398984432,-2.1374753,2.9278126,1.4406425,-1.3812103,-0.17641532,-2.5034838,-4.219723,-1.9550823
-0.1918437778949737,-1.5043718,3.5053651,0.26893768,-2.7930446,1.3725924,-3.8904285,-3.4633777,-0.34297913
0.0909464061260223,-2.2072926,-0.07548763,1.0026565,-0.9981192,3.7259042,-3.650505,-0.80800873,-4.2871957
-0.0530377738177776,-3.1948504,2.830248,2.7214284,-1.4442964,0.15117908,-0.12002472,-1.7600155,-2.5005183
-0.1196665167808532,-2.6648316,3.1303544,1.8802198,-1.082061,0.3319987,-1.703988,-4.5400176,-1.7879729
-0.0445396043360233,-2.7008154,3.2043386,2.0192895,-1.5224121,0.4196625,-1.5614245,-3.7923377,-1.3233372
0.0513445846736431,-2.086671,-0.062616974,1.4862185,-0.54372966,3.8223848,-3.3655155,-1.0772861,-3.5127172
0.0,-4.1892533,2.9794872,2.3451126,-3.924792,2.1580775,0.7805945,1.3018823,-2.892819
-0.0446119755506515,-2.5066228,1.4812182,1.6368158,-3.3557186,2.6308188,0.20139636,-2.4169736,-3.0466123
-0.0595650002360343,-2.5698106,3.1477597,1.4384537,-1.2398473,0.66604465,-2.7150745,-4.721543,-1.214145
-0.0560559928417205,-2.3367326,3.0202246,1.278006,-1.005174,0.47211874,-2.4754145,-4.0878067,-1.5279697
-0.0008705339860171,-2.5636706,1.3287922,1.4573683,-4.3543344,3.424186,-0.15977916,-1.5950277,-3.112608
0.08832448720932,-1.6885777,-0.25680056,1.5895569,-0.6169554,3.531105,-4.217641,-0.52562416,-4.0021443
0.0,-2.4164572,1.2793462,1.5046555,-4.633497,3.6502826,-0.029828824,-1.8474773,-3.1439705
0.1644049733877182,-1.035737,3.7920747,1.4693567,-1.202356,-0.32468894,-4.183654,-0.3890985,-2.8367238
0.0387816987931728,-2.1250124,-0.024127908,0.9926105,-0.78273356,3.6893783,-3.169696,-0.7924009,-4.2903943
0.0433801859617233,-2.3373296,-0.16995546,1.1900495,-0.7538694,3.8469405,-3.8951283,-0.7779457,-3.8276258
-0.0968928933143615,-2.1309502,2.8478189,1.3173486,-1.3688531,0.30868614,-2.7536993,-4.745527,-1.7708613
0.0532304681837558,-1.9095852,0.021181518,1.4106479,-0.688685,3.488157,-3.5854244,-1.0433018,-3.2733207
-0.0437587238848209,-2.392684,3.1055453,2.02799,-1.7222257,0.19334006,-1.5934339,-4.230696,-1.9189613
0.0878271982073783,-1.1023833,-0.18781403,2.030693,-1.0233754,2.6830442,-4.2122808,-0.331074,-3.5905898
-0.0744211450219154,-1.6037796,5.457347,-0.7588372,-1.9126092,4.354813,-3.8958337,-0.5960213,0.77978307
-0.0384675301611423,-2.5420172,2.8786364,1.6496906,-1.4632511,0.2600358,-2.7776175,-4.2541814,-1.2661732
-0.0041769379749894,-4.369976,2.9351676,2.1263819,-3.9008355,1.9408727,1.0650272,1.3080741,-2.9652288
0.0617605671286582,-1.1884943,0.96836257,4.826261,-3.5264087,1.1940769,-2.6206722,0.6160241,-1.4764674
-0.0101334173232316,-4.0684953,2.8322015,2.2203062,-4.2431245,2.1814537,0.5539181,1.2548593,-2.6915739
-0.0300391279160976,-4.1991973,3.7746396,3.51075,0.5730338,0.55694115,-0.14806172,-1.9725984,-2.420053
-0.0557348616421222,-4.1764965,3.7479517,3.4848435,0.1476205,0.5410795,-0.2451227,-2.070111,-1.9910393
-0.077966034412384,-4.086649,3.3542833,3.6318307,0.19433752,0.31597432,-0.19158882,-2.4190369,-2.5693202
0.0595043413341045,-1.1458536,-0.23727006,2.641236,-1.2126768,2.8769934,-4.0311246,-0.48635983,-3.1229515
0.0617751665413379,-0.5952004,0.7286673,4.111061,-2.3029099,1.9550042,-4.52263,-0.59830076,-2.0002494
-0.1209554076194763,-4.184582,4.148,3.7191978,0.5845436,0.3835601,-0.28354564,-1.9342358,-2.4833455
-0.096579797565937,-4.2817435,4.0783467,3.3720455,1.4279284,0.7097008,-0.6659305,-2.1179101,-2.026767
-0.0818375572562217,-3.5098126,3.2292593,3.0742824,-0.8191334,0.25661528,-0.17991477,-2.2376912,-2.3811991
-0.0005190677475184,-2.965825,3.498155,1.0889735,-1.9870225,1.1696854,-2.2229643,-2.4756727,-0.53497535
0.071031354367733,-0.54198885,1.0299436,5.194327,-3.083904,1.6862916,-4.322969,-0.0401496,-1.1018549
-0.0546205006539821,-4.141969,3.6743577,3.5484369,-0.09970094,0.5330414,-0.05984529,-1.6333603,-2.1309612
-0.0444884374737739,-2.7080045,2.9817717,1.4064251,-1.2813512,0.62616765,-2.5936651,-4.399266,-1.1848842
0.0336186438798904,-2.7518961,1.4024798,-0.5703486,-2.8161597,2.6861563,-1.5858314,-1.6932207,-3.6770504
-0.0501475557684898,-2.463633,2.790422,1.4421797,-1.54324,0.65304625,-2.6650064,-4.4361815,-1.7932433
0.1006594821810722,-0.3618682,1.0260117,5.251998,-2.7787373,1.3306596,-4.6046042,-0.2046904,-1.0103215
-0.0408582910895347,-2.629078,3.116066,1.7464296,-1.2352844,0.49092287,-1.649333,-3.937533,-1.182382
0.0919211953878402,-2.2654316,-0.009464553,1.5530193,-0.73697966,3.8071263,-3.659783,-0.73257935,-3.443163
-0.0926951691508293,-2.3039055,3.447624,1.6834362,-1.2806938,0.5842446,-2.7270207,-3.8706505,-0.73711956
-0.0598779246211051,-4.151041,3.5796046,3.8107808,-0.06593239,0.42411923,0.16585779,-2.0501387,-2.555385
-0.0459317564964294,-3.062467,1.6860143,0.41533232,-3.7623055,2.174417,0.10476637,-0.91960686,-3.0632837
-0.0681496784090995,-3.8979545,3.062047,3.6069658,-0.8451055,0.38256666,-0.21390112,-3.0126276,-2.1774883
-0.0019087940454483,-4.16365,2.9852319,2.1148558,-4.010321,2.2705786,0.6690397,1.0367777,-2.8229995
0.0456788130104541,-1.5279157,-0.27638903,1.9890627,-0.7970688,3.5668216,-3.7767954,-0.6784536,-3.753432
0.0,-3.0495367,1.3013179,-0.61291075,-2.174202,3.012188,-1.5324936,-1.3807849,-3.9100504
-0.0006155604496598,-2.441911,1.5179462,1.3100154,-4.3193574,3.6801357,-0.16668536,-1.647116,-3.1627345
0.102363146841526,-0.41261223,1.3194357,5.317151,-2.780219,1.1215892,-4.5918403,0.17264087,-0.985307
-0.0950809195637703,-3.6339114,2.9590454,2.851394,-0.57641894,0.22283466,-0.752993,-2.5421941,-2.516575
-0.0002640942693687,-2.4562855,1.4300519,0.6351517,-4.298441,3.1344342,0.06679755,-0.7627082,-3.1235244
0.0010835347929969,-4.0156164,2.895481,2.5526023,-4.051641,2.2894218,0.6251722,1.4055731,-2.8297503
0.0793572142720222,-1.7536222,-0.0328954,1.5065238,-0.39264363,3.6440766,-3.7993917,-0.9595264,-3.987131
-0.0484306663274765,-2.5212746,3.1638038,1.3449959,-1.8510071,0.6416562,-2.6870978,-4.7640047,-1.1470762
0.0422929003834724,-1.9013186,0.4028834,1.401714,-0.7260599,3.6486523,-4.028633,-0.5825226,-3.381479
-0.0706004500389099,-2.5214026,2.7084048,1.8767965,-1.1093539,0.28740978,-1.9461361,-4.297982,-1.8026831
-0.0009520922321826,-3.8626127,2.5611582,2.4727247,-4.4699516,2.0564818,0.71224207,1.2850189,-2.58465
-0.0928213745355606,-3.5582595,3.174872,2.9934778,-0.29603434,0.050614864,-0.63824093,-3.3918986,-1.9603881
0.019630592316389,-2.4920738,1.2424508,0.5059006,-4.407325,2.7107003,-0.02665487,-1.0178918,-2.7757986
-0.0599169135093688,-2.8501263,3.028008,2.260902,-1.4219644,0.6352079,-1.265714,-3.6124163,-1.3400396
0.0454029627144336,-0.4633367,1.0908196,4.239204,-2.6633835,1.5445536,-4.2188582,-0.38256735,-1.3905345
-0.0215533524751663,-2.2319818,1.6842628,1.3009535,-4.540914,3.063391,0.11601484,-1.7799634,-2.8104255
-0.0588234104216098,-4.158004,3.4741654,4.0763526,-0.1224639,0.50678277,-0.13573784,-2.2637239,-2.4630816
-0.1371148079633712,-2.4277263,3.6645982,-0.36806476,-4.0745296,1.3221287,-4.029751,-1.5061805,0.73757046
0.0356977358460426,-1.472407,0.18860132,1.7469982,-1.4729369,2.912718,-3.5856328,-1.0205607,-3.6933157
0.0773053914308548,-0.7227564,0.43995315,3.7733684,-1.7287663,2.0178308,-4.237051,-0.15236557,-1.8771842
0.0929095968604087,-1.6027756,-0.3935484,1.5402353,-0.7113799,3.0652487,-4.1355057,-0.43847013,-4.3006525
0.0514118671417236,-0.53382427,1.4866614,3.8299596,-2.4391942,1.5581632,-4.2369795,-0.42334315,-1.8755772
0.0763048231601715,-1.3736202,-0.37280488,2.2504206,-0.61168414,3.6791074,-4.132547,-0.84420615,-3.7186427
-0.1913446336984634,-2.319076,3.6976647,-0.0203101,-4.1749816,2.7722518,-3.9751773,-1.6721394,1.4421498
-0.0409398451447486,-2.955323,1.6434293,0.4991941,-4.10351,2.2761602,0.16200784,-1.0868428,-3.005012
0.0006155604496598,-4.365939,2.9583578,2.3782325,-4.203836,2.15607,0.73669636,1.208031,-2.7221367
-0.0023033616598695,-2.4456701,1.1531807,1.6327918,-4.261289,3.4054677,-0.19257343,-2.0066662,-3.17904
-0.0026144769508391,-2.557624,1.2408931,0.45286006,-4.274373,2.9605644,-0.18632278,-0.9956568,-2.9914155
0.0,-2.5123556,1.6363187,1.2918235,-4.36961,3.3917437,0.093381286,-1.671413,-2.9236891
0.0478701777756214,-0.6389525,0.42866927,3.1133106,-1.939742,2.1250587,-4.387655,-0.3665835,-2.7532854
-0.0793990939855575,-4.001869,3.4541693,3.4012213,0.088537976,0.65750396,-0.33396882,-2.584776,-2.0883462
-0.2174730896949768,-1.7072893,5.361919,-1.2000194,-1.2392719,4.1265597,-3.5949423,0.18669651,-0.13240099
0.0430644564330577,-0.39568228,0.9985694,5.3587174,-2.7227774,1.642166,-3.922935,-0.26029396,-0.7622937
0.0468421913683414,-2.3304,-0.09759867,1.27851,-0.75013447,3.8575,-4.0077033,-1.0216894,-3.9923794
0.0926430225372314,-2.2966025,-0.05055241,1.2894939,-0.6346862,3.5708869,-4.2530327,-0.68164116,-3.9058332
0.0661223605275154,-2.261168,-0.08498003,0.9963489,-1.2522051,3.577145,-3.5951421,-0.9249696,-3.711567
-0.0646905526518821,-2.8164096,2.878126,2.7129633,-1.6805047,0.5420033,-0.3667464,-2.0877283,-2.3806736
0.1276780366897583,-2.0030034,-0.28908798,1.3094656,-0.4019576,3.8609695,-4.1064973,-0.6281512,-3.7676716
0.0770589113235473,-0.5860258,1.1019945,5.476717,-2.8326902,1.2251514,-4.2104907,0.11068527,-1.0953579
0.0765299648046493,-0.34745115,0.86943406,4.3503785,-2.763754,1.5055444,-4.2751694,-0.301057,-1.5735368
-0.1237323582172393,-3.7910476,3.877086,3.284964,-0.062008396,0.7509094,-0.3148409,-2.6867664,-2.164523
0.0491230189800262,-1.2938309,-0.1623296,1.6547654,-1.9170338,3.0854754,-2.939844,-0.7924989,-3.83549
-0.0658890083432197,-4.092597,3.6387677,3.6572888,0.36296806,0.6108275,-0.40716875,-2.4529655,-2.4960725
0.100734181702137,-0.3935119,1.1417928,5.44831,-2.6167223,1.4773506,-4.097218,0.08359827,-0.8371826
0.0420239940285682,-0.36188805,1.5517932,5.225169,-2.4847665,1.1245073,-4.368586,0.15966241,-1.32358
0.1284837424755096,-0.44566843,0.62921685,4.419107,-2.265071,1.6848661,-4.496084,0.114548445,-1.6922362
0.0656277984380722,-1.9120188,-0.0732509,1.4110326,-0.20153308,3.6315598,-3.764164,-0.7435267,-4.1329317
-0.0004398273595143,-2.7135441,1.0049093,0.08853254,-2.7481205,3.0411217,-1.4704297,-2.4069607,-3.6593273
-0.0373729839920997,-3.0206954,2.949891,2.7918775,-1.6659847,0.85673034,-0.11023469,-2.410975,-2.3693032
0.0467486791312694,-1.7302758,-0.08332856,1.3838829,-1.0341876,3.3159115,-3.512813,-0.86916196,-3.372425
0.0846026912331581,-2.0455093,-0.17657389,1.2352984,-0.20655099,3.7365773,-4.115089,-0.97304726,-3.9405317
-0.0663931742310524,-2.406383,2.760716,1.8626258,-0.7816284,0.75653887,-2.1769657,-4.5418487,-2.0509164
-0.1719932854175567,-1.8187405,4.003206,0.34386006,-4.023495,2.8683705,-4.002998,-1.7016612,1.2885699
-0.0515873953700065,-2.1045482,2.9577043,1.3210735,-1.6472685,0.16783804,-2.3246117,-4.5569744,-2.0427375
-0.0210555661469697,-2.5947206,0.81793904,0.020220876,-3.406548,3.4235406,-1.6911533,-2.5118768,-4.030067
-0.0004400774778332,-2.027009,1.1616706,1.3075562,-4.6912684,3.3494067,-0.029288724,-1.8216257,-2.8181417
0.1263002455234527,-0.75070906,1.131718,3.923418,-2.4745991,1.560403,-4.567358,-0.04317844,-1.7651626
0.0,-2.451268,1.2714632,1.5144529,-4.411571,3.3289323,0.02774729,-1.6447943,-2.872695
0.1015147790312767,-0.43714872,0.46894222,3.810105,-1.7832161,1.8289509,-4.565597,-0.1973885,-1.7120609
0.0735721662640571,-0.6709579,0.85450745,4.9938564,-2.7579963,1.642745,-4.216305,-7.598102e-05,-1.1376736
-0.0933776423335075,-2.2293334,3.1834922,1.3650417,-1.397586,0.041958705,-2.7840347,-4.136704,-1.2566267
0.0692444369196891,-0.3995911,0.9646512,5.0706744,-3.0927005,1.2227148,-3.7613916,-0.05873078,-1.16608
-0.1620298326015472,-2.8042305,3.5496569,0.38608164,-3.6040676,2.1065133,-3.6674318,-1.8946388,0.64397585
-0.0762895867228508,-2.5713534,3.0930355,1.298311,-1.4938358,0.49501875,-2.6709652,-4.43051,-1.2207888
0.1266990154981613,-0.6121636,1.1827658,5.272278,-2.9730575,1.3470683,-3.824809,0.113067,-0.8265913
-0.0102209756150841,-2.417422,1.2621241,1.5719131,-3.9958754,3.166084,0.14597368,-1.6661308,-3.0096762
-0.0158204622566699,-2.7214868,0.797938,-0.0031066947,-2.7464907,3.522834,-1.5158476,-2.2243886,-4.0864697
-0.1394234001636505,-2.2976646,3.5062664,-0.1070016,-4.050161,1.4866517,-3.3432837,-1.330879,0.0067392886
0.0596174485981464,-2.2866104,0.496606,0.9317577,-1.0216885,3.5785823,-3.2328513,-0.81980634,-4.3575044
-0.0699447244405746,-3.2644904,2.9373317,2.7212095,-1.1951631,0.20896523,-0.46762675,-2.2433867,-2.2897704
0.058072242885828,-1.3177587,0.043756787,2.5677247,-1.713218,3.1694248,-3.7129283,-0.36983928,-3.3043988
0.0592551007866859,-0.8984253,1.0659825,5.241294,-3.1728427,1.4757699,-3.550838,0.18861541,-1.0094674
-0.0414472669363021,-3.1752362,2.7828522,2.7389212,-1.2776622,0.44403303,-0.29932883,-2.216451,-2.1232738
-0.0008705339860171,-2.638275,0.8954879,-0.050165832,-3.3559976,3.1573887,-1.3700514,-2.415546,-3.6728954
0.1267262250185012,-0.44876948,1.0680594,5.4173756,-3.1100166,1.206275,-4.1456223,0.116549924,-0.8240409
-0.0019191895844414,-2.4157798,1.0134262,-0.21081357,-3.4987807,3.3167527,-1.3954868,-2.218075,-3.8324015
-0.0033775228075683,-2.6076972,1.0305793,-0.31950477,-3.3136082,3.2519233,-1.5768819,-2.2242355,-3.59765
-0.1021528840065002,-2.4261227,3.2433984,1.0620086,-1.1589282,0.31987023,-2.7312298,-4.5825763,-1.4307916
-0.0676924064755439,-2.5369153,2.978468,1.4533206,-1.7184494,0.6617272,-2.3145723,-4.2764125,-1.3066003
-0.0845993757247924,-0.69043857,5.8465357,-1.2865481,-1.8649747,4.5397205,-3.9667668,-0.22410583,0.060180835
-0.0006155604496598,-2.8102229,0.9210579,-0.14741445,-3.250434,3.321328,-1.5934664,-2.6238723,-4.001486
0.0666490122675895,-0.5286487,0.65512866,2.7950418,-1.5493639,2.0422742,-4.1989536,-0.6489428,-2.8380911
-0.006006795912981,-2.4670556,0.94192183,-0.12010622,-3.0728667,3.1868074,-1.5433271,-2.0288758,-3.9258065
-0.0742783322930336,-2.679836,3.1169765,1.5303715,-1.2551961,0.5576398,-2.716231,-4.4556184,-1.0451075
0.0003929511876776,-4.0136585,2.4184651,2.3536985,-3.9623256,2.2428875,0.67903894,1.3837348,-2.8405073
0.0472843423485755,-1.5430144,-0.3708625,2.3084583,-1.0522947,3.5579815,-3.9382439,-0.48858818,-3.7141795
-0.0487857237458229,-3.1243453,1.9610115,0.7111519,-4.00979,2.153302,0.08574476,-1.2754567,-2.6909945
0.0462984070181846,-2.023777,-0.013387721,1.1321571,-0.9384091,3.7038107,-3.7071757,-0.8050604,-2.9900417
-0.1040118411183357,-2.369403,3.3151624,1.0654937,-1.0078022,0.4298792,-3.0385273,-4.945899,-1.1796823
-0.0648508593440055,-2.5056958,3.0365744,1.2822893,-1.746931,0.46549213,-2.6060925,-4.485633,-1.7347738
0.0831985995173454,-0.5950212,0.6153052,4.144803,-2.0285475,1.7734739,-4.6416745,-0.246348,-1.9082541
0.1942006945610046,-1.5419626,3.1875677,1.4197739,-0.56273055,0.61671317,-4.0892267,0.09351538,-2.858902
0.0830897986888885,-1.205024,-0.28571698,2.3630683,-0.7222733,3.63306,-4.2798653,-0.6411702,-3.6845946
0.0731934309005737,-1.2218068,-0.1070641,1.6180098,-1.0499773,2.847183,-3.8970172,-0.5780479,-3.4963827
-0.2691788375377655,-0.74496293,5.1697826,-0.9218769,-3.3242064,3.6522355,-4.0943546,-0.8752055,0.41899276
-0.0345643758773803,-3.5220983,2.7013705,2.8361309,-0.71811295,0.19061995,-0.4011727,-2.3477328,-2.226092
0.2829267978668213,-1.482993,4.1890893,1.391448,-0.9501929,-0.75858796,-3.8394942,0.26247522,-2.4737802
-0.269199937582016,-0.6975034,5.029329,-0.8559238,-3.6847427,3.767652,-4.0166354,-0.91419363,0.60629326
0.0,-2.5532384,0.63888896,-0.15538101,-3.4421892,3.187943,-1.5070739,-2.3413231,-3.8558815
0.0690659806132316,-0.7103948,1.3437705,3.9851332,-2.3968928,1.5927845,-4.5287848,-0.1798281,-1.4245642
-0.2580167651176452,-1.0901893,5.2767024,-1.9225364,-3.3638809,3.1903598,-4.0443907,-0.1896187,0.5691901
0.0,-4.206229,2.8694856,2.1420667,-3.633317,1.968438,0.533875,1.2515049,-2.9065561
-0.0404033847153186,-3.4482548,3.3167489,3.2155073,-0.6003266,0.5156708,-0.25746447,-2.81181,-2.1282058
-0.0828953385353088,-3.2434492,3.2139,3.0284934,-0.22575928,0.23343559,-0.5914311,-3.3703365,-2.0403533
0.066726267337799,-0.7261963,1.1577704,3.0751839,-1.8747319,1.6481869,-4.0875688,-0.15202588,-2.4622214
-0.0004398273595143,-4.153988,3.054625,2.1481047,-3.9266827,2.0647824,0.9228648,1.2073979,-2.9349616
-0.0373392067849636,-3.078458,3.0343685,2.6791058,-1.2201114,0.4013205,-0.5896369,-2.6138713,-1.853405
-0.140372097492218,-2.298998,3.2818418,-0.16677625,-4.081968,1.4554373,-3.3956165,-1.5370198,0.20627958
0.0,-2.3601885,0.99146837,1.7784656,-4.5757523,3.5509844,0.04223755,-2.0593123,-2.860266
-0.0555431544780731,-2.2639651,2.753029,1.5082475,-1.0298386,0.24342684,-2.3489418,-4.227751,-2.145132
0.0,-2.7681577,0.8657265,-0.30306548,-3.180962,3.3711524,-1.4339317,-2.318532,-4.0134244
0.0,-4.295109,2.755717,2.2535973,-4.3543744,2.3530242,0.7209364,1.4390324,-2.9474142
0.0541263930499553,-1.5494741,-0.31876606,1.6427081,-1.2630953,3.8298798,-3.667554,-0.86238354,-3.5537026
0.0926038846373558,-1.120266,1.2552052,5.2528048,-3.3736537,1.4294968,-3.0428386,0.3497492,-1.3390285
-0.0939941704273223,-4.4493995,3.626666,3.3636549,1.2516799,1.0057468,-0.40467805,-2.7829888,-2.3810313
-0.0044273934327065,-2.63888,0.9265977,-0.27312827,-3.2146218,3.1428375,-1.5579702,-2.545847,-3.7514632
0.1005934178829193,-1.981259,-0.2603279,1.1234443,-0.85255027,3.836675,-3.6787436,-0.49865043,-3.6464596
0.0431567132472991,-1.522434,-0.25344422,2.2919543,-0.62967944,3.4902184,-3.9536436,-0.7877678,-3.427911
0.0,-3.9038854,2.893668,2.193778,-4.2652073,2.2674506,0.7997148,1.3867122,-2.9772983
0.0664891600608825,-0.5376867,1.4226363,4.6229243,-2.3259132,1.3114016,-4.2429934,0.24527997,-1.4858066
-0.0124404663220047,-2.2519836,1.2569416,1.0429128,-4.0006437,3.0314007,-0.14214858,-1.8138765,-3.2792315
0.1219757720828056,-1.1589485,0.12453723,1.9651413,-0.83552486,2.9843433,-3.8438697,-0.5392928,-3.7717228
0.0808524414896965,-0.46014792,0.91781545,4.9200172,-2.6028209,1.26309,-4.352262,-0.076242,-1.0177101
0.0583926253020763,-0.5670174,0.7194916,4.6301384,-2.548224,1.7279522,-3.999793,-0.46384403,-1.5020772
0.0012755803763866,-4.1156955,2.742508,2.4322844,-3.9563463,2.195729,0.7867115,1.2959328,-2.959047
-0.0787916705012321,-2.4687843,3.1410663,1.1661483,-1.3220534,0.40512002,-2.453713,-4.4741993,-1.8061106
-0.0394889004528522,-2.658356,3.0157826,1.6506214,-1.2382319,0.3951642,-2.0988762,-3.7435024,-1.1028329
-0.2137846052646637,-2.1861527,3.6666837,-0.41393173,-4.000957,2.1194358,-3.6162055,-1.3928411,0.71085656
0.0747176185250282,-2.288655,-0.2872044,0.73382694,-1.0733227,3.749442,-3.287164,-0.8022263,-4.4642267
-0.0636546611785888,-2.4205673,2.805326,1.209962,-1.5307443,0.2933138,-2.2697008,-4.453469,-1.7645612
-0.0621946975588798,-2.8676646,2.7125719,2.0545714,-1.3151869,0.5360554,-1.4243497,-4.4029202,-2.0202923
0.0948732495307922,-2.0325437,-0.3339385,1.2503254,-0.109523684,4.019489,-4.233429,-0.6454373,-3.9240332
-0.0384108237922191,-3.0866075,2.6975431,2.9657564,-1.5934972,0.6173268,-0.3563134,-2.4689925,-2.129617
-0.0831701681017875,-4.22321,3.8203788,3.6352508,0.90469116,0.5231458,-0.458493,-2.4948468,-2.268767
-0.059398666024208,-2.8615887,3.1569605,2.1292102,-1.5860153,0.42969558,-1.3689115,-4.0998945,-1.0677106
0.0,-2.5101705,1.5447242,1.2818818,-4.651906,3.5649066,0.21875498,-1.7411311,-3.174714
-0.1410755366086959,-2.5647793,3.327639,0.23193996,-2.879154,1.8286905,-3.5263517,-1.8102074,0.08744445
0.0,-4.13356,2.7842972,2.5233722,-3.9251423,2.0183458,0.80060625,1.1367335,-2.600096
0.0639560669660568,-1.5432149,-0.30388752,2.032032,-0.94681555,3.4628537,-3.928841,-0.6487005,-3.584645
-0.2625117003917694,-1.7765245,4.0004864,-0.32203993,-3.9806814,2.3826766,-4.1752844,-1.0303882,1.0700129
-0.0040871021337807,-4.0984173,2.67231,2.249796,-4.273477,2.0112486,0.72187406,1.0803486,-2.5568688
0.0973464474081993,-2.0124624,-0.37905446,1.1026826,-0.05728507,3.5696406,-4.0228243,-0.23518327,-4.14716
0.0938340872526168,-2.0940337,-0.07797812,1.1987438,-0.24580753,3.4503171,-4.176714,-0.59117407,-4.3332686
-0.0912627279758453,-3.578348,3.2161396,2.892381,-0.97396773,0.59591365,-0.631658,-2.8510082,-1.9199204
-0.0456966422498226,-2.4640727,3.4557426,1.194753,-1.426378,0.502027,-2.5280457,-4.6225977,-1.4218596
-0.1274157911539077,-2.073376,3.2349863,0.17141157,-3.904761,1.9672341,-3.671404,-1.5254357,0.096228406
-0.004287508316338,-2.0507221,1.3076403,1.8130332,-4.43836,3.5375955,-0.10093177,-1.6410936,-2.704699
-0.1824797689914703,-1.2117585,5.406695,-1.3095918,-1.3492962,3.2936225,-3.3124752,0.073424585,-0.6819449
0.0,-4.2085485,2.811308,2.1792097,-3.9630792,2.0893514,0.873481,1.4387903,-2.960964
-0.1707480698823928,-2.4357646,3.472692,1.0883203,-0.638155,1.9178443,-2.2243407,-4.013326,-0.8828745
-0.0316926762461662,-3.149821,1.6640531,0.88763964,-3.9555583,2.0947187,0.04959017,-1.0956223,-2.7416694
-0.2149268239736557,-1.63497,3.4036736,0.60826635,-2.392239,0.7277523,-3.3464706,-3.8522706,-0.48430395
0.0512518770992755,-1.992094,-0.05407688,1.3112488,-0.47123083,3.9486306,-3.6115901,-1.0001357,-3.3037357
-0.0821640491485595,-2.6031523,3.40621,1.6766374,-1.4723167,0.7414712,-2.6902833,-4.1782713,-0.9248489
0.0006155604496598,-2.399155,1.1114999,1.702919,-4.5174007,3.5608697,-0.1804476,-2.0258296,-3.0613148
0.0388250611722469,-1.4665028,-0.015167251,1.6636928,-1.582926,2.8875077,-3.4369342,-0.59756017,-3.6830738
0.0813598781824112,-1.9091642,-0.1579509,1.4494411,-1.092068,3.723173,-3.826795,-0.64705664,-3.517752
0.0,-2.269769,1.0613328,1.5327884,-4.312331,3.7363462,0.14243118,-1.7270838,-3.0363266
0.10435651242733,-0.26665553,0.85029787,5.4384913,-3.2644281,1.1396995,-4.0294676,0.3548198,-0.56487966
0.0,-4.1213737,2.9441316,2.1117136,-4.0238004,2.224114,0.9496744,1.2339562,-3.1632931
-0.0059256763197481,-2.4969068,1.3858496,0.5833772,-4.6525173,2.967764,0.1432729,-0.8339851,-3.094716
-0.0638026222586631,-2.3427942,2.8273337,1.2089326,-1.873872,-0.052944988,-2.4889987,-4.675067,-1.8354784
-0.0092285573482513,-2.259159,1.1189749,1.6281697,-4.156507,3.4598002,-0.322182,-1.58688,-3.0082765
-0.0466933026909828,-3.5946498,3.0384216,3.0067742,-1.4723016,0.25839648,-0.52950937,-2.0606952,-2.458676
0.0492267571389675,-0.6004516,0.38156885,2.5392268,-1.7400875,2.1293302,-4.375345,-0.12234047,-2.9435775
0.0865040495991706,-2.0997,0.22857782,1.4775281,-0.5142858,3.42927,-3.3860524,-0.56617856,-3.1985717
0.0920295044779777,-0.45518956,1.3378038,5.470238,-3.2978115,1.1465514,-4.0156765,0.073305644,-0.8526918
-0.0008705339860171,-2.6349003,1.1172835,-0.18491039,-3.2238445,3.1480467,-1.6221149,-2.3632152,-3.7318172
-0.0640365332365036,-4.253397,3.183041,3.359644,-0.16438243,0.41381365,-0.3511128,-1.6211114,-2.3070557
-0.1373753696680069,-1.6122329,4.906121,-0.29824004,-1.2942885,3.7973006,-3.3152294,-0.876029,-0.25905234
-0.0060958731919527,-2.4958305,1.2639347,1.5389626,-3.911842,3.5787861,0.0983336,-1.3214915,-3.0452483
0.0757085755467414,-2.2909548,-0.0149405375,1.0136995,-0.53501767,3.9590485,-4.0671434,-0.7809654,-4.066347
0.0001757331192493,-2.1954405,1.4055277,1.7127793,-4.530243,3.5295634,0.10238145,-1.5130644,-3.038738
-0.0003111817932222,-2.060167,1.2715331,1.2044024,-4.4259143,3.1862147,-0.11053006,-1.8031118,-3.2715173
-0.0024622420314699,-2.438717,1.2185496,1.5879245,-4.292207,3.3604136,-0.20930307,-1.7182972,-3.0556777
-0.074410930275917,-3.3770082,3.0092638,3.411791,-0.62909114,0.31800824,-0.40568703,-2.79453,-2.720666
0.0542597435414791,-2.0063448,-0.44922823,1.1167167,-0.89641917,4.126978,-3.9434278,-0.74493116,-4.212702
0.0,-4.1704297,2.9258592,2.1479452,-3.9484653,2.0697358,0.56856704,1.162747,-2.733225
-0.0784478858113288,-2.3479517,2.8914638,1.5089834,-1.4215641,0.40059474,-2.77306,-4.66917,-1.501457
-0.0595272704958915,-4.107356,3.555264,3.8602076,0.57211584,0.60740495,-0.30470794,-1.8806771,-2.660215
0.0683249682188034,-0.5574398,1.3245007,4.246254,-2.586541,1.1884317,-4.2789083,-0.17467526,-1.5253916
-0.2309493720531463,-0.97690547,4.5984497,-0.02538931,-2.455319,3.1981373,-3.8906193,-2.0452793,0.8128965
-0.0599378272891044,-2.6419864,3.0504255,2.1077662,-0.8278246,0.20774785,-1.5028882,-3.9341717,-2.3212538
0.0628833323717117,-2.053778,-0.2775446,1.2961091,-0.22868708,3.5466063,-3.9432774,-0.769568,-3.9689722
-0.1014145016670227,-2.6627507,3.3632376,0.68095773,-2.9382703,1.7802848,-3.1329803,-2.0307937,-0.29055774
0.1315153986215591,-1.922721,-0.2551203,1.4028763,-0.5995655,3.4386876,-4.3451056,-0.6974795,-3.9527302
0.0562705174088478,-1.8316556,-0.19580355,1.4323672,-0.96731585,3.3419588,-3.7003636,-0.802863,-4.0619154
-0.0831485912203788,-2.390808,3.1553552,1.727669,-0.7994256,0.15475596,-2.3728323,-4.2809863,-1.9042476
-0.0030322165694087,-3.9473274,2.855052,2.2062042,-4.018409,1.9415498,0.63652074,1.3396403,-2.8421493
0.0,-2.6085925,1.0347118,-0.21793303,-2.878779,3.2296436,-1.4479082,-2.418309,-3.8682623
0.0490386337041854,-0.54331064,1.4350452,4.9343567,-2.6638205,1.3331895,-3.8936865,0.07993467,-1.1528779
-0.051121812313795,-2.6128201,3.0709329,1.621011,-1.5320501,0.74145144,-2.4314713,-4.6795187,-1.0761911
-0.0827542021870613,-2.9901173,3.048802,1.8501259,-1.1102612,0.3288523,-1.8053486,-3.7794712,-1.18888
0.2171203345060348,-1.3100207,3.4880788,1.7916787,-1.2955675,-0.080033645,-4.2792215,-0.3814757,-2.8861718
-0.0755436867475509,-2.6880221,3.156279,1.7797983,-0.90552795,0.2382652,-1.95331,-4.352725,-1.7983127
0.086794726550579,-0.6325108,1.2066821,3.6735241,-2.2322376,1.4894674,-4.317144,-0.1002913,-1.7098387
